group,group_zh,order_type,run_id,step,new_class_id,new_class,class_id,class_name,class_label,accuracy,is_forgotten_so_far,is_newly_forgotten,is_target_class
large_omnivores_and_herbivores,大型雜食/草食動物,official,large_omni_official_seed1_k5,1,15,駱駝 / camel (15),0,apple,apple (0),87.0,False,False,False
large_omnivores_and_herbivores,大型雜食/草食動物,official,large_omni_official_seed1_k5,1,15,駱駝 / camel (15),1,aquarium_fish,aquarium_fish (1),79.0,False,False,False
large_omnivores_and_herbivores,大型雜食/草食動物,official,large_omni_official_seed1_k5,1,15,駱駝 / camel (15),2,baby,baby (2),57.0,False,False,False
large_omnivores_and_herbivores,大型雜食/草食動物,official,large_omni_official_seed1_k5,1,15,駱駝 / camel (15),3,bear,bear (3),50.0,False,False,False
large_omnivores_and_herbivores,大型雜食/草食動物,official,large_omni_official_seed1_k5,1,15,駱駝 / camel (15),4,beaver,beaver (4),52.0,False,False,False
large_omnivores_and_herbivores,大型雜食/草食動物,official,large_omni_official_seed1_k5,1,15,駱駝 / camel (15),5,bed,bed (5),67.0,False,False,False
large_omnivores_and_herbivores,大型雜食/草食動物,official,large_omni_official_seed1_k5,1,15,駱駝 / camel (15),6,bee,bee (6),74.0,False,False,False
large_omnivores_and_herbivores,大型雜食/草食動物,official,large_omni_official_seed1_k5,1,15,駱駝 / camel (15),7,beetle,beetle (7),77.0,False,False,False
large_omnivores_and_herbivores,大型雜食/草食動物,official,large_omni_official_seed1_k5,1,15,駱駝 / camel (15),8,bicycle,腳踏車 / bicycle (8),82.0,False,False,False
large_omnivores_and_herbivores,大型雜食/草食動物,official,large_omni_official_seed1_k5,1,15,駱駝 / camel (15),9,bottle,bottle (9),80.0,False,False,False
large_omnivores_and_herbivores,大型雜食/草食動物,official,large_omni_official_seed1_k5,1,15,駱駝 / camel (15),10,bowl,bowl (10),44.0,False,False,False
large_omnivores_and_herbivores,大型雜食/草食動物,official,large_omni_official_seed1_k5,1,15,駱駝 / camel (15),11,boy,boy (11),46.0,False,False,False
large_omnivores_and_herbivores,大型雜食/草食動物,official,large_omni_official_seed1_k5,1,15,駱駝 / camel (15),12,bridge,bridge (12),79.0,False,False,False
large_omnivores_and_herbivores,大型雜食/草食動物,official,large_omni_official_seed1_k5,1,15,駱駝 / camel (15),13,bus,公車 / bus (13),67.0,False,False,False
large_omnivores_and_herbivores,大型雜食/草食動物,official,large_omni_official_seed1_k5,1,15,駱駝 / camel (15),14,butterfly,butterfly (14),55.0,False,False,False
large_omnivores_and_herbivores,大型雜食/草食動物,official,large_omni_official_seed1_k5,1,15,駱駝 / camel (15),15,camel,駱駝 / camel (15),0.0,True,True,True
large_omnivores_and_herbivores,大型雜食/草食動物,official,large_omni_official_seed1_k5,1,15,駱駝 / camel (15),16,can,can (16),79.0,False,False,False
large_omnivores_and_herbivores,大型雜食/草食動物,official,large_omni_official_seed1_k5,1,15,駱駝 / camel (15),17,castle,castle (17),78.0,False,False,False
large_omnivores_and_herbivores,大型雜食/草食動物,official,large_omni_official_seed1_k5,1,15,駱駝 / camel (15),18,caterpillar,caterpillar (18),61.0,False,False,False
large_omnivores_and_herbivores,大型雜食/草食動物,official,large_omni_official_seed1_k5,1,15,駱駝 / camel (15),19,cattle,牛 / cattle (19),67.0,False,False,True
large_omnivores_and_herbivores,大型雜食/草食動物,official,large_omni_official_seed1_k5,1,15,駱駝 / camel (15),20,chair,chair (20),86.0,False,False,False
large_omnivores_and_herbivores,大型雜食/草食動物,official,large_omni_official_seed1_k5,1,15,駱駝 / camel (15),21,chimpanzee,黑猩猩 / chimpanzee (21),85.0,False,False,True
large_omnivores_and_herbivores,大型雜食/草食動物,official,large_omni_official_seed1_k5,1,15,駱駝 / camel (15),22,clock,clock (22),66.0,False,False,False
large_omnivores_and_herbivores,大型雜食/草食動物,official,large_omni_official_seed1_k5,1,15,駱駝 / camel (15),23,cloud,cloud (23),81.0,False,False,False
large_omnivores_and_herbivores,大型雜食/草食動物,official,large_omni_official_seed1_k5,1,15,駱駝 / camel (15),24,cockroach,cockroach (24),79.0,False,False,False
large_omnivores_and_herbivores,大型雜食/草食動物,official,large_omni_official_seed1_k5,1,15,駱駝 / camel (15),25,couch,couch (25),56.0,False,False,False
large_omnivores_and_herbivores,大型雜食/草食動物,official,large_omni_official_seed1_k5,1,15,駱駝 / camel (15),26,crab,crab (26),61.0,False,False,False
large_omnivores_and_herbivores,大型雜食/草食動物,official,large_omni_official_seed1_k5,1,15,駱駝 / camel (15),27,crocodile,crocodile (27),53.0,False,False,False
large_omnivores_and_herbivores,大型雜食/草食動物,official,large_omni_official_seed1_k5,1,15,駱駝 / camel (15),28,cup,cup (28),74.0,False,False,False
large_omnivores_and_herbivores,大型雜食/草食動物,official,large_omni_official_seed1_k5,1,15,駱駝 / camel (15),29,dinosaur,dinosaur (29),61.0,False,False,False
large_omnivores_and_herbivores,大型雜食/草食動物,official,large_omni_official_seed1_k5,1,15,駱駝 / camel (15),30,dolphin,dolphin (30),67.0,False,False,False
large_omnivores_and_herbivores,大型雜食/草食動物,official,large_omni_official_seed1_k5,1,15,駱駝 / camel (15),31,elephant,大象 / elephant (31),65.0,False,False,True
large_omnivores_and_herbivores,大型雜食/草食動物,official,large_omni_official_seed1_k5,1,15,駱駝 / camel (15),32,flatfish,flatfish (32),63.0,False,False,False
large_omnivores_and_herbivores,大型雜食/草食動物,official,large_omni_official_seed1_k5,1,15,駱駝 / camel (15),33,forest,forest (33),58.0,False,False,False
large_omnivores_and_herbivores,大型雜食/草食動物,official,large_omni_official_seed1_k5,1,15,駱駝 / camel (15),34,fox,fox (34),73.0,False,False,False
large_omnivores_and_herbivores,大型雜食/草食動物,official,large_omni_official_seed1_k5,1,15,駱駝 / camel (15),35,girl,girl (35),49.0,False,False,False
large_omnivores_and_herbivores,大型雜食/草食動物,official,large_omni_official_seed1_k5,1,15,駱駝 / camel (15),36,hamster,hamster (36),81.0,False,False,False
large_omnivores_and_herbivores,大型雜食/草食動物,official,large_omni_official_seed1_k5,1,15,駱駝 / camel (15),37,house,house (37),80.0,False,False,False
large_omnivores_and_herbivores,大型雜食/草食動物,official,large_omni_official_seed1_k5,1,15,駱駝 / camel (15),38,kangaroo,袋鼠 / kangaroo (38),64.0,False,False,True
large_omnivores_and_herbivores,大型雜食/草食動物,official,large_omni_official_seed1_k5,1,15,駱駝 / camel (15),39,keyboard,keyboard (39),79.0,False,False,False
large_omnivores_and_herbivores,大型雜食/草食動物,official,large_omni_official_seed1_k5,1,15,駱駝 / camel (15),40,lamp,lamp (40),60.0,False,False,False
large_omnivores_and_herbivores,大型雜食/草食動物,official,large_omni_official_seed1_k5,1,15,駱駝 / camel (15),41,lawn_mower,lawn_mower (41),87.0,False,False,False
large_omnivores_and_herbivores,大型雜食/草食動物,official,large_omni_official_seed1_k5,1,15,駱駝 / camel (15),42,leopard,leopard (42),73.0,False,False,False
large_omnivores_and_herbivores,大型雜食/草食動物,official,large_omni_official_seed1_k5,1,15,駱駝 / camel (15),43,lion,lion (43),84.0,False,False,False
large_omnivores_and_herbivores,大型雜食/草食動物,official,large_omni_official_seed1_k5,1,15,駱駝 / camel (15),44,lizard,lizard (44),48.0,False,False,False
large_omnivores_and_herbivores,大型雜食/草食動物,official,large_omni_official_seed1_k5,1,15,駱駝 / camel (15),45,lobster,lobster (45),63.0,False,False,False
large_omnivores_and_herbivores,大型雜食/草食動物,official,large_omni_official_seed1_k5,1,15,駱駝 / camel (15),46,man,man (46),44.0,False,False,False
large_omnivores_and_herbivores,大型雜食/草食動物,official,large_omni_official_seed1_k5,1,15,駱駝 / camel (15),47,maple_tree,maple_tree (47),67.0,False,False,False
large_omnivores_and_herbivores,大型雜食/草食動物,official,large_omni_official_seed1_k5,1,15,駱駝 / camel (15),48,motorcycle,摩托車 / motorcycle (48),93.0,False,False,False
large_omnivores_and_herbivores,大型雜食/草食動物,official,large_omni_official_seed1_k5,1,15,駱駝 / camel (15),49,mountain,mountain (49),83.0,False,False,False
large_omnivores_and_herbivores,大型雜食/草食動物,official,large_omni_official_seed1_k5,1,15,駱駝 / camel (15),50,mouse,mouse (50),53.0,False,False,False
large_omnivores_and_herbivores,大型雜食/草食動物,official,large_omni_official_seed1_k5,1,15,駱駝 / camel (15),51,mushroom,mushroom (51),71.0,False,False,False
large_omnivores_and_herbivores,大型雜食/草食動物,official,large_omni_official_seed1_k5,1,15,駱駝 / camel (15),52,oak_tree,oak_tree (52),65.0,False,False,False
large_omnivores_and_herbivores,大型雜食/草食動物,official,large_omni_official_seed1_k5,1,15,駱駝 / camel (15),53,orange,orange (53),88.0,False,False,False
large_omnivores_and_herbivores,大型雜食/草食動物,official,large_omni_official_seed1_k5,1,15,駱駝 / camel (15),54,orchid,蘭花 / orchid (54),81.0,False,False,False
large_omnivores_and_herbivores,大型雜食/草食動物,official,large_omni_official_seed1_k5,1,15,駱駝 / camel (15),55,otter,otter (55),39.0,False,False,False
large_omnivores_and_herbivores,大型雜食/草食動物,official,large_omni_official_seed1_k5,1,15,駱駝 / camel (15),56,palm_tree,palm_tree (56),85.0,False,False,False
large_omnivores_and_herbivores,大型雜食/草食動物,official,large_omni_official_seed1_k5,1,15,駱駝 / camel (15),57,pear,pear (57),77.0,False,False,False
large_omnivores_and_herbivores,大型雜食/草食動物,official,large_omni_official_seed1_k5,1,15,駱駝 / camel (15),58,pickup_truck,皮卡車 / pickup_truck (58),85.0,False,False,False
large_omnivores_and_herbivores,大型雜食/草食動物,official,large_omni_official_seed1_k5,1,15,駱駝 / camel (15),59,pine_tree,pine_tree (59),71.0,False,False,False
large_omnivores_and_herbivores,大型雜食/草食動物,official,large_omni_official_seed1_k5,1,15,駱駝 / camel (15),60,plain,plain (60),86.0,False,False,False
large_omnivores_and_herbivores,大型雜食/草食動物,official,large_omni_official_seed1_k5,1,15,駱駝 / camel (15),61,plate,plate (61),65.0,False,False,False
large_omnivores_and_herbivores,大型雜食/草食動物,official,large_omni_official_seed1_k5,1,15,駱駝 / camel (15),62,poppy,罌粟花 / poppy (62),82.0,False,False,False
large_omnivores_and_herbivores,大型雜食/草食動物,official,large_omni_official_seed1_k5,1,15,駱駝 / camel (15),63,porcupine,porcupine (63),72.0,False,False,False
large_omnivores_and_herbivores,大型雜食/草食動物,official,large_omni_official_seed1_k5,1,15,駱駝 / camel (15),64,possum,possum (64),54.0,False,False,False
large_omnivores_and_herbivores,大型雜食/草食動物,official,large_omni_official_seed1_k5,1,15,駱駝 / camel (15),65,rabbit,rabbit (65),59.0,False,False,False
large_omnivores_and_herbivores,大型雜食/草食動物,official,large_omni_official_seed1_k5,1,15,駱駝 / camel (15),66,raccoon,raccoon (66),77.0,False,False,False
large_omnivores_and_herbivores,大型雜食/草食動物,official,large_omni_official_seed1_k5,1,15,駱駝 / camel (15),67,ray,ray (67),56.0,False,False,False
large_omnivores_and_herbivores,大型雜食/草食動物,official,large_omni_official_seed1_k5,1,15,駱駝 / camel (15),68,road,road (68),94.0,False,False,False
large_omnivores_and_herbivores,大型雜食/草食動物,official,large_omni_official_seed1_k5,1,15,駱駝 / camel (15),69,rocket,rocket (69),79.0,False,False,False
large_omnivores_and_herbivores,大型雜食/草食動物,official,large_omni_official_seed1_k5,1,15,駱駝 / camel (15),70,rose,玫瑰 / rose (70),71.0,False,False,False
large_omnivores_and_herbivores,大型雜食/草食動物,official,large_omni_official_seed1_k5,1,15,駱駝 / camel (15),71,sea,sea (71),78.0,False,False,False
large_omnivores_and_herbivores,大型雜食/草食動物,official,large_omni_official_seed1_k5,1,15,駱駝 / camel (15),72,seal,seal (72),41.0,False,False,False
large_omnivores_and_herbivores,大型雜食/草食動物,official,large_omni_official_seed1_k5,1,15,駱駝 / camel (15),73,shark,shark (73),56.0,False,False,False
large_omnivores_and_herbivores,大型雜食/草食動物,official,large_omni_official_seed1_k5,1,15,駱駝 / camel (15),74,shrew,shrew (74),49.0,False,False,False
large_omnivores_and_herbivores,大型雜食/草食動物,official,large_omni_official_seed1_k5,1,15,駱駝 / camel (15),75,skunk,skunk (75),92.0,False,False,False
large_omnivores_and_herbivores,大型雜食/草食動物,official,large_omni_official_seed1_k5,1,15,駱駝 / camel (15),76,skyscraper,skyscraper (76),89.0,False,False,False
large_omnivores_and_herbivores,大型雜食/草食動物,official,large_omni_official_seed1_k5,1,15,駱駝 / camel (15),77,snail,snail (77),64.0,False,False,False
large_omnivores_and_herbivores,大型雜食/草食動物,official,large_omni_official_seed1_k5,1,15,駱駝 / camel (15),78,snake,snake (78),61.0,False,False,False
large_omnivores_and_herbivores,大型雜食/草食動物,official,large_omni_official_seed1_k5,1,15,駱駝 / camel (15),79,spider,spider (79),72.0,False,False,False
large_omnivores_and_herbivores,大型雜食/草食動物,official,large_omni_official_seed1_k5,1,15,駱駝 / camel (15),80,squirrel,squirrel (80),54.0,False,False,False
large_omnivores_and_herbivores,大型雜食/草食動物,official,large_omni_official_seed1_k5,1,15,駱駝 / camel (15),81,streetcar,streetcar (81),75.0,False,False,False
large_omnivores_and_herbivores,大型雜食/草食動物,official,large_omni_official_seed1_k5,1,15,駱駝 / camel (15),82,sunflower,向日葵 / sunflower (82),92.0,False,False,False
large_omnivores_and_herbivores,大型雜食/草食動物,official,large_omni_official_seed1_k5,1,15,駱駝 / camel (15),83,sweet_pepper,sweet_pepper (83),65.0,False,False,False
large_omnivores_and_herbivores,大型雜食/草食動物,official,large_omni_official_seed1_k5,1,15,駱駝 / camel (15),84,table,table (84),66.0,False,False,False
large_omnivores_and_herbivores,大型雜食/草食動物,official,large_omni_official_seed1_k5,1,15,駱駝 / camel (15),85,tank,tank (85),71.0,False,False,False
large_omnivores_and_herbivores,大型雜食/草食動物,official,large_omni_official_seed1_k5,1,15,駱駝 / camel (15),86,telephone,telephone (86),68.0,False,False,False
large_omnivores_and_herbivores,大型雜食/草食動物,official,large_omni_official_seed1_k5,1,15,駱駝 / camel (15),87,television,television (87),77.0,False,False,False
large_omnivores_and_herbivores,大型雜食/草食動物,official,large_omni_official_seed1_k5,1,15,駱駝 / camel (15),88,tiger,tiger (88),79.0,False,False,False
large_omnivores_and_herbivores,大型雜食/草食動物,official,large_omni_official_seed1_k5,1,15,駱駝 / camel (15),89,tractor,tractor (89),84.0,False,False,False
large_omnivores_and_herbivores,大型雜食/草食動物,official,large_omni_official_seed1_k5,1,15,駱駝 / camel (15),90,train,火車 / train (90),84.0,False,False,False
large_omnivores_and_herbivores,大型雜食/草食動物,official,large_omni_official_seed1_k5,1,15,駱駝 / camel (15),91,trout,trout (91),77.0,False,False,False
large_omnivores_and_herbivores,大型雜食/草食動物,official,large_omni_official_seed1_k5,1,15,駱駝 / camel (15),92,tulip,鬱金香 / tulip (92),61.0,False,False,False
large_omnivores_and_herbivores,大型雜食/草食動物,official,large_omni_official_seed1_k5,1,15,駱駝 / camel (15),93,turtle,turtle (93),55.0,False,False,False
large_omnivores_and_herbivores,大型雜食/草食動物,official,large_omni_official_seed1_k5,1,15,駱駝 / camel (15),94,wardrobe,wardrobe (94),92.0,False,False,False
large_omnivores_and_herbivores,大型雜食/草食動物,official,large_omni_official_seed1_k5,1,15,駱駝 / camel (15),95,whale,whale (95),73.0,False,False,False
large_omnivores_and_herbivores,大型雜食/草食動物,official,large_omni_official_seed1_k5,1,15,駱駝 / camel (15),96,willow_tree,willow_tree (96),62.0,False,False,False
large_omnivores_and_herbivores,大型雜食/草食動物,official,large_omni_official_seed1_k5,1,15,駱駝 / camel (15),97,wolf,wolf (97),74.0,False,False,False
large_omnivores_and_herbivores,大型雜食/草食動物,official,large_omni_official_seed1_k5,1,15,駱駝 / camel (15),98,woman,woman (98),53.0,False,False,False
large_omnivores_and_herbivores,大型雜食/草食動物,official,large_omni_official_seed1_k5,1,15,駱駝 / camel (15),99,worm,worm (99),73.0,False,False,False
large_omnivores_and_herbivores,大型雜食/草食動物,official,large_omni_official_seed1_k5,2,19,牛 / cattle (19),0,apple,apple (0),88.0,False,False,False
large_omnivores_and_herbivores,大型雜食/草食動物,official,large_omni_official_seed1_k5,2,19,牛 / cattle (19),1,aquarium_fish,aquarium_fish (1),79.0,False,False,False
large_omnivores_and_herbivores,大型雜食/草食動物,official,large_omni_official_seed1_k5,2,19,牛 / cattle (19),2,baby,baby (2),57.0,False,False,False
large_omnivores_and_herbivores,大型雜食/草食動物,official,large_omni_official_seed1_k5,2,19,牛 / cattle (19),3,bear,bear (3),53.0,False,False,False
large_omnivores_and_herbivores,大型雜食/草食動物,official,large_omni_official_seed1_k5,2,19,牛 / cattle (19),4,beaver,beaver (4),62.0,False,False,False
large_omnivores_and_herbivores,大型雜食/草食動物,official,large_omni_official_seed1_k5,2,19,牛 / cattle (19),5,bed,bed (5),65.0,False,False,False
large_omnivores_and_herbivores,大型雜食/草食動物,official,large_omni_official_seed1_k5,2,19,牛 / cattle (19),6,bee,bee (6),76.0,False,False,False
large_omnivores_and_herbivores,大型雜食/草食動物,official,large_omni_official_seed1_k5,2,19,牛 / cattle (19),7,beetle,beetle (7),75.0,False,False,False
large_omnivores_and_herbivores,大型雜食/草食動物,official,large_omni_official_seed1_k5,2,19,牛 / cattle (19),8,bicycle,腳踏車 / bicycle (8),79.0,False,False,False
large_omnivores_and_herbivores,大型雜食/草食動物,official,large_omni_official_seed1_k5,2,19,牛 / cattle (19),9,bottle,bottle (9),76.0,False,False,False
large_omnivores_and_herbivores,大型雜食/草食動物,official,large_omni_official_seed1_k5,2,19,牛 / cattle (19),10,bowl,bowl (10),45.0,False,False,False
large_omnivores_and_herbivores,大型雜食/草食動物,official,large_omni_official_seed1_k5,2,19,牛 / cattle (19),11,boy,boy (11),47.0,False,False,False
large_omnivores_and_herbivores,大型雜食/草食動物,official,large_omni_official_seed1_k5,2,19,牛 / cattle (19),12,bridge,bridge (12),80.0,False,False,False
large_omnivores_and_herbivores,大型雜食/草食動物,official,large_omni_official_seed1_k5,2,19,牛 / cattle (19),13,bus,公車 / bus (13),65.0,False,False,False
large_omnivores_and_herbivores,大型雜食/草食動物,official,large_omni_official_seed1_k5,2,19,牛 / cattle (19),14,butterfly,butterfly (14),56.0,False,False,False
large_omnivores_and_herbivores,大型雜食/草食動物,official,large_omni_official_seed1_k5,2,19,牛 / cattle (19),15,camel,駱駝 / camel (15),0.0,True,False,True
large_omnivores_and_herbivores,大型雜食/草食動物,official,large_omni_official_seed1_k5,2,19,牛 / cattle (19),16,can,can (16),77.0,False,False,False
large_omnivores_and_herbivores,大型雜食/草食動物,official,large_omni_official_seed1_k5,2,19,牛 / cattle (19),17,castle,castle (17),83.0,False,False,False
large_omnivores_and_herbivores,大型雜食/草食動物,official,large_omni_official_seed1_k5,2,19,牛 / cattle (19),18,caterpillar,caterpillar (18),64.0,False,False,False
large_omnivores_and_herbivores,大型雜食/草食動物,official,large_omni_official_seed1_k5,2,19,牛 / cattle (19),19,cattle,牛 / cattle (19),0.0,True,True,True
large_omnivores_and_herbivores,大型雜食/草食動物,official,large_omni_official_seed1_k5,2,19,牛 / cattle (19),20,chair,chair (20),86.0,False,False,False
large_omnivores_and_herbivores,大型雜食/草食動物,official,large_omni_official_seed1_k5,2,19,牛 / cattle (19),21,chimpanzee,黑猩猩 / chimpanzee (21),87.0,False,False,True
large_omnivores_and_herbivores,大型雜食/草食動物,official,large_omni_official_seed1_k5,2,19,牛 / cattle (19),22,clock,clock (22),66.0,False,False,False
large_omnivores_and_herbivores,大型雜食/草食動物,official,large_omni_official_seed1_k5,2,19,牛 / cattle (19),23,cloud,cloud (23),81.0,False,False,False
large_omnivores_and_herbivores,大型雜食/草食動物,official,large_omni_official_seed1_k5,2,19,牛 / cattle (19),24,cockroach,cockroach (24),82.0,False,False,False
large_omnivores_and_herbivores,大型雜食/草食動物,official,large_omni_official_seed1_k5,2,19,牛 / cattle (19),25,couch,couch (25),60.0,False,False,False
large_omnivores_and_herbivores,大型雜食/草食動物,official,large_omni_official_seed1_k5,2,19,牛 / cattle (19),26,crab,crab (26),62.0,False,False,False
large_omnivores_and_herbivores,大型雜食/草食動物,official,large_omni_official_seed1_k5,2,19,牛 / cattle (19),27,crocodile,crocodile (27),53.0,False,False,False
large_omnivores_and_herbivores,大型雜食/草食動物,official,large_omni_official_seed1_k5,2,19,牛 / cattle (19),28,cup,cup (28),75.0,False,False,False
large_omnivores_and_herbivores,大型雜食/草食動物,official,large_omni_official_seed1_k5,2,19,牛 / cattle (19),29,dinosaur,dinosaur (29),65.0,False,False,False
large_omnivores_and_herbivores,大型雜食/草食動物,official,large_omni_official_seed1_k5,2,19,牛 / cattle (19),30,dolphin,dolphin (30),71.0,False,False,False
large_omnivores_and_herbivores,大型雜食/草食動物,official,large_omni_official_seed1_k5,2,19,牛 / cattle (19),31,elephant,大象 / elephant (31),70.0,False,False,True
large_omnivores_and_herbivores,大型雜食/草食動物,official,large_omni_official_seed1_k5,2,19,牛 / cattle (19),32,flatfish,flatfish (32),60.0,False,False,False
large_omnivores_and_herbivores,大型雜食/草食動物,official,large_omni_official_seed1_k5,2,19,牛 / cattle (19),33,forest,forest (33),60.0,False,False,False
large_omnivores_and_herbivores,大型雜食/草食動物,official,large_omni_official_seed1_k5,2,19,牛 / cattle (19),34,fox,fox (34),74.0,False,False,False
large_omnivores_and_herbivores,大型雜食/草食動物,official,large_omni_official_seed1_k5,2,19,牛 / cattle (19),35,girl,girl (35),50.0,False,False,False
large_omnivores_and_herbivores,大型雜食/草食動物,official,large_omni_official_seed1_k5,2,19,牛 / cattle (19),36,hamster,hamster (36),82.0,False,False,False
large_omnivores_and_herbivores,大型雜食/草食動物,official,large_omni_official_seed1_k5,2,19,牛 / cattle (19),37,house,house (37),78.0,False,False,False
large_omnivores_and_herbivores,大型雜食/草食動物,official,large_omni_official_seed1_k5,2,19,牛 / cattle (19),38,kangaroo,袋鼠 / kangaroo (38),65.0,False,False,True
large_omnivores_and_herbivores,大型雜食/草食動物,official,large_omni_official_seed1_k5,2,19,牛 / cattle (19),39,keyboard,keyboard (39),78.0,False,False,False
large_omnivores_and_herbivores,大型雜食/草食動物,official,large_omni_official_seed1_k5,2,19,牛 / cattle (19),40,lamp,lamp (40),62.0,False,False,False
large_omnivores_and_herbivores,大型雜食/草食動物,official,large_omni_official_seed1_k5,2,19,牛 / cattle (19),41,lawn_mower,lawn_mower (41),86.0,False,False,False
large_omnivores_and_herbivores,大型雜食/草食動物,official,large_omni_official_seed1_k5,2,19,牛 / cattle (19),42,leopard,leopard (42),76.0,False,False,False
large_omnivores_and_herbivores,大型雜食/草食動物,official,large_omni_official_seed1_k5,2,19,牛 / cattle (19),43,lion,lion (43),83.0,False,False,False
large_omnivores_and_herbivores,大型雜食/草食動物,official,large_omni_official_seed1_k5,2,19,牛 / cattle (19),44,lizard,lizard (44),47.0,False,False,False
large_omnivores_and_herbivores,大型雜食/草食動物,official,large_omni_official_seed1_k5,2,19,牛 / cattle (19),45,lobster,lobster (45),62.0,False,False,False
large_omnivores_and_herbivores,大型雜食/草食動物,official,large_omni_official_seed1_k5,2,19,牛 / cattle (19),46,man,man (46),49.0,False,False,False
large_omnivores_and_herbivores,大型雜食/草食動物,official,large_omni_official_seed1_k5,2,19,牛 / cattle (19),47,maple_tree,maple_tree (47),64.0,False,False,False
large_omnivores_and_herbivores,大型雜食/草食動物,official,large_omni_official_seed1_k5,2,19,牛 / cattle (19),48,motorcycle,摩托車 / motorcycle (48),91.0,False,False,False
large_omnivores_and_herbivores,大型雜食/草食動物,official,large_omni_official_seed1_k5,2,19,牛 / cattle (19),49,mountain,mountain (49),80.0,False,False,False
large_omnivores_and_herbivores,大型雜食/草食動物,official,large_omni_official_seed1_k5,2,19,牛 / cattle (19),50,mouse,mouse (50),54.0,False,False,False
large_omnivores_and_herbivores,大型雜食/草食動物,official,large_omni_official_seed1_k5,2,19,牛 / cattle (19),51,mushroom,mushroom (51),72.0,False,False,False
large_omnivores_and_herbivores,大型雜食/草食動物,official,large_omni_official_seed1_k5,2,19,牛 / cattle (19),52,oak_tree,oak_tree (52),66.0,False,False,False
large_omnivores_and_herbivores,大型雜食/草食動物,official,large_omni_official_seed1_k5,2,19,牛 / cattle (19),53,orange,orange (53),89.0,False,False,False
large_omnivores_and_herbivores,大型雜食/草食動物,official,large_omni_official_seed1_k5,2,19,牛 / cattle (19),54,orchid,蘭花 / orchid (54),82.0,False,False,False
large_omnivores_and_herbivores,大型雜食/草食動物,official,large_omni_official_seed1_k5,2,19,牛 / cattle (19),55,otter,otter (55),44.0,False,False,False
large_omnivores_and_herbivores,大型雜食/草食動物,official,large_omni_official_seed1_k5,2,19,牛 / cattle (19),56,palm_tree,palm_tree (56),86.0,False,False,False
large_omnivores_and_herbivores,大型雜食/草食動物,official,large_omni_official_seed1_k5,2,19,牛 / cattle (19),57,pear,pear (57),76.0,False,False,False
large_omnivores_and_herbivores,大型雜食/草食動物,official,large_omni_official_seed1_k5,2,19,牛 / cattle (19),58,pickup_truck,皮卡車 / pickup_truck (58),84.0,False,False,False
large_omnivores_and_herbivores,大型雜食/草食動物,official,large_omni_official_seed1_k5,2,19,牛 / cattle (19),59,pine_tree,pine_tree (59),72.0,False,False,False
large_omnivores_and_herbivores,大型雜食/草食動物,official,large_omni_official_seed1_k5,2,19,牛 / cattle (19),60,plain,plain (60),87.0,False,False,False
large_omnivores_and_herbivores,大型雜食/草食動物,official,large_omni_official_seed1_k5,2,19,牛 / cattle (19),61,plate,plate (61),66.0,False,False,False
large_omnivores_and_herbivores,大型雜食/草食動物,official,large_omni_official_seed1_k5,2,19,牛 / cattle (19),62,poppy,罌粟花 / poppy (62),81.0,False,False,False
large_omnivores_and_herbivores,大型雜食/草食動物,official,large_omni_official_seed1_k5,2,19,牛 / cattle (19),63,porcupine,porcupine (63),72.0,False,False,False
large_omnivores_and_herbivores,大型雜食/草食動物,official,large_omni_official_seed1_k5,2,19,牛 / cattle (19),64,possum,possum (64),50.0,False,False,False
large_omnivores_and_herbivores,大型雜食/草食動物,official,large_omni_official_seed1_k5,2,19,牛 / cattle (19),65,rabbit,rabbit (65),55.0,False,False,False
large_omnivores_and_herbivores,大型雜食/草食動物,official,large_omni_official_seed1_k5,2,19,牛 / cattle (19),66,raccoon,raccoon (66),80.0,False,False,False
large_omnivores_and_herbivores,大型雜食/草食動物,official,large_omni_official_seed1_k5,2,19,牛 / cattle (19),67,ray,ray (67),57.0,False,False,False
large_omnivores_and_herbivores,大型雜食/草食動物,official,large_omni_official_seed1_k5,2,19,牛 / cattle (19),68,road,road (68),94.0,False,False,False
large_omnivores_and_herbivores,大型雜食/草食動物,official,large_omni_official_seed1_k5,2,19,牛 / cattle (19),69,rocket,rocket (69),79.0,False,False,False
large_omnivores_and_herbivores,大型雜食/草食動物,official,large_omni_official_seed1_k5,2,19,牛 / cattle (19),70,rose,玫瑰 / rose (70),71.0,False,False,False
large_omnivores_and_herbivores,大型雜食/草食動物,official,large_omni_official_seed1_k5,2,19,牛 / cattle (19),71,sea,sea (71),80.0,False,False,False
large_omnivores_and_herbivores,大型雜食/草食動物,official,large_omni_official_seed1_k5,2,19,牛 / cattle (19),72,seal,seal (72),41.0,False,False,False
large_omnivores_and_herbivores,大型雜食/草食動物,official,large_omni_official_seed1_k5,2,19,牛 / cattle (19),73,shark,shark (73),59.0,False,False,False
large_omnivores_and_herbivores,大型雜食/草食動物,official,large_omni_official_seed1_k5,2,19,牛 / cattle (19),74,shrew,shrew (74),51.0,False,False,False
large_omnivores_and_herbivores,大型雜食/草食動物,official,large_omni_official_seed1_k5,2,19,牛 / cattle (19),75,skunk,skunk (75),86.0,False,False,False
large_omnivores_and_herbivores,大型雜食/草食動物,official,large_omni_official_seed1_k5,2,19,牛 / cattle (19),76,skyscraper,skyscraper (76),88.0,False,False,False
large_omnivores_and_herbivores,大型雜食/草食動物,official,large_omni_official_seed1_k5,2,19,牛 / cattle (19),77,snail,snail (77),64.0,False,False,False
large_omnivores_and_herbivores,大型雜食/草食動物,official,large_omni_official_seed1_k5,2,19,牛 / cattle (19),78,snake,snake (78),62.0,False,False,False
large_omnivores_and_herbivores,大型雜食/草食動物,official,large_omni_official_seed1_k5,2,19,牛 / cattle (19),79,spider,spider (79),75.0,False,False,False
large_omnivores_and_herbivores,大型雜食/草食動物,official,large_omni_official_seed1_k5,2,19,牛 / cattle (19),80,squirrel,squirrel (80),53.0,False,False,False
large_omnivores_and_herbivores,大型雜食/草食動物,official,large_omni_official_seed1_k5,2,19,牛 / cattle (19),81,streetcar,streetcar (81),73.0,False,False,False
large_omnivores_and_herbivores,大型雜食/草食動物,official,large_omni_official_seed1_k5,2,19,牛 / cattle (19),82,sunflower,向日葵 / sunflower (82),92.0,False,False,False
large_omnivores_and_herbivores,大型雜食/草食動物,official,large_omni_official_seed1_k5,2,19,牛 / cattle (19),83,sweet_pepper,sweet_pepper (83),69.0,False,False,False
large_omnivores_and_herbivores,大型雜食/草食動物,official,large_omni_official_seed1_k5,2,19,牛 / cattle (19),84,table,table (84),70.0,False,False,False
large_omnivores_and_herbivores,大型雜食/草食動物,official,large_omni_official_seed1_k5,2,19,牛 / cattle (19),85,tank,tank (85),70.0,False,False,False
large_omnivores_and_herbivores,大型雜食/草食動物,official,large_omni_official_seed1_k5,2,19,牛 / cattle (19),86,telephone,telephone (86),67.0,False,False,False
large_omnivores_and_herbivores,大型雜食/草食動物,official,large_omni_official_seed1_k5,2,19,牛 / cattle (19),87,television,television (87),79.0,False,False,False
large_omnivores_and_herbivores,大型雜食/草食動物,official,large_omni_official_seed1_k5,2,19,牛 / cattle (19),88,tiger,tiger (88),76.0,False,False,False
large_omnivores_and_herbivores,大型雜食/草食動物,official,large_omni_official_seed1_k5,2,19,牛 / cattle (19),89,tractor,tractor (89),85.0,False,False,False
large_omnivores_and_herbivores,大型雜食/草食動物,official,large_omni_official_seed1_k5,2,19,牛 / cattle (19),90,train,火車 / train (90),86.0,False,False,False
large_omnivores_and_herbivores,大型雜食/草食動物,official,large_omni_official_seed1_k5,2,19,牛 / cattle (19),91,trout,trout (91),77.0,False,False,False
large_omnivores_and_herbivores,大型雜食/草食動物,official,large_omni_official_seed1_k5,2,19,牛 / cattle (19),92,tulip,鬱金香 / tulip (92),63.0,False,False,False
large_omnivores_and_herbivores,大型雜食/草食動物,official,large_omni_official_seed1_k5,2,19,牛 / cattle (19),93,turtle,turtle (93),56.0,False,False,False
large_omnivores_and_herbivores,大型雜食/草食動物,official,large_omni_official_seed1_k5,2,19,牛 / cattle (19),94,wardrobe,wardrobe (94),91.0,False,False,False
large_omnivores_and_herbivores,大型雜食/草食動物,official,large_omni_official_seed1_k5,2,19,牛 / cattle (19),95,whale,whale (95),72.0,False,False,False
large_omnivores_and_herbivores,大型雜食/草食動物,official,large_omni_official_seed1_k5,2,19,牛 / cattle (19),96,willow_tree,willow_tree (96),65.0,False,False,False
large_omnivores_and_herbivores,大型雜食/草食動物,official,large_omni_official_seed1_k5,2,19,牛 / cattle (19),97,wolf,wolf (97),74.0,False,False,False
large_omnivores_and_herbivores,大型雜食/草食動物,official,large_omni_official_seed1_k5,2,19,牛 / cattle (19),98,woman,woman (98),53.0,False,False,False
large_omnivores_and_herbivores,大型雜食/草食動物,official,large_omni_official_seed1_k5,2,19,牛 / cattle (19),99,worm,worm (99),71.0,False,False,False
large_omnivores_and_herbivores,大型雜食/草食動物,official,large_omni_official_seed1_k5,3,21,黑猩猩 / chimpanzee (21),0,apple,apple (0),89.0,False,False,False
large_omnivores_and_herbivores,大型雜食/草食動物,official,large_omni_official_seed1_k5,3,21,黑猩猩 / chimpanzee (21),1,aquarium_fish,aquarium_fish (1),79.0,False,False,False
large_omnivores_and_herbivores,大型雜食/草食動物,official,large_omni_official_seed1_k5,3,21,黑猩猩 / chimpanzee (21),2,baby,baby (2),59.0,False,False,False
large_omnivores_and_herbivores,大型雜食/草食動物,official,large_omni_official_seed1_k5,3,21,黑猩猩 / chimpanzee (21),3,bear,bear (3),48.0,False,False,False
large_omnivores_and_herbivores,大型雜食/草食動物,official,large_omni_official_seed1_k5,3,21,黑猩猩 / chimpanzee (21),4,beaver,beaver (4),56.0,False,False,False
large_omnivores_and_herbivores,大型雜食/草食動物,official,large_omni_official_seed1_k5,3,21,黑猩猩 / chimpanzee (21),5,bed,bed (5),69.0,False,False,False
large_omnivores_and_herbivores,大型雜食/草食動物,official,large_omni_official_seed1_k5,3,21,黑猩猩 / chimpanzee (21),6,bee,bee (6),79.0,False,False,False
large_omnivores_and_herbivores,大型雜食/草食動物,official,large_omni_official_seed1_k5,3,21,黑猩猩 / chimpanzee (21),7,beetle,beetle (7),74.0,False,False,False
large_omnivores_and_herbivores,大型雜食/草食動物,official,large_omni_official_seed1_k5,3,21,黑猩猩 / chimpanzee (21),8,bicycle,腳踏車 / bicycle (8),83.0,False,False,False
large_omnivores_and_herbivores,大型雜食/草食動物,official,large_omni_official_seed1_k5,3,21,黑猩猩 / chimpanzee (21),9,bottle,bottle (9),78.0,False,False,False
large_omnivores_and_herbivores,大型雜食/草食動物,official,large_omni_official_seed1_k5,3,21,黑猩猩 / chimpanzee (21),10,bowl,bowl (10),48.0,False,False,False
large_omnivores_and_herbivores,大型雜食/草食動物,official,large_omni_official_seed1_k5,3,21,黑猩猩 / chimpanzee (21),11,boy,boy (11),48.0,False,False,False
large_omnivores_and_herbivores,大型雜食/草食動物,official,large_omni_official_seed1_k5,3,21,黑猩猩 / chimpanzee (21),12,bridge,bridge (12),79.0,False,False,False
large_omnivores_and_herbivores,大型雜食/草食動物,official,large_omni_official_seed1_k5,3,21,黑猩猩 / chimpanzee (21),13,bus,公車 / bus (13),67.0,False,False,False
large_omnivores_and_herbivores,大型雜食/草食動物,official,large_omni_official_seed1_k5,3,21,黑猩猩 / chimpanzee (21),14,butterfly,butterfly (14),57.0,False,False,False
large_omnivores_and_herbivores,大型雜食/草食動物,official,large_omni_official_seed1_k5,3,21,黑猩猩 / chimpanzee (21),15,camel,駱駝 / camel (15),0.0,True,False,True
large_omnivores_and_herbivores,大型雜食/草食動物,official,large_omni_official_seed1_k5,3,21,黑猩猩 / chimpanzee (21),16,can,can (16),77.0,False,False,False
large_omnivores_and_herbivores,大型雜食/草食動物,official,large_omni_official_seed1_k5,3,21,黑猩猩 / chimpanzee (21),17,castle,castle (17),78.0,False,False,False
large_omnivores_and_herbivores,大型雜食/草食動物,official,large_omni_official_seed1_k5,3,21,黑猩猩 / chimpanzee (21),18,caterpillar,caterpillar (18),63.0,False,False,False
large_omnivores_and_herbivores,大型雜食/草食動物,official,large_omni_official_seed1_k5,3,21,黑猩猩 / chimpanzee (21),19,cattle,牛 / cattle (19),0.0,True,False,True
large_omnivores_and_herbivores,大型雜食/草食動物,official,large_omni_official_seed1_k5,3,21,黑猩猩 / chimpanzee (21),20,chair,chair (20),86.0,False,False,False
large_omnivores_and_herbivores,大型雜食/草食動物,official,large_omni_official_seed1_k5,3,21,黑猩猩 / chimpanzee (21),21,chimpanzee,黑猩猩 / chimpanzee (21),0.0,True,True,True
large_omnivores_and_herbivores,大型雜食/草食動物,official,large_omni_official_seed1_k5,3,21,黑猩猩 / chimpanzee (21),22,clock,clock (22),65.0,False,False,False
large_omnivores_and_herbivores,大型雜食/草食動物,official,large_omni_official_seed1_k5,3,21,黑猩猩 / chimpanzee (21),23,cloud,cloud (23),81.0,False,False,False
large_omnivores_and_herbivores,大型雜食/草食動物,official,large_omni_official_seed1_k5,3,21,黑猩猩 / chimpanzee (21),24,cockroach,cockroach (24),81.0,False,False,False
large_omnivores_and_herbivores,大型雜食/草食動物,official,large_omni_official_seed1_k5,3,21,黑猩猩 / chimpanzee (21),25,couch,couch (25),56.0,False,False,False
large_omnivores_and_herbivores,大型雜食/草食動物,official,large_omni_official_seed1_k5,3,21,黑猩猩 / chimpanzee (21),26,crab,crab (26),65.0,False,False,False
large_omnivores_and_herbivores,大型雜食/草食動物,official,large_omni_official_seed1_k5,3,21,黑猩猩 / chimpanzee (21),27,crocodile,crocodile (27),58.0,False,False,False
large_omnivores_and_herbivores,大型雜食/草食動物,official,large_omni_official_seed1_k5,3,21,黑猩猩 / chimpanzee (21),28,cup,cup (28),73.0,False,False,False
large_omnivores_and_herbivores,大型雜食/草食動物,official,large_omni_official_seed1_k5,3,21,黑猩猩 / chimpanzee (21),29,dinosaur,dinosaur (29),71.0,False,False,False
large_omnivores_and_herbivores,大型雜食/草食動物,official,large_omni_official_seed1_k5,3,21,黑猩猩 / chimpanzee (21),30,dolphin,dolphin (30),69.0,False,False,False
large_omnivores_and_herbivores,大型雜食/草食動物,official,large_omni_official_seed1_k5,3,21,黑猩猩 / chimpanzee (21),31,elephant,大象 / elephant (31),69.0,False,False,True
large_omnivores_and_herbivores,大型雜食/草食動物,official,large_omni_official_seed1_k5,3,21,黑猩猩 / chimpanzee (21),32,flatfish,flatfish (32),64.0,False,False,False
large_omnivores_and_herbivores,大型雜食/草食動物,official,large_omni_official_seed1_k5,3,21,黑猩猩 / chimpanzee (21),33,forest,forest (33),59.0,False,False,False
large_omnivores_and_herbivores,大型雜食/草食動物,official,large_omni_official_seed1_k5,3,21,黑猩猩 / chimpanzee (21),34,fox,fox (34),74.0,False,False,False
large_omnivores_and_herbivores,大型雜食/草食動物,official,large_omni_official_seed1_k5,3,21,黑猩猩 / chimpanzee (21),35,girl,girl (35),46.0,False,False,False
large_omnivores_and_herbivores,大型雜食/草食動物,official,large_omni_official_seed1_k5,3,21,黑猩猩 / chimpanzee (21),36,hamster,hamster (36),83.0,False,False,False
large_omnivores_and_herbivores,大型雜食/草食動物,official,large_omni_official_seed1_k5,3,21,黑猩猩 / chimpanzee (21),37,house,house (37),78.0,False,False,False
large_omnivores_and_herbivores,大型雜食/草食動物,official,large_omni_official_seed1_k5,3,21,黑猩猩 / chimpanzee (21),38,kangaroo,袋鼠 / kangaroo (38),59.0,False,False,True
large_omnivores_and_herbivores,大型雜食/草食動物,official,large_omni_official_seed1_k5,3,21,黑猩猩 / chimpanzee (21),39,keyboard,keyboard (39),77.0,False,False,False
large_omnivores_and_herbivores,大型雜食/草食動物,official,large_omni_official_seed1_k5,3,21,黑猩猩 / chimpanzee (21),40,lamp,lamp (40),64.0,False,False,False
large_omnivores_and_herbivores,大型雜食/草食動物,official,large_omni_official_seed1_k5,3,21,黑猩猩 / chimpanzee (21),41,lawn_mower,lawn_mower (41),90.0,False,False,False
large_omnivores_and_herbivores,大型雜食/草食動物,official,large_omni_official_seed1_k5,3,21,黑猩猩 / chimpanzee (21),42,leopard,leopard (42),76.0,False,False,False
large_omnivores_and_herbivores,大型雜食/草食動物,official,large_omni_official_seed1_k5,3,21,黑猩猩 / chimpanzee (21),43,lion,lion (43),87.0,False,False,False
large_omnivores_and_herbivores,大型雜食/草食動物,official,large_omni_official_seed1_k5,3,21,黑猩猩 / chimpanzee (21),44,lizard,lizard (44),47.0,False,False,False
large_omnivores_and_herbivores,大型雜食/草食動物,official,large_omni_official_seed1_k5,3,21,黑猩猩 / chimpanzee (21),45,lobster,lobster (45),67.0,False,False,False
large_omnivores_and_herbivores,大型雜食/草食動物,official,large_omni_official_seed1_k5,3,21,黑猩猩 / chimpanzee (21),46,man,man (46),47.0,False,False,False
large_omnivores_and_herbivores,大型雜食/草食動物,official,large_omni_official_seed1_k5,3,21,黑猩猩 / chimpanzee (21),47,maple_tree,maple_tree (47),60.0,False,False,False
large_omnivores_and_herbivores,大型雜食/草食動物,official,large_omni_official_seed1_k5,3,21,黑猩猩 / chimpanzee (21),48,motorcycle,摩托車 / motorcycle (48),92.0,False,False,False
large_omnivores_and_herbivores,大型雜食/草食動物,official,large_omni_official_seed1_k5,3,21,黑猩猩 / chimpanzee (21),49,mountain,mountain (49),82.0,False,False,False
large_omnivores_and_herbivores,大型雜食/草食動物,official,large_omni_official_seed1_k5,3,21,黑猩猩 / chimpanzee (21),50,mouse,mouse (50),57.0,False,False,False
large_omnivores_and_herbivores,大型雜食/草食動物,official,large_omni_official_seed1_k5,3,21,黑猩猩 / chimpanzee (21),51,mushroom,mushroom (51),69.0,False,False,False
large_omnivores_and_herbivores,大型雜食/草食動物,official,large_omni_official_seed1_k5,3,21,黑猩猩 / chimpanzee (21),52,oak_tree,oak_tree (52),68.0,False,False,False
large_omnivores_and_herbivores,大型雜食/草食動物,official,large_omni_official_seed1_k5,3,21,黑猩猩 / chimpanzee (21),53,orange,orange (53),88.0,False,False,False
large_omnivores_and_herbivores,大型雜食/草食動物,official,large_omni_official_seed1_k5,3,21,黑猩猩 / chimpanzee (21),54,orchid,蘭花 / orchid (54),83.0,False,False,False
large_omnivores_and_herbivores,大型雜食/草食動物,official,large_omni_official_seed1_k5,3,21,黑猩猩 / chimpanzee (21),55,otter,otter (55),43.0,False,False,False
large_omnivores_and_herbivores,大型雜食/草食動物,official,large_omni_official_seed1_k5,3,21,黑猩猩 / chimpanzee (21),56,palm_tree,palm_tree (56),88.0,False,False,False
large_omnivores_and_herbivores,大型雜食/草食動物,official,large_omni_official_seed1_k5,3,21,黑猩猩 / chimpanzee (21),57,pear,pear (57),78.0,False,False,False
large_omnivores_and_herbivores,大型雜食/草食動物,official,large_omni_official_seed1_k5,3,21,黑猩猩 / chimpanzee (21),58,pickup_truck,皮卡車 / pickup_truck (58),85.0,False,False,False
large_omnivores_and_herbivores,大型雜食/草食動物,official,large_omni_official_seed1_k5,3,21,黑猩猩 / chimpanzee (21),59,pine_tree,pine_tree (59),68.0,False,False,False
large_omnivores_and_herbivores,大型雜食/草食動物,official,large_omni_official_seed1_k5,3,21,黑猩猩 / chimpanzee (21),60,plain,plain (60),86.0,False,False,False
large_omnivores_and_herbivores,大型雜食/草食動物,official,large_omni_official_seed1_k5,3,21,黑猩猩 / chimpanzee (21),61,plate,plate (61),69.0,False,False,False
large_omnivores_and_herbivores,大型雜食/草食動物,official,large_omni_official_seed1_k5,3,21,黑猩猩 / chimpanzee (21),62,poppy,罌粟花 / poppy (62),82.0,False,False,False
large_omnivores_and_herbivores,大型雜食/草食動物,official,large_omni_official_seed1_k5,3,21,黑猩猩 / chimpanzee (21),63,porcupine,porcupine (63),73.0,False,False,False
large_omnivores_and_herbivores,大型雜食/草食動物,official,large_omni_official_seed1_k5,3,21,黑猩猩 / chimpanzee (21),64,possum,possum (64),50.0,False,False,False
large_omnivores_and_herbivores,大型雜食/草食動物,official,large_omni_official_seed1_k5,3,21,黑猩猩 / chimpanzee (21),65,rabbit,rabbit (65),59.0,False,False,False
large_omnivores_and_herbivores,大型雜食/草食動物,official,large_omni_official_seed1_k5,3,21,黑猩猩 / chimpanzee (21),66,raccoon,raccoon (66),80.0,False,False,False
large_omnivores_and_herbivores,大型雜食/草食動物,official,large_omni_official_seed1_k5,3,21,黑猩猩 / chimpanzee (21),67,ray,ray (67),58.0,False,False,False
large_omnivores_and_herbivores,大型雜食/草食動物,official,large_omni_official_seed1_k5,3,21,黑猩猩 / chimpanzee (21),68,road,road (68),94.0,False,False,False
large_omnivores_and_herbivores,大型雜食/草食動物,official,large_omni_official_seed1_k5,3,21,黑猩猩 / chimpanzee (21),69,rocket,rocket (69),79.0,False,False,False
large_omnivores_and_herbivores,大型雜食/草食動物,official,large_omni_official_seed1_k5,3,21,黑猩猩 / chimpanzee (21),70,rose,玫瑰 / rose (70),71.0,False,False,False
large_omnivores_and_herbivores,大型雜食/草食動物,official,large_omni_official_seed1_k5,3,21,黑猩猩 / chimpanzee (21),71,sea,sea (71),81.0,False,False,False
large_omnivores_and_herbivores,大型雜食/草食動物,official,large_omni_official_seed1_k5,3,21,黑猩猩 / chimpanzee (21),72,seal,seal (72),39.0,False,False,False
large_omnivores_and_herbivores,大型雜食/草食動物,official,large_omni_official_seed1_k5,3,21,黑猩猩 / chimpanzee (21),73,shark,shark (73),59.0,False,False,False
large_omnivores_and_herbivores,大型雜食/草食動物,official,large_omni_official_seed1_k5,3,21,黑猩猩 / chimpanzee (21),74,shrew,shrew (74),51.0,False,False,False
large_omnivores_and_herbivores,大型雜食/草食動物,official,large_omni_official_seed1_k5,3,21,黑猩猩 / chimpanzee (21),75,skunk,skunk (75),89.0,False,False,False
large_omnivores_and_herbivores,大型雜食/草食動物,official,large_omni_official_seed1_k5,3,21,黑猩猩 / chimpanzee (21),76,skyscraper,skyscraper (76),89.0,False,False,False
large_omnivores_and_herbivores,大型雜食/草食動物,official,large_omni_official_seed1_k5,3,21,黑猩猩 / chimpanzee (21),77,snail,snail (77),66.0,False,False,False
large_omnivores_and_herbivores,大型雜食/草食動物,official,large_omni_official_seed1_k5,3,21,黑猩猩 / chimpanzee (21),78,snake,snake (78),64.0,False,False,False
large_omnivores_and_herbivores,大型雜食/草食動物,official,large_omni_official_seed1_k5,3,21,黑猩猩 / chimpanzee (21),79,spider,spider (79),71.0,False,False,False
large_omnivores_and_herbivores,大型雜食/草食動物,official,large_omni_official_seed1_k5,3,21,黑猩猩 / chimpanzee (21),80,squirrel,squirrel (80),56.0,False,False,False
large_omnivores_and_herbivores,大型雜食/草食動物,official,large_omni_official_seed1_k5,3,21,黑猩猩 / chimpanzee (21),81,streetcar,streetcar (81),71.0,False,False,False
large_omnivores_and_herbivores,大型雜食/草食動物,official,large_omni_official_seed1_k5,3,21,黑猩猩 / chimpanzee (21),82,sunflower,向日葵 / sunflower (82),91.0,False,False,False
large_omnivores_and_herbivores,大型雜食/草食動物,official,large_omni_official_seed1_k5,3,21,黑猩猩 / chimpanzee (21),83,sweet_pepper,sweet_pepper (83),70.0,False,False,False
large_omnivores_and_herbivores,大型雜食/草食動物,official,large_omni_official_seed1_k5,3,21,黑猩猩 / chimpanzee (21),84,table,table (84),70.0,False,False,False
large_omnivores_and_herbivores,大型雜食/草食動物,official,large_omni_official_seed1_k5,3,21,黑猩猩 / chimpanzee (21),85,tank,tank (85),72.0,False,False,False
large_omnivores_and_herbivores,大型雜食/草食動物,official,large_omni_official_seed1_k5,3,21,黑猩猩 / chimpanzee (21),86,telephone,telephone (86),69.0,False,False,False
large_omnivores_and_herbivores,大型雜食/草食動物,official,large_omni_official_seed1_k5,3,21,黑猩猩 / chimpanzee (21),87,television,television (87),78.0,False,False,False
large_omnivores_and_herbivores,大型雜食/草食動物,official,large_omni_official_seed1_k5,3,21,黑猩猩 / chimpanzee (21),88,tiger,tiger (88),77.0,False,False,False
large_omnivores_and_herbivores,大型雜食/草食動物,official,large_omni_official_seed1_k5,3,21,黑猩猩 / chimpanzee (21),89,tractor,tractor (89),83.0,False,False,False
large_omnivores_and_herbivores,大型雜食/草食動物,official,large_omni_official_seed1_k5,3,21,黑猩猩 / chimpanzee (21),90,train,火車 / train (90),83.0,False,False,False
large_omnivores_and_herbivores,大型雜食/草食動物,official,large_omni_official_seed1_k5,3,21,黑猩猩 / chimpanzee (21),91,trout,trout (91),75.0,False,False,False
large_omnivores_and_herbivores,大型雜食/草食動物,official,large_omni_official_seed1_k5,3,21,黑猩猩 / chimpanzee (21),92,tulip,鬱金香 / tulip (92),60.0,False,False,False
large_omnivores_and_herbivores,大型雜食/草食動物,official,large_omni_official_seed1_k5,3,21,黑猩猩 / chimpanzee (21),93,turtle,turtle (93),57.0,False,False,False
large_omnivores_and_herbivores,大型雜食/草食動物,official,large_omni_official_seed1_k5,3,21,黑猩猩 / chimpanzee (21),94,wardrobe,wardrobe (94),90.0,False,False,False
large_omnivores_and_herbivores,大型雜食/草食動物,official,large_omni_official_seed1_k5,3,21,黑猩猩 / chimpanzee (21),95,whale,whale (95),73.0,False,False,False
large_omnivores_and_herbivores,大型雜食/草食動物,official,large_omni_official_seed1_k5,3,21,黑猩猩 / chimpanzee (21),96,willow_tree,willow_tree (96),65.0,False,False,False
large_omnivores_and_herbivores,大型雜食/草食動物,official,large_omni_official_seed1_k5,3,21,黑猩猩 / chimpanzee (21),97,wolf,wolf (97),75.0,False,False,False
large_omnivores_and_herbivores,大型雜食/草食動物,official,large_omni_official_seed1_k5,3,21,黑猩猩 / chimpanzee (21),98,woman,woman (98),57.0,False,False,False
large_omnivores_and_herbivores,大型雜食/草食動物,official,large_omni_official_seed1_k5,3,21,黑猩猩 / chimpanzee (21),99,worm,worm (99),71.0,False,False,False
large_omnivores_and_herbivores,大型雜食/草食動物,official,large_omni_official_seed1_k5,4,31,大象 / elephant (31),0,apple,apple (0),87.0,False,False,False
large_omnivores_and_herbivores,大型雜食/草食動物,official,large_omni_official_seed1_k5,4,31,大象 / elephant (31),1,aquarium_fish,aquarium_fish (1),79.0,False,False,False
large_omnivores_and_herbivores,大型雜食/草食動物,official,large_omni_official_seed1_k5,4,31,大象 / elephant (31),2,baby,baby (2),56.0,False,False,False
large_omnivores_and_herbivores,大型雜食/草食動物,official,large_omni_official_seed1_k5,4,31,大象 / elephant (31),3,bear,bear (3),55.0,False,False,False
large_omnivores_and_herbivores,大型雜食/草食動物,official,large_omni_official_seed1_k5,4,31,大象 / elephant (31),4,beaver,beaver (4),56.0,False,False,False
large_omnivores_and_herbivores,大型雜食/草食動物,official,large_omni_official_seed1_k5,4,31,大象 / elephant (31),5,bed,bed (5),71.0,False,False,False
large_omnivores_and_herbivores,大型雜食/草食動物,official,large_omni_official_seed1_k5,4,31,大象 / elephant (31),6,bee,bee (6),81.0,False,False,False
large_omnivores_and_herbivores,大型雜食/草食動物,official,large_omni_official_seed1_k5,4,31,大象 / elephant (31),7,beetle,beetle (7),74.0,False,False,False
large_omnivores_and_herbivores,大型雜食/草食動物,official,large_omni_official_seed1_k5,4,31,大象 / elephant (31),8,bicycle,腳踏車 / bicycle (8),83.0,False,False,False
large_omnivores_and_herbivores,大型雜食/草食動物,official,large_omni_official_seed1_k5,4,31,大象 / elephant (31),9,bottle,bottle (9),77.0,False,False,False
large_omnivores_and_herbivores,大型雜食/草食動物,official,large_omni_official_seed1_k5,4,31,大象 / elephant (31),10,bowl,bowl (10),48.0,False,False,False
large_omnivores_and_herbivores,大型雜食/草食動物,official,large_omni_official_seed1_k5,4,31,大象 / elephant (31),11,boy,boy (11),46.0,False,False,False
large_omnivores_and_herbivores,大型雜食/草食動物,official,large_omni_official_seed1_k5,4,31,大象 / elephant (31),12,bridge,bridge (12),79.0,False,False,False
large_omnivores_and_herbivores,大型雜食/草食動物,official,large_omni_official_seed1_k5,4,31,大象 / elephant (31),13,bus,公車 / bus (13),68.0,False,False,False
large_omnivores_and_herbivores,大型雜食/草食動物,official,large_omni_official_seed1_k5,4,31,大象 / elephant (31),14,butterfly,butterfly (14),56.0,False,False,False
large_omnivores_and_herbivores,大型雜食/草食動物,official,large_omni_official_seed1_k5,4,31,大象 / elephant (31),15,camel,駱駝 / camel (15),0.0,True,False,True
large_omnivores_and_herbivores,大型雜食/草食動物,official,large_omni_official_seed1_k5,4,31,大象 / elephant (31),16,can,can (16),77.0,False,False,False
large_omnivores_and_herbivores,大型雜食/草食動物,official,large_omni_official_seed1_k5,4,31,大象 / elephant (31),17,castle,castle (17),80.0,False,False,False
large_omnivores_and_herbivores,大型雜食/草食動物,official,large_omni_official_seed1_k5,4,31,大象 / elephant (31),18,caterpillar,caterpillar (18),68.0,False,False,False
large_omnivores_and_herbivores,大型雜食/草食動物,official,large_omni_official_seed1_k5,4,31,大象 / elephant (31),19,cattle,牛 / cattle (19),0.0,True,False,True
large_omnivores_and_herbivores,大型雜食/草食動物,official,large_omni_official_seed1_k5,4,31,大象 / elephant (31),20,chair,chair (20),85.0,False,False,False
large_omnivores_and_herbivores,大型雜食/草食動物,official,large_omni_official_seed1_k5,4,31,大象 / elephant (31),21,chimpanzee,黑猩猩 / chimpanzee (21),0.0,True,False,True
large_omnivores_and_herbivores,大型雜食/草食動物,official,large_omni_official_seed1_k5,4,31,大象 / elephant (31),22,clock,clock (22),67.0,False,False,False
large_omnivores_and_herbivores,大型雜食/草食動物,official,large_omni_official_seed1_k5,4,31,大象 / elephant (31),23,cloud,cloud (23),79.0,False,False,False
large_omnivores_and_herbivores,大型雜食/草食動物,official,large_omni_official_seed1_k5,4,31,大象 / elephant (31),24,cockroach,cockroach (24),80.0,False,False,False
large_omnivores_and_herbivores,大型雜食/草食動物,official,large_omni_official_seed1_k5,4,31,大象 / elephant (31),25,couch,couch (25),58.0,False,False,False
large_omnivores_and_herbivores,大型雜食/草食動物,official,large_omni_official_seed1_k5,4,31,大象 / elephant (31),26,crab,crab (26),62.0,False,False,False
large_omnivores_and_herbivores,大型雜食/草食動物,official,large_omni_official_seed1_k5,4,31,大象 / elephant (31),27,crocodile,crocodile (27),54.0,False,False,False
large_omnivores_and_herbivores,大型雜食/草食動物,official,large_omni_official_seed1_k5,4,31,大象 / elephant (31),28,cup,cup (28),73.0,False,False,False
large_omnivores_and_herbivores,大型雜食/草食動物,official,large_omni_official_seed1_k5,4,31,大象 / elephant (31),29,dinosaur,dinosaur (29),67.0,False,False,False
large_omnivores_and_herbivores,大型雜食/草食動物,official,large_omni_official_seed1_k5,4,31,大象 / elephant (31),30,dolphin,dolphin (30),69.0,False,False,False
large_omnivores_and_herbivores,大型雜食/草食動物,official,large_omni_official_seed1_k5,4,31,大象 / elephant (31),31,elephant,大象 / elephant (31),0.0,True,True,True
large_omnivores_and_herbivores,大型雜食/草食動物,official,large_omni_official_seed1_k5,4,31,大象 / elephant (31),32,flatfish,flatfish (32),62.0,False,False,False
large_omnivores_and_herbivores,大型雜食/草食動物,official,large_omni_official_seed1_k5,4,31,大象 / elephant (31),33,forest,forest (33),58.0,False,False,False
large_omnivores_and_herbivores,大型雜食/草食動物,official,large_omni_official_seed1_k5,4,31,大象 / elephant (31),34,fox,fox (34),74.0,False,False,False
large_omnivores_and_herbivores,大型雜食/草食動物,official,large_omni_official_seed1_k5,4,31,大象 / elephant (31),35,girl,girl (35),46.0,False,False,False
large_omnivores_and_herbivores,大型雜食/草食動物,official,large_omni_official_seed1_k5,4,31,大象 / elephant (31),36,hamster,hamster (36),81.0,False,False,False
large_omnivores_and_herbivores,大型雜食/草食動物,official,large_omni_official_seed1_k5,4,31,大象 / elephant (31),37,house,house (37),76.0,False,False,False
large_omnivores_and_herbivores,大型雜食/草食動物,official,large_omni_official_seed1_k5,4,31,大象 / elephant (31),38,kangaroo,袋鼠 / kangaroo (38),64.0,False,False,True
large_omnivores_and_herbivores,大型雜食/草食動物,official,large_omni_official_seed1_k5,4,31,大象 / elephant (31),39,keyboard,keyboard (39),78.0,False,False,False
large_omnivores_and_herbivores,大型雜食/草食動物,official,large_omni_official_seed1_k5,4,31,大象 / elephant (31),40,lamp,lamp (40),62.0,False,False,False
large_omnivores_and_herbivores,大型雜食/草食動物,official,large_omni_official_seed1_k5,4,31,大象 / elephant (31),41,lawn_mower,lawn_mower (41),89.0,False,False,False
large_omnivores_and_herbivores,大型雜食/草食動物,official,large_omni_official_seed1_k5,4,31,大象 / elephant (31),42,leopard,leopard (42),75.0,False,False,False
large_omnivores_and_herbivores,大型雜食/草食動物,official,large_omni_official_seed1_k5,4,31,大象 / elephant (31),43,lion,lion (43),86.0,False,False,False
large_omnivores_and_herbivores,大型雜食/草食動物,official,large_omni_official_seed1_k5,4,31,大象 / elephant (31),44,lizard,lizard (44),42.0,False,False,False
large_omnivores_and_herbivores,大型雜食/草食動物,official,large_omni_official_seed1_k5,4,31,大象 / elephant (31),45,lobster,lobster (45),67.0,False,False,False
large_omnivores_and_herbivores,大型雜食/草食動物,official,large_omni_official_seed1_k5,4,31,大象 / elephant (31),46,man,man (46),48.0,False,False,False
large_omnivores_and_herbivores,大型雜食/草食動物,official,large_omni_official_seed1_k5,4,31,大象 / elephant (31),47,maple_tree,maple_tree (47),63.0,False,False,False
large_omnivores_and_herbivores,大型雜食/草食動物,official,large_omni_official_seed1_k5,4,31,大象 / elephant (31),48,motorcycle,摩托車 / motorcycle (48),93.0,False,False,False
large_omnivores_and_herbivores,大型雜食/草食動物,official,large_omni_official_seed1_k5,4,31,大象 / elephant (31),49,mountain,mountain (49),85.0,False,False,False
large_omnivores_and_herbivores,大型雜食/草食動物,official,large_omni_official_seed1_k5,4,31,大象 / elephant (31),50,mouse,mouse (50),52.0,False,False,False
large_omnivores_and_herbivores,大型雜食/草食動物,official,large_omni_official_seed1_k5,4,31,大象 / elephant (31),51,mushroom,mushroom (51),73.0,False,False,False
large_omnivores_and_herbivores,大型雜食/草食動物,official,large_omni_official_seed1_k5,4,31,大象 / elephant (31),52,oak_tree,oak_tree (52),66.0,False,False,False
large_omnivores_and_herbivores,大型雜食/草食動物,official,large_omni_official_seed1_k5,4,31,大象 / elephant (31),53,orange,orange (53),90.0,False,False,False
large_omnivores_and_herbivores,大型雜食/草食動物,official,large_omni_official_seed1_k5,4,31,大象 / elephant (31),54,orchid,蘭花 / orchid (54),82.0,False,False,False
large_omnivores_and_herbivores,大型雜食/草食動物,official,large_omni_official_seed1_k5,4,31,大象 / elephant (31),55,otter,otter (55),42.0,False,False,False
large_omnivores_and_herbivores,大型雜食/草食動物,official,large_omni_official_seed1_k5,4,31,大象 / elephant (31),56,palm_tree,palm_tree (56),85.0,False,False,False
large_omnivores_and_herbivores,大型雜食/草食動物,official,large_omni_official_seed1_k5,4,31,大象 / elephant (31),57,pear,pear (57),78.0,False,False,False
large_omnivores_and_herbivores,大型雜食/草食動物,official,large_omni_official_seed1_k5,4,31,大象 / elephant (31),58,pickup_truck,皮卡車 / pickup_truck (58),85.0,False,False,False
large_omnivores_and_herbivores,大型雜食/草食動物,official,large_omni_official_seed1_k5,4,31,大象 / elephant (31),59,pine_tree,pine_tree (59),69.0,False,False,False
large_omnivores_and_herbivores,大型雜食/草食動物,official,large_omni_official_seed1_k5,4,31,大象 / elephant (31),60,plain,plain (60),84.0,False,False,False
large_omnivores_and_herbivores,大型雜食/草食動物,official,large_omni_official_seed1_k5,4,31,大象 / elephant (31),61,plate,plate (61),66.0,False,False,False
large_omnivores_and_herbivores,大型雜食/草食動物,official,large_omni_official_seed1_k5,4,31,大象 / elephant (31),62,poppy,罌粟花 / poppy (62),82.0,False,False,False
large_omnivores_and_herbivores,大型雜食/草食動物,official,large_omni_official_seed1_k5,4,31,大象 / elephant (31),63,porcupine,porcupine (63),70.0,False,False,False
large_omnivores_and_herbivores,大型雜食/草食動物,official,large_omni_official_seed1_k5,4,31,大象 / elephant (31),64,possum,possum (64),56.0,False,False,False
large_omnivores_and_herbivores,大型雜食/草食動物,official,large_omni_official_seed1_k5,4,31,大象 / elephant (31),65,rabbit,rabbit (65),59.0,False,False,False
large_omnivores_and_herbivores,大型雜食/草食動物,official,large_omni_official_seed1_k5,4,31,大象 / elephant (31),66,raccoon,raccoon (66),81.0,False,False,False
large_omnivores_and_herbivores,大型雜食/草食動物,official,large_omni_official_seed1_k5,4,31,大象 / elephant (31),67,ray,ray (67),55.0,False,False,False
large_omnivores_and_herbivores,大型雜食/草食動物,official,large_omni_official_seed1_k5,4,31,大象 / elephant (31),68,road,road (68),94.0,False,False,False
large_omnivores_and_herbivores,大型雜食/草食動物,official,large_omni_official_seed1_k5,4,31,大象 / elephant (31),69,rocket,rocket (69),80.0,False,False,False
large_omnivores_and_herbivores,大型雜食/草食動物,official,large_omni_official_seed1_k5,4,31,大象 / elephant (31),70,rose,玫瑰 / rose (70),69.0,False,False,False
large_omnivores_and_herbivores,大型雜食/草食動物,official,large_omni_official_seed1_k5,4,31,大象 / elephant (31),71,sea,sea (71),80.0,False,False,False
large_omnivores_and_herbivores,大型雜食/草食動物,official,large_omni_official_seed1_k5,4,31,大象 / elephant (31),72,seal,seal (72),45.0,False,False,False
large_omnivores_and_herbivores,大型雜食/草食動物,official,large_omni_official_seed1_k5,4,31,大象 / elephant (31),73,shark,shark (73),58.0,False,False,False
large_omnivores_and_herbivores,大型雜食/草食動物,official,large_omni_official_seed1_k5,4,31,大象 / elephant (31),74,shrew,shrew (74),50.0,False,False,False
large_omnivores_and_herbivores,大型雜食/草食動物,official,large_omni_official_seed1_k5,4,31,大象 / elephant (31),75,skunk,skunk (75),90.0,False,False,False
large_omnivores_and_herbivores,大型雜食/草食動物,official,large_omni_official_seed1_k5,4,31,大象 / elephant (31),76,skyscraper,skyscraper (76),87.0,False,False,False
large_omnivores_and_herbivores,大型雜食/草食動物,official,large_omni_official_seed1_k5,4,31,大象 / elephant (31),77,snail,snail (77),63.0,False,False,False
large_omnivores_and_herbivores,大型雜食/草食動物,official,large_omni_official_seed1_k5,4,31,大象 / elephant (31),78,snake,snake (78),63.0,False,False,False
large_omnivores_and_herbivores,大型雜食/草食動物,official,large_omni_official_seed1_k5,4,31,大象 / elephant (31),79,spider,spider (79),70.0,False,False,False
large_omnivores_and_herbivores,大型雜食/草食動物,official,large_omni_official_seed1_k5,4,31,大象 / elephant (31),80,squirrel,squirrel (80),57.0,False,False,False
large_omnivores_and_herbivores,大型雜食/草食動物,official,large_omni_official_seed1_k5,4,31,大象 / elephant (31),81,streetcar,streetcar (81),72.0,False,False,False
large_omnivores_and_herbivores,大型雜食/草食動物,official,large_omni_official_seed1_k5,4,31,大象 / elephant (31),82,sunflower,向日葵 / sunflower (82),92.0,False,False,False
large_omnivores_and_herbivores,大型雜食/草食動物,official,large_omni_official_seed1_k5,4,31,大象 / elephant (31),83,sweet_pepper,sweet_pepper (83),68.0,False,False,False
large_omnivores_and_herbivores,大型雜食/草食動物,official,large_omni_official_seed1_k5,4,31,大象 / elephant (31),84,table,table (84),68.0,False,False,False
large_omnivores_and_herbivores,大型雜食/草食動物,official,large_omni_official_seed1_k5,4,31,大象 / elephant (31),85,tank,tank (85),71.0,False,False,False
large_omnivores_and_herbivores,大型雜食/草食動物,official,large_omni_official_seed1_k5,4,31,大象 / elephant (31),86,telephone,telephone (86),67.0,False,False,False
large_omnivores_and_herbivores,大型雜食/草食動物,official,large_omni_official_seed1_k5,4,31,大象 / elephant (31),87,television,television (87),77.0,False,False,False
large_omnivores_and_herbivores,大型雜食/草食動物,official,large_omni_official_seed1_k5,4,31,大象 / elephant (31),88,tiger,tiger (88),76.0,False,False,False
large_omnivores_and_herbivores,大型雜食/草食動物,official,large_omni_official_seed1_k5,4,31,大象 / elephant (31),89,tractor,tractor (89),84.0,False,False,False
large_omnivores_and_herbivores,大型雜食/草食動物,official,large_omni_official_seed1_k5,4,31,大象 / elephant (31),90,train,火車 / train (90),81.0,False,False,False
large_omnivores_and_herbivores,大型雜食/草食動物,official,large_omni_official_seed1_k5,4,31,大象 / elephant (31),91,trout,trout (91),79.0,False,False,False
large_omnivores_and_herbivores,大型雜食/草食動物,official,large_omni_official_seed1_k5,4,31,大象 / elephant (31),92,tulip,鬱金香 / tulip (92),59.0,False,False,False
large_omnivores_and_herbivores,大型雜食/草食動物,official,large_omni_official_seed1_k5,4,31,大象 / elephant (31),93,turtle,turtle (93),55.0,False,False,False
large_omnivores_and_herbivores,大型雜食/草食動物,official,large_omni_official_seed1_k5,4,31,大象 / elephant (31),94,wardrobe,wardrobe (94),92.0,False,False,False
large_omnivores_and_herbivores,大型雜食/草食動物,official,large_omni_official_seed1_k5,4,31,大象 / elephant (31),95,whale,whale (95),74.0,False,False,False
large_omnivores_and_herbivores,大型雜食/草食動物,official,large_omni_official_seed1_k5,4,31,大象 / elephant (31),96,willow_tree,willow_tree (96),63.0,False,False,False
large_omnivores_and_herbivores,大型雜食/草食動物,official,large_omni_official_seed1_k5,4,31,大象 / elephant (31),97,wolf,wolf (97),75.0,False,False,False
large_omnivores_and_herbivores,大型雜食/草食動物,official,large_omni_official_seed1_k5,4,31,大象 / elephant (31),98,woman,woman (98),53.0,False,False,False
large_omnivores_and_herbivores,大型雜食/草食動物,official,large_omni_official_seed1_k5,4,31,大象 / elephant (31),99,worm,worm (99),71.0,False,False,False
large_omnivores_and_herbivores,大型雜食/草食動物,official,large_omni_official_seed1_k5,5,38,袋鼠 / kangaroo (38),0,apple,apple (0),88.0,False,False,False
large_omnivores_and_herbivores,大型雜食/草食動物,official,large_omni_official_seed1_k5,5,38,袋鼠 / kangaroo (38),1,aquarium_fish,aquarium_fish (1),82.0,False,False,False
large_omnivores_and_herbivores,大型雜食/草食動物,official,large_omni_official_seed1_k5,5,38,袋鼠 / kangaroo (38),2,baby,baby (2),56.0,False,False,False
large_omnivores_and_herbivores,大型雜食/草食動物,official,large_omni_official_seed1_k5,5,38,袋鼠 / kangaroo (38),3,bear,bear (3),57.0,False,False,False
large_omnivores_and_herbivores,大型雜食/草食動物,official,large_omni_official_seed1_k5,5,38,袋鼠 / kangaroo (38),4,beaver,beaver (4),60.0,False,False,False
large_omnivores_and_herbivores,大型雜食/草食動物,official,large_omni_official_seed1_k5,5,38,袋鼠 / kangaroo (38),5,bed,bed (5),71.0,False,False,False
large_omnivores_and_herbivores,大型雜食/草食動物,official,large_omni_official_seed1_k5,5,38,袋鼠 / kangaroo (38),6,bee,bee (6),80.0,False,False,False
large_omnivores_and_herbivores,大型雜食/草食動物,official,large_omni_official_seed1_k5,5,38,袋鼠 / kangaroo (38),7,beetle,beetle (7),73.0,False,False,False
large_omnivores_and_herbivores,大型雜食/草食動物,official,large_omni_official_seed1_k5,5,38,袋鼠 / kangaroo (38),8,bicycle,腳踏車 / bicycle (8),82.0,False,False,False
large_omnivores_and_herbivores,大型雜食/草食動物,official,large_omni_official_seed1_k5,5,38,袋鼠 / kangaroo (38),9,bottle,bottle (9),77.0,False,False,False
large_omnivores_and_herbivores,大型雜食/草食動物,official,large_omni_official_seed1_k5,5,38,袋鼠 / kangaroo (38),10,bowl,bowl (10),42.0,False,False,False
large_omnivores_and_herbivores,大型雜食/草食動物,official,large_omni_official_seed1_k5,5,38,袋鼠 / kangaroo (38),11,boy,boy (11),52.0,False,False,False
large_omnivores_and_herbivores,大型雜食/草食動物,official,large_omni_official_seed1_k5,5,38,袋鼠 / kangaroo (38),12,bridge,bridge (12),80.0,False,False,False
large_omnivores_and_herbivores,大型雜食/草食動物,official,large_omni_official_seed1_k5,5,38,袋鼠 / kangaroo (38),13,bus,公車 / bus (13),70.0,False,False,False
large_omnivores_and_herbivores,大型雜食/草食動物,official,large_omni_official_seed1_k5,5,38,袋鼠 / kangaroo (38),14,butterfly,butterfly (14),55.0,False,False,False
large_omnivores_and_herbivores,大型雜食/草食動物,official,large_omni_official_seed1_k5,5,38,袋鼠 / kangaroo (38),15,camel,駱駝 / camel (15),0.0,True,False,True
large_omnivores_and_herbivores,大型雜食/草食動物,official,large_omni_official_seed1_k5,5,38,袋鼠 / kangaroo (38),16,can,can (16),76.0,False,False,False
large_omnivores_and_herbivores,大型雜食/草食動物,official,large_omni_official_seed1_k5,5,38,袋鼠 / kangaroo (38),17,castle,castle (17),81.0,False,False,False
large_omnivores_and_herbivores,大型雜食/草食動物,official,large_omni_official_seed1_k5,5,38,袋鼠 / kangaroo (38),18,caterpillar,caterpillar (18),67.0,False,False,False
large_omnivores_and_herbivores,大型雜食/草食動物,official,large_omni_official_seed1_k5,5,38,袋鼠 / kangaroo (38),19,cattle,牛 / cattle (19),0.0,True,False,True
large_omnivores_and_herbivores,大型雜食/草食動物,official,large_omni_official_seed1_k5,5,38,袋鼠 / kangaroo (38),20,chair,chair (20),86.0,False,False,False
large_omnivores_and_herbivores,大型雜食/草食動物,official,large_omni_official_seed1_k5,5,38,袋鼠 / kangaroo (38),21,chimpanzee,黑猩猩 / chimpanzee (21),1.0,True,False,True
large_omnivores_and_herbivores,大型雜食/草食動物,official,large_omni_official_seed1_k5,5,38,袋鼠 / kangaroo (38),22,clock,clock (22),67.0,False,False,False
large_omnivores_and_herbivores,大型雜食/草食動物,official,large_omni_official_seed1_k5,5,38,袋鼠 / kangaroo (38),23,cloud,cloud (23),81.0,False,False,False
large_omnivores_and_herbivores,大型雜食/草食動物,official,large_omni_official_seed1_k5,5,38,袋鼠 / kangaroo (38),24,cockroach,cockroach (24),80.0,False,False,False
large_omnivores_and_herbivores,大型雜食/草食動物,official,large_omni_official_seed1_k5,5,38,袋鼠 / kangaroo (38),25,couch,couch (25),56.0,False,False,False
large_omnivores_and_herbivores,大型雜食/草食動物,official,large_omni_official_seed1_k5,5,38,袋鼠 / kangaroo (38),26,crab,crab (26),63.0,False,False,False
large_omnivores_and_herbivores,大型雜食/草食動物,official,large_omni_official_seed1_k5,5,38,袋鼠 / kangaroo (38),27,crocodile,crocodile (27),53.0,False,False,False
large_omnivores_and_herbivores,大型雜食/草食動物,official,large_omni_official_seed1_k5,5,38,袋鼠 / kangaroo (38),28,cup,cup (28),75.0,False,False,False
large_omnivores_and_herbivores,大型雜食/草食動物,official,large_omni_official_seed1_k5,5,38,袋鼠 / kangaroo (38),29,dinosaur,dinosaur (29),62.0,False,False,False
large_omnivores_and_herbivores,大型雜食/草食動物,official,large_omni_official_seed1_k5,5,38,袋鼠 / kangaroo (38),30,dolphin,dolphin (30),70.0,False,False,False
large_omnivores_and_herbivores,大型雜食/草食動物,official,large_omni_official_seed1_k5,5,38,袋鼠 / kangaroo (38),31,elephant,大象 / elephant (31),0.0,True,False,True
large_omnivores_and_herbivores,大型雜食/草食動物,official,large_omni_official_seed1_k5,5,38,袋鼠 / kangaroo (38),32,flatfish,flatfish (32),62.0,False,False,False
large_omnivores_and_herbivores,大型雜食/草食動物,official,large_omni_official_seed1_k5,5,38,袋鼠 / kangaroo (38),33,forest,forest (33),63.0,False,False,False
large_omnivores_and_herbivores,大型雜食/草食動物,official,large_omni_official_seed1_k5,5,38,袋鼠 / kangaroo (38),34,fox,fox (34),80.0,False,False,False
large_omnivores_and_herbivores,大型雜食/草食動物,official,large_omni_official_seed1_k5,5,38,袋鼠 / kangaroo (38),35,girl,girl (35),47.0,False,False,False
large_omnivores_and_herbivores,大型雜食/草食動物,official,large_omni_official_seed1_k5,5,38,袋鼠 / kangaroo (38),36,hamster,hamster (36),83.0,False,False,False
large_omnivores_and_herbivores,大型雜食/草食動物,official,large_omni_official_seed1_k5,5,38,袋鼠 / kangaroo (38),37,house,house (37),77.0,False,False,False
large_omnivores_and_herbivores,大型雜食/草食動物,official,large_omni_official_seed1_k5,5,38,袋鼠 / kangaroo (38),38,kangaroo,袋鼠 / kangaroo (38),0.0,True,True,True
large_omnivores_and_herbivores,大型雜食/草食動物,official,large_omni_official_seed1_k5,5,38,袋鼠 / kangaroo (38),39,keyboard,keyboard (39),80.0,False,False,False
large_omnivores_and_herbivores,大型雜食/草食動物,official,large_omni_official_seed1_k5,5,38,袋鼠 / kangaroo (38),40,lamp,lamp (40),61.0,False,False,False
large_omnivores_and_herbivores,大型雜食/草食動物,official,large_omni_official_seed1_k5,5,38,袋鼠 / kangaroo (38),41,lawn_mower,lawn_mower (41),87.0,False,False,False
large_omnivores_and_herbivores,大型雜食/草食動物,official,large_omni_official_seed1_k5,5,38,袋鼠 / kangaroo (38),42,leopard,leopard (42),70.0,False,False,False
large_omnivores_and_herbivores,大型雜食/草食動物,official,large_omni_official_seed1_k5,5,38,袋鼠 / kangaroo (38),43,lion,lion (43),84.0,False,False,False
large_omnivores_and_herbivores,大型雜食/草食動物,official,large_omni_official_seed1_k5,5,38,袋鼠 / kangaroo (38),44,lizard,lizard (44),42.0,False,False,False
large_omnivores_and_herbivores,大型雜食/草食動物,official,large_omni_official_seed1_k5,5,38,袋鼠 / kangaroo (38),45,lobster,lobster (45),66.0,False,False,False
large_omnivores_and_herbivores,大型雜食/草食動物,official,large_omni_official_seed1_k5,5,38,袋鼠 / kangaroo (38),46,man,man (46),49.0,False,False,False
large_omnivores_and_herbivores,大型雜食/草食動物,official,large_omni_official_seed1_k5,5,38,袋鼠 / kangaroo (38),47,maple_tree,maple_tree (47),61.0,False,False,False
large_omnivores_and_herbivores,大型雜食/草食動物,official,large_omni_official_seed1_k5,5,38,袋鼠 / kangaroo (38),48,motorcycle,摩托車 / motorcycle (48),93.0,False,False,False
large_omnivores_and_herbivores,大型雜食/草食動物,official,large_omni_official_seed1_k5,5,38,袋鼠 / kangaroo (38),49,mountain,mountain (49),84.0,False,False,False
large_omnivores_and_herbivores,大型雜食/草食動物,official,large_omni_official_seed1_k5,5,38,袋鼠 / kangaroo (38),50,mouse,mouse (50),54.0,False,False,False
large_omnivores_and_herbivores,大型雜食/草食動物,official,large_omni_official_seed1_k5,5,38,袋鼠 / kangaroo (38),51,mushroom,mushroom (51),72.0,False,False,False
large_omnivores_and_herbivores,大型雜食/草食動物,official,large_omni_official_seed1_k5,5,38,袋鼠 / kangaroo (38),52,oak_tree,oak_tree (52),66.0,False,False,False
large_omnivores_and_herbivores,大型雜食/草食動物,official,large_omni_official_seed1_k5,5,38,袋鼠 / kangaroo (38),53,orange,orange (53),89.0,False,False,False
large_omnivores_and_herbivores,大型雜食/草食動物,official,large_omni_official_seed1_k5,5,38,袋鼠 / kangaroo (38),54,orchid,蘭花 / orchid (54),82.0,False,False,False
large_omnivores_and_herbivores,大型雜食/草食動物,official,large_omni_official_seed1_k5,5,38,袋鼠 / kangaroo (38),55,otter,otter (55),47.0,False,False,False
large_omnivores_and_herbivores,大型雜食/草食動物,official,large_omni_official_seed1_k5,5,38,袋鼠 / kangaroo (38),56,palm_tree,palm_tree (56),89.0,False,False,False
large_omnivores_and_herbivores,大型雜食/草食動物,official,large_omni_official_seed1_k5,5,38,袋鼠 / kangaroo (38),57,pear,pear (57),76.0,False,False,False
large_omnivores_and_herbivores,大型雜食/草食動物,official,large_omni_official_seed1_k5,5,38,袋鼠 / kangaroo (38),58,pickup_truck,皮卡車 / pickup_truck (58),86.0,False,False,False
large_omnivores_and_herbivores,大型雜食/草食動物,official,large_omni_official_seed1_k5,5,38,袋鼠 / kangaroo (38),59,pine_tree,pine_tree (59),71.0,False,False,False
large_omnivores_and_herbivores,大型雜食/草食動物,official,large_omni_official_seed1_k5,5,38,袋鼠 / kangaroo (38),60,plain,plain (60),87.0,False,False,False
large_omnivores_and_herbivores,大型雜食/草食動物,official,large_omni_official_seed1_k5,5,38,袋鼠 / kangaroo (38),61,plate,plate (61),64.0,False,False,False
large_omnivores_and_herbivores,大型雜食/草食動物,official,large_omni_official_seed1_k5,5,38,袋鼠 / kangaroo (38),62,poppy,罌粟花 / poppy (62),82.0,False,False,False
large_omnivores_and_herbivores,大型雜食/草食動物,official,large_omni_official_seed1_k5,5,38,袋鼠 / kangaroo (38),63,porcupine,porcupine (63),73.0,False,False,False
large_omnivores_and_herbivores,大型雜食/草食動物,official,large_omni_official_seed1_k5,5,38,袋鼠 / kangaroo (38),64,possum,possum (64),52.0,False,False,False
large_omnivores_and_herbivores,大型雜食/草食動物,official,large_omni_official_seed1_k5,5,38,袋鼠 / kangaroo (38),65,rabbit,rabbit (65),56.0,False,False,False
large_omnivores_and_herbivores,大型雜食/草食動物,official,large_omni_official_seed1_k5,5,38,袋鼠 / kangaroo (38),66,raccoon,raccoon (66),82.0,False,False,False
large_omnivores_and_herbivores,大型雜食/草食動物,official,large_omni_official_seed1_k5,5,38,袋鼠 / kangaroo (38),67,ray,ray (67),56.0,False,False,False
large_omnivores_and_herbivores,大型雜食/草食動物,official,large_omni_official_seed1_k5,5,38,袋鼠 / kangaroo (38),68,road,road (68),94.0,False,False,False
large_omnivores_and_herbivores,大型雜食/草食動物,official,large_omni_official_seed1_k5,5,38,袋鼠 / kangaroo (38),69,rocket,rocket (69),77.0,False,False,False
large_omnivores_and_herbivores,大型雜食/草食動物,official,large_omni_official_seed1_k5,5,38,袋鼠 / kangaroo (38),70,rose,玫瑰 / rose (70),70.0,False,False,False
large_omnivores_and_herbivores,大型雜食/草食動物,official,large_omni_official_seed1_k5,5,38,袋鼠 / kangaroo (38),71,sea,sea (71),77.0,False,False,False
large_omnivores_and_herbivores,大型雜食/草食動物,official,large_omni_official_seed1_k5,5,38,袋鼠 / kangaroo (38),72,seal,seal (72),44.0,False,False,False
large_omnivores_and_herbivores,大型雜食/草食動物,official,large_omni_official_seed1_k5,5,38,袋鼠 / kangaroo (38),73,shark,shark (73),60.0,False,False,False
large_omnivores_and_herbivores,大型雜食/草食動物,official,large_omni_official_seed1_k5,5,38,袋鼠 / kangaroo (38),74,shrew,shrew (74),50.0,False,False,False
large_omnivores_and_herbivores,大型雜食/草食動物,official,large_omni_official_seed1_k5,5,38,袋鼠 / kangaroo (38),75,skunk,skunk (75),90.0,False,False,False
large_omnivores_and_herbivores,大型雜食/草食動物,official,large_omni_official_seed1_k5,5,38,袋鼠 / kangaroo (38),76,skyscraper,skyscraper (76),87.0,False,False,False
large_omnivores_and_herbivores,大型雜食/草食動物,official,large_omni_official_seed1_k5,5,38,袋鼠 / kangaroo (38),77,snail,snail (77),66.0,False,False,False
large_omnivores_and_herbivores,大型雜食/草食動物,official,large_omni_official_seed1_k5,5,38,袋鼠 / kangaroo (38),78,snake,snake (78),65.0,False,False,False
large_omnivores_and_herbivores,大型雜食/草食動物,official,large_omni_official_seed1_k5,5,38,袋鼠 / kangaroo (38),79,spider,spider (79),75.0,False,False,False
large_omnivores_and_herbivores,大型雜食/草食動物,official,large_omni_official_seed1_k5,5,38,袋鼠 / kangaroo (38),80,squirrel,squirrel (80),54.0,False,False,False
large_omnivores_and_herbivores,大型雜食/草食動物,official,large_omni_official_seed1_k5,5,38,袋鼠 / kangaroo (38),81,streetcar,streetcar (81),74.0,False,False,False
large_omnivores_and_herbivores,大型雜食/草食動物,official,large_omni_official_seed1_k5,5,38,袋鼠 / kangaroo (38),82,sunflower,向日葵 / sunflower (82),92.0,False,False,False
large_omnivores_and_herbivores,大型雜食/草食動物,official,large_omni_official_seed1_k5,5,38,袋鼠 / kangaroo (38),83,sweet_pepper,sweet_pepper (83),66.0,False,False,False
large_omnivores_and_herbivores,大型雜食/草食動物,official,large_omni_official_seed1_k5,5,38,袋鼠 / kangaroo (38),84,table,table (84),67.0,False,False,False
large_omnivores_and_herbivores,大型雜食/草食動物,official,large_omni_official_seed1_k5,5,38,袋鼠 / kangaroo (38),85,tank,tank (85),72.0,False,False,False
large_omnivores_and_herbivores,大型雜食/草食動物,official,large_omni_official_seed1_k5,5,38,袋鼠 / kangaroo (38),86,telephone,telephone (86),67.0,False,False,False
large_omnivores_and_herbivores,大型雜食/草食動物,official,large_omni_official_seed1_k5,5,38,袋鼠 / kangaroo (38),87,television,television (87),79.0,False,False,False
large_omnivores_and_herbivores,大型雜食/草食動物,official,large_omni_official_seed1_k5,5,38,袋鼠 / kangaroo (38),88,tiger,tiger (88),81.0,False,False,False
large_omnivores_and_herbivores,大型雜食/草食動物,official,large_omni_official_seed1_k5,5,38,袋鼠 / kangaroo (38),89,tractor,tractor (89),85.0,False,False,False
large_omnivores_and_herbivores,大型雜食/草食動物,official,large_omni_official_seed1_k5,5,38,袋鼠 / kangaroo (38),90,train,火車 / train (90),82.0,False,False,False
large_omnivores_and_herbivores,大型雜食/草食動物,official,large_omni_official_seed1_k5,5,38,袋鼠 / kangaroo (38),91,trout,trout (91),78.0,False,False,False
large_omnivores_and_herbivores,大型雜食/草食動物,official,large_omni_official_seed1_k5,5,38,袋鼠 / kangaroo (38),92,tulip,鬱金香 / tulip (92),61.0,False,False,False
large_omnivores_and_herbivores,大型雜食/草食動物,official,large_omni_official_seed1_k5,5,38,袋鼠 / kangaroo (38),93,turtle,turtle (93),54.0,False,False,False
large_omnivores_and_herbivores,大型雜食/草食動物,official,large_omni_official_seed1_k5,5,38,袋鼠 / kangaroo (38),94,wardrobe,wardrobe (94),89.0,False,False,False
large_omnivores_and_herbivores,大型雜食/草食動物,official,large_omni_official_seed1_k5,5,38,袋鼠 / kangaroo (38),95,whale,whale (95),71.0,False,False,False
large_omnivores_and_herbivores,大型雜食/草食動物,official,large_omni_official_seed1_k5,5,38,袋鼠 / kangaroo (38),96,willow_tree,willow_tree (96),62.0,False,False,False
large_omnivores_and_herbivores,大型雜食/草食動物,official,large_omni_official_seed1_k5,5,38,袋鼠 / kangaroo (38),97,wolf,wolf (97),73.0,False,False,False
large_omnivores_and_herbivores,大型雜食/草食動物,official,large_omni_official_seed1_k5,5,38,袋鼠 / kangaroo (38),98,woman,woman (98),54.0,False,False,False
large_omnivores_and_herbivores,大型雜食/草食動物,official,large_omni_official_seed1_k5,5,38,袋鼠 / kangaroo (38),99,worm,worm (99),72.0,False,False,False
large_omnivores_and_herbivores,大型雜食/草食動物,random,large_omni_random_seed1_k5,1,21,黑猩猩 / chimpanzee (21),0,apple,apple (0),88.0,False,False,False
large_omnivores_and_herbivores,大型雜食/草食動物,random,large_omni_random_seed1_k5,1,21,黑猩猩 / chimpanzee (21),1,aquarium_fish,aquarium_fish (1),79.0,False,False,False
large_omnivores_and_herbivores,大型雜食/草食動物,random,large_omni_random_seed1_k5,1,21,黑猩猩 / chimpanzee (21),2,baby,baby (2),53.0,False,False,False
large_omnivores_and_herbivores,大型雜食/草食動物,random,large_omni_random_seed1_k5,1,21,黑猩猩 / chimpanzee (21),3,bear,bear (3),48.0,False,False,False
large_omnivores_and_herbivores,大型雜食/草食動物,random,large_omni_random_seed1_k5,1,21,黑猩猩 / chimpanzee (21),4,beaver,beaver (4),53.0,False,False,False
large_omnivores_and_herbivores,大型雜食/草食動物,random,large_omni_random_seed1_k5,1,21,黑猩猩 / chimpanzee (21),5,bed,bed (5),69.0,False,False,False
large_omnivores_and_herbivores,大型雜食/草食動物,random,large_omni_random_seed1_k5,1,21,黑猩猩 / chimpanzee (21),6,bee,bee (6),80.0,False,False,False
large_omnivores_and_herbivores,大型雜食/草食動物,random,large_omni_random_seed1_k5,1,21,黑猩猩 / chimpanzee (21),7,beetle,beetle (7),77.0,False,False,False
large_omnivores_and_herbivores,大型雜食/草食動物,random,large_omni_random_seed1_k5,1,21,黑猩猩 / chimpanzee (21),8,bicycle,腳踏車 / bicycle (8),82.0,False,False,False
large_omnivores_and_herbivores,大型雜食/草食動物,random,large_omni_random_seed1_k5,1,21,黑猩猩 / chimpanzee (21),9,bottle,bottle (9),82.0,False,False,False
large_omnivores_and_herbivores,大型雜食/草食動物,random,large_omni_random_seed1_k5,1,21,黑猩猩 / chimpanzee (21),10,bowl,bowl (10),48.0,False,False,False
large_omnivores_and_herbivores,大型雜食/草食動物,random,large_omni_random_seed1_k5,1,21,黑猩猩 / chimpanzee (21),11,boy,boy (11),46.0,False,False,False
large_omnivores_and_herbivores,大型雜食/草食動物,random,large_omni_random_seed1_k5,1,21,黑猩猩 / chimpanzee (21),12,bridge,bridge (12),78.0,False,False,False
large_omnivores_and_herbivores,大型雜食/草食動物,random,large_omni_random_seed1_k5,1,21,黑猩猩 / chimpanzee (21),13,bus,公車 / bus (13),65.0,False,False,False
large_omnivores_and_herbivores,大型雜食/草食動物,random,large_omni_random_seed1_k5,1,21,黑猩猩 / chimpanzee (21),14,butterfly,butterfly (14),54.0,False,False,False
large_omnivores_and_herbivores,大型雜食/草食動物,random,large_omni_random_seed1_k5,1,21,黑猩猩 / chimpanzee (21),15,camel,駱駝 / camel (15),72.0,False,False,True
large_omnivores_and_herbivores,大型雜食/草食動物,random,large_omni_random_seed1_k5,1,21,黑猩猩 / chimpanzee (21),16,can,can (16),79.0,False,False,False
large_omnivores_and_herbivores,大型雜食/草食動物,random,large_omni_random_seed1_k5,1,21,黑猩猩 / chimpanzee (21),17,castle,castle (17),82.0,False,False,False
large_omnivores_and_herbivores,大型雜食/草食動物,random,large_omni_random_seed1_k5,1,21,黑猩猩 / chimpanzee (21),18,caterpillar,caterpillar (18),66.0,False,False,False
large_omnivores_and_herbivores,大型雜食/草食動物,random,large_omni_random_seed1_k5,1,21,黑猩猩 / chimpanzee (21),19,cattle,牛 / cattle (19),65.0,False,False,True
large_omnivores_and_herbivores,大型雜食/草食動物,random,large_omni_random_seed1_k5,1,21,黑猩猩 / chimpanzee (21),20,chair,chair (20),85.0,False,False,False
large_omnivores_and_herbivores,大型雜食/草食動物,random,large_omni_random_seed1_k5,1,21,黑猩猩 / chimpanzee (21),21,chimpanzee,黑猩猩 / chimpanzee (21),0.0,True,True,True
large_omnivores_and_herbivores,大型雜食/草食動物,random,large_omni_random_seed1_k5,1,21,黑猩猩 / chimpanzee (21),22,clock,clock (22),64.0,False,False,False
large_omnivores_and_herbivores,大型雜食/草食動物,random,large_omni_random_seed1_k5,1,21,黑猩猩 / chimpanzee (21),23,cloud,cloud (23),80.0,False,False,False
large_omnivores_and_herbivores,大型雜食/草食動物,random,large_omni_random_seed1_k5,1,21,黑猩猩 / chimpanzee (21),24,cockroach,cockroach (24),81.0,False,False,False
large_omnivores_and_herbivores,大型雜食/草食動物,random,large_omni_random_seed1_k5,1,21,黑猩猩 / chimpanzee (21),25,couch,couch (25),55.0,False,False,False
large_omnivores_and_herbivores,大型雜食/草食動物,random,large_omni_random_seed1_k5,1,21,黑猩猩 / chimpanzee (21),26,crab,crab (26),64.0,False,False,False
large_omnivores_and_herbivores,大型雜食/草食動物,random,large_omni_random_seed1_k5,1,21,黑猩猩 / chimpanzee (21),27,crocodile,crocodile (27),55.0,False,False,False
large_omnivores_and_herbivores,大型雜食/草食動物,random,large_omni_random_seed1_k5,1,21,黑猩猩 / chimpanzee (21),28,cup,cup (28),75.0,False,False,False
large_omnivores_and_herbivores,大型雜食/草食動物,random,large_omni_random_seed1_k5,1,21,黑猩猩 / chimpanzee (21),29,dinosaur,dinosaur (29),67.0,False,False,False
large_omnivores_and_herbivores,大型雜食/草食動物,random,large_omni_random_seed1_k5,1,21,黑猩猩 / chimpanzee (21),30,dolphin,dolphin (30),68.0,False,False,False
large_omnivores_and_herbivores,大型雜食/草食動物,random,large_omni_random_seed1_k5,1,21,黑猩猩 / chimpanzee (21),31,elephant,大象 / elephant (31),66.0,False,False,True
large_omnivores_and_herbivores,大型雜食/草食動物,random,large_omni_random_seed1_k5,1,21,黑猩猩 / chimpanzee (21),32,flatfish,flatfish (32),63.0,False,False,False
large_omnivores_and_herbivores,大型雜食/草食動物,random,large_omni_random_seed1_k5,1,21,黑猩猩 / chimpanzee (21),33,forest,forest (33),60.0,False,False,False
large_omnivores_and_herbivores,大型雜食/草食動物,random,large_omni_random_seed1_k5,1,21,黑猩猩 / chimpanzee (21),34,fox,fox (34),75.0,False,False,False
large_omnivores_and_herbivores,大型雜食/草食動物,random,large_omni_random_seed1_k5,1,21,黑猩猩 / chimpanzee (21),35,girl,girl (35),46.0,False,False,False
large_omnivores_and_herbivores,大型雜食/草食動物,random,large_omni_random_seed1_k5,1,21,黑猩猩 / chimpanzee (21),36,hamster,hamster (36),82.0,False,False,False
large_omnivores_and_herbivores,大型雜食/草食動物,random,large_omni_random_seed1_k5,1,21,黑猩猩 / chimpanzee (21),37,house,house (37),79.0,False,False,False
large_omnivores_and_herbivores,大型雜食/草食動物,random,large_omni_random_seed1_k5,1,21,黑猩猩 / chimpanzee (21),38,kangaroo,袋鼠 / kangaroo (38),60.0,False,False,True
large_omnivores_and_herbivores,大型雜食/草食動物,random,large_omni_random_seed1_k5,1,21,黑猩猩 / chimpanzee (21),39,keyboard,keyboard (39),81.0,False,False,False
large_omnivores_and_herbivores,大型雜食/草食動物,random,large_omni_random_seed1_k5,1,21,黑猩猩 / chimpanzee (21),40,lamp,lamp (40),64.0,False,False,False
large_omnivores_and_herbivores,大型雜食/草食動物,random,large_omni_random_seed1_k5,1,21,黑猩猩 / chimpanzee (21),41,lawn_mower,lawn_mower (41),88.0,False,False,False
large_omnivores_and_herbivores,大型雜食/草食動物,random,large_omni_random_seed1_k5,1,21,黑猩猩 / chimpanzee (21),42,leopard,leopard (42),73.0,False,False,False
large_omnivores_and_herbivores,大型雜食/草食動物,random,large_omni_random_seed1_k5,1,21,黑猩猩 / chimpanzee (21),43,lion,lion (43),84.0,False,False,False
large_omnivores_and_herbivores,大型雜食/草食動物,random,large_omni_random_seed1_k5,1,21,黑猩猩 / chimpanzee (21),44,lizard,lizard (44),47.0,False,False,False
large_omnivores_and_herbivores,大型雜食/草食動物,random,large_omni_random_seed1_k5,1,21,黑猩猩 / chimpanzee (21),45,lobster,lobster (45),68.0,False,False,False
large_omnivores_and_herbivores,大型雜食/草食動物,random,large_omni_random_seed1_k5,1,21,黑猩猩 / chimpanzee (21),46,man,man (46),44.0,False,False,False
large_omnivores_and_herbivores,大型雜食/草食動物,random,large_omni_random_seed1_k5,1,21,黑猩猩 / chimpanzee (21),47,maple_tree,maple_tree (47),66.0,False,False,False
large_omnivores_and_herbivores,大型雜食/草食動物,random,large_omni_random_seed1_k5,1,21,黑猩猩 / chimpanzee (21),48,motorcycle,摩托車 / motorcycle (48),93.0,False,False,False
large_omnivores_and_herbivores,大型雜食/草食動物,random,large_omni_random_seed1_k5,1,21,黑猩猩 / chimpanzee (21),49,mountain,mountain (49),83.0,False,False,False
large_omnivores_and_herbivores,大型雜食/草食動物,random,large_omni_random_seed1_k5,1,21,黑猩猩 / chimpanzee (21),50,mouse,mouse (50),54.0,False,False,False
large_omnivores_and_herbivores,大型雜食/草食動物,random,large_omni_random_seed1_k5,1,21,黑猩猩 / chimpanzee (21),51,mushroom,mushroom (51),67.0,False,False,False
large_omnivores_and_herbivores,大型雜食/草食動物,random,large_omni_random_seed1_k5,1,21,黑猩猩 / chimpanzee (21),52,oak_tree,oak_tree (52),67.0,False,False,False
large_omnivores_and_herbivores,大型雜食/草食動物,random,large_omni_random_seed1_k5,1,21,黑猩猩 / chimpanzee (21),53,orange,orange (53),90.0,False,False,False
large_omnivores_and_herbivores,大型雜食/草食動物,random,large_omni_random_seed1_k5,1,21,黑猩猩 / chimpanzee (21),54,orchid,蘭花 / orchid (54),82.0,False,False,False
large_omnivores_and_herbivores,大型雜食/草食動物,random,large_omni_random_seed1_k5,1,21,黑猩猩 / chimpanzee (21),55,otter,otter (55),43.0,False,False,False
large_omnivores_and_herbivores,大型雜食/草食動物,random,large_omni_random_seed1_k5,1,21,黑猩猩 / chimpanzee (21),56,palm_tree,palm_tree (56),88.0,False,False,False
large_omnivores_and_herbivores,大型雜食/草食動物,random,large_omni_random_seed1_k5,1,21,黑猩猩 / chimpanzee (21),57,pear,pear (57),77.0,False,False,False
large_omnivores_and_herbivores,大型雜食/草食動物,random,large_omni_random_seed1_k5,1,21,黑猩猩 / chimpanzee (21),58,pickup_truck,皮卡車 / pickup_truck (58),86.0,False,False,False
large_omnivores_and_herbivores,大型雜食/草食動物,random,large_omni_random_seed1_k5,1,21,黑猩猩 / chimpanzee (21),59,pine_tree,pine_tree (59),70.0,False,False,False
large_omnivores_and_herbivores,大型雜食/草食動物,random,large_omni_random_seed1_k5,1,21,黑猩猩 / chimpanzee (21),60,plain,plain (60),86.0,False,False,False
large_omnivores_and_herbivores,大型雜食/草食動物,random,large_omni_random_seed1_k5,1,21,黑猩猩 / chimpanzee (21),61,plate,plate (61),68.0,False,False,False
large_omnivores_and_herbivores,大型雜食/草食動物,random,large_omni_random_seed1_k5,1,21,黑猩猩 / chimpanzee (21),62,poppy,罌粟花 / poppy (62),80.0,False,False,False
large_omnivores_and_herbivores,大型雜食/草食動物,random,large_omni_random_seed1_k5,1,21,黑猩猩 / chimpanzee (21),63,porcupine,porcupine (63),69.0,False,False,False
large_omnivores_and_herbivores,大型雜食/草食動物,random,large_omni_random_seed1_k5,1,21,黑猩猩 / chimpanzee (21),64,possum,possum (64),50.0,False,False,False
large_omnivores_and_herbivores,大型雜食/草食動物,random,large_omni_random_seed1_k5,1,21,黑猩猩 / chimpanzee (21),65,rabbit,rabbit (65),58.0,False,False,False
large_omnivores_and_herbivores,大型雜食/草食動物,random,large_omni_random_seed1_k5,1,21,黑猩猩 / chimpanzee (21),66,raccoon,raccoon (66),80.0,False,False,False
large_omnivores_and_herbivores,大型雜食/草食動物,random,large_omni_random_seed1_k5,1,21,黑猩猩 / chimpanzee (21),67,ray,ray (67),55.0,False,False,False
large_omnivores_and_herbivores,大型雜食/草食動物,random,large_omni_random_seed1_k5,1,21,黑猩猩 / chimpanzee (21),68,road,road (68),93.0,False,False,False
large_omnivores_and_herbivores,大型雜食/草食動物,random,large_omni_random_seed1_k5,1,21,黑猩猩 / chimpanzee (21),69,rocket,rocket (69),81.0,False,False,False
large_omnivores_and_herbivores,大型雜食/草食動物,random,large_omni_random_seed1_k5,1,21,黑猩猩 / chimpanzee (21),70,rose,玫瑰 / rose (70),73.0,False,False,False
large_omnivores_and_herbivores,大型雜食/草食動物,random,large_omni_random_seed1_k5,1,21,黑猩猩 / chimpanzee (21),71,sea,sea (71),78.0,False,False,False
large_omnivores_and_herbivores,大型雜食/草食動物,random,large_omni_random_seed1_k5,1,21,黑猩猩 / chimpanzee (21),72,seal,seal (72),41.0,False,False,False
large_omnivores_and_herbivores,大型雜食/草食動物,random,large_omni_random_seed1_k5,1,21,黑猩猩 / chimpanzee (21),73,shark,shark (73),57.0,False,False,False
large_omnivores_and_herbivores,大型雜食/草食動物,random,large_omni_random_seed1_k5,1,21,黑猩猩 / chimpanzee (21),74,shrew,shrew (74),48.0,False,False,False
large_omnivores_and_herbivores,大型雜食/草食動物,random,large_omni_random_seed1_k5,1,21,黑猩猩 / chimpanzee (21),75,skunk,skunk (75),90.0,False,False,False
large_omnivores_and_herbivores,大型雜食/草食動物,random,large_omni_random_seed1_k5,1,21,黑猩猩 / chimpanzee (21),76,skyscraper,skyscraper (76),89.0,False,False,False
large_omnivores_and_herbivores,大型雜食/草食動物,random,large_omni_random_seed1_k5,1,21,黑猩猩 / chimpanzee (21),77,snail,snail (77),64.0,False,False,False
large_omnivores_and_herbivores,大型雜食/草食動物,random,large_omni_random_seed1_k5,1,21,黑猩猩 / chimpanzee (21),78,snake,snake (78),61.0,False,False,False
large_omnivores_and_herbivores,大型雜食/草食動物,random,large_omni_random_seed1_k5,1,21,黑猩猩 / chimpanzee (21),79,spider,spider (79),71.0,False,False,False
large_omnivores_and_herbivores,大型雜食/草食動物,random,large_omni_random_seed1_k5,1,21,黑猩猩 / chimpanzee (21),80,squirrel,squirrel (80),55.0,False,False,False
large_omnivores_and_herbivores,大型雜食/草食動物,random,large_omni_random_seed1_k5,1,21,黑猩猩 / chimpanzee (21),81,streetcar,streetcar (81),75.0,False,False,False
large_omnivores_and_herbivores,大型雜食/草食動物,random,large_omni_random_seed1_k5,1,21,黑猩猩 / chimpanzee (21),82,sunflower,向日葵 / sunflower (82),90.0,False,False,False
large_omnivores_and_herbivores,大型雜食/草食動物,random,large_omni_random_seed1_k5,1,21,黑猩猩 / chimpanzee (21),83,sweet_pepper,sweet_pepper (83),67.0,False,False,False
large_omnivores_and_herbivores,大型雜食/草食動物,random,large_omni_random_seed1_k5,1,21,黑猩猩 / chimpanzee (21),84,table,table (84),70.0,False,False,False
large_omnivores_and_herbivores,大型雜食/草食動物,random,large_omni_random_seed1_k5,1,21,黑猩猩 / chimpanzee (21),85,tank,tank (85),71.0,False,False,False
large_omnivores_and_herbivores,大型雜食/草食動物,random,large_omni_random_seed1_k5,1,21,黑猩猩 / chimpanzee (21),86,telephone,telephone (86),70.0,False,False,False
large_omnivores_and_herbivores,大型雜食/草食動物,random,large_omni_random_seed1_k5,1,21,黑猩猩 / chimpanzee (21),87,television,television (87),78.0,False,False,False
large_omnivores_and_herbivores,大型雜食/草食動物,random,large_omni_random_seed1_k5,1,21,黑猩猩 / chimpanzee (21),88,tiger,tiger (88),79.0,False,False,False
large_omnivores_and_herbivores,大型雜食/草食動物,random,large_omni_random_seed1_k5,1,21,黑猩猩 / chimpanzee (21),89,tractor,tractor (89),82.0,False,False,False
large_omnivores_and_herbivores,大型雜食/草食動物,random,large_omni_random_seed1_k5,1,21,黑猩猩 / chimpanzee (21),90,train,火車 / train (90),84.0,False,False,False
large_omnivores_and_herbivores,大型雜食/草食動物,random,large_omni_random_seed1_k5,1,21,黑猩猩 / chimpanzee (21),91,trout,trout (91),78.0,False,False,False
large_omnivores_and_herbivores,大型雜食/草食動物,random,large_omni_random_seed1_k5,1,21,黑猩猩 / chimpanzee (21),92,tulip,鬱金香 / tulip (92),61.0,False,False,False
large_omnivores_and_herbivores,大型雜食/草食動物,random,large_omni_random_seed1_k5,1,21,黑猩猩 / chimpanzee (21),93,turtle,turtle (93),57.0,False,False,False
large_omnivores_and_herbivores,大型雜食/草食動物,random,large_omni_random_seed1_k5,1,21,黑猩猩 / chimpanzee (21),94,wardrobe,wardrobe (94),90.0,False,False,False
large_omnivores_and_herbivores,大型雜食/草食動物,random,large_omni_random_seed1_k5,1,21,黑猩猩 / chimpanzee (21),95,whale,whale (95),74.0,False,False,False
large_omnivores_and_herbivores,大型雜食/草食動物,random,large_omni_random_seed1_k5,1,21,黑猩猩 / chimpanzee (21),96,willow_tree,willow_tree (96),64.0,False,False,False
large_omnivores_and_herbivores,大型雜食/草食動物,random,large_omni_random_seed1_k5,1,21,黑猩猩 / chimpanzee (21),97,wolf,wolf (97),75.0,False,False,False
large_omnivores_and_herbivores,大型雜食/草食動物,random,large_omni_random_seed1_k5,1,21,黑猩猩 / chimpanzee (21),98,woman,woman (98),52.0,False,False,False
large_omnivores_and_herbivores,大型雜食/草食動物,random,large_omni_random_seed1_k5,1,21,黑猩猩 / chimpanzee (21),99,worm,worm (99),72.0,False,False,False
large_omnivores_and_herbivores,大型雜食/草食動物,random,large_omni_random_seed1_k5,2,15,駱駝 / camel (15),0,apple,apple (0),87.0,False,False,False
large_omnivores_and_herbivores,大型雜食/草食動物,random,large_omni_random_seed1_k5,2,15,駱駝 / camel (15),1,aquarium_fish,aquarium_fish (1),79.0,False,False,False
large_omnivores_and_herbivores,大型雜食/草食動物,random,large_omni_random_seed1_k5,2,15,駱駝 / camel (15),2,baby,baby (2),54.0,False,False,False
large_omnivores_and_herbivores,大型雜食/草食動物,random,large_omni_random_seed1_k5,2,15,駱駝 / camel (15),3,bear,bear (3),50.0,False,False,False
large_omnivores_and_herbivores,大型雜食/草食動物,random,large_omni_random_seed1_k5,2,15,駱駝 / camel (15),4,beaver,beaver (4),53.0,False,False,False
large_omnivores_and_herbivores,大型雜食/草食動物,random,large_omni_random_seed1_k5,2,15,駱駝 / camel (15),5,bed,bed (5),64.0,False,False,False
large_omnivores_and_herbivores,大型雜食/草食動物,random,large_omni_random_seed1_k5,2,15,駱駝 / camel (15),6,bee,bee (6),76.0,False,False,False
large_omnivores_and_herbivores,大型雜食/草食動物,random,large_omni_random_seed1_k5,2,15,駱駝 / camel (15),7,beetle,beetle (7),74.0,False,False,False
large_omnivores_and_herbivores,大型雜食/草食動物,random,large_omni_random_seed1_k5,2,15,駱駝 / camel (15),8,bicycle,腳踏車 / bicycle (8),83.0,False,False,False
large_omnivores_and_herbivores,大型雜食/草食動物,random,large_omni_random_seed1_k5,2,15,駱駝 / camel (15),9,bottle,bottle (9),77.0,False,False,False
large_omnivores_and_herbivores,大型雜食/草食動物,random,large_omni_random_seed1_k5,2,15,駱駝 / camel (15),10,bowl,bowl (10),46.0,False,False,False
large_omnivores_and_herbivores,大型雜食/草食動物,random,large_omni_random_seed1_k5,2,15,駱駝 / camel (15),11,boy,boy (11),46.0,False,False,False
large_omnivores_and_herbivores,大型雜食/草食動物,random,large_omni_random_seed1_k5,2,15,駱駝 / camel (15),12,bridge,bridge (12),80.0,False,False,False
large_omnivores_and_herbivores,大型雜食/草食動物,random,large_omni_random_seed1_k5,2,15,駱駝 / camel (15),13,bus,公車 / bus (13),68.0,False,False,False
large_omnivores_and_herbivores,大型雜食/草食動物,random,large_omni_random_seed1_k5,2,15,駱駝 / camel (15),14,butterfly,butterfly (14),58.0,False,False,False
large_omnivores_and_herbivores,大型雜食/草食動物,random,large_omni_random_seed1_k5,2,15,駱駝 / camel (15),15,camel,駱駝 / camel (15),0.0,True,True,True
large_omnivores_and_herbivores,大型雜食/草食動物,random,large_omni_random_seed1_k5,2,15,駱駝 / camel (15),16,can,can (16),78.0,False,False,False
large_omnivores_and_herbivores,大型雜食/草食動物,random,large_omni_random_seed1_k5,2,15,駱駝 / camel (15),17,castle,castle (17),78.0,False,False,False
large_omnivores_and_herbivores,大型雜食/草食動物,random,large_omni_random_seed1_k5,2,15,駱駝 / camel (15),18,caterpillar,caterpillar (18),64.0,False,False,False
large_omnivores_and_herbivores,大型雜食/草食動物,random,large_omni_random_seed1_k5,2,15,駱駝 / camel (15),19,cattle,牛 / cattle (19),67.0,False,False,True
large_omnivores_and_herbivores,大型雜食/草食動物,random,large_omni_random_seed1_k5,2,15,駱駝 / camel (15),20,chair,chair (20),86.0,False,False,False
large_omnivores_and_herbivores,大型雜食/草食動物,random,large_omni_random_seed1_k5,2,15,駱駝 / camel (15),21,chimpanzee,黑猩猩 / chimpanzee (21),1.0,True,False,True
large_omnivores_and_herbivores,大型雜食/草食動物,random,large_omni_random_seed1_k5,2,15,駱駝 / camel (15),22,clock,clock (22),66.0,False,False,False
large_omnivores_and_herbivores,大型雜食/草食動物,random,large_omni_random_seed1_k5,2,15,駱駝 / camel (15),23,cloud,cloud (23),81.0,False,False,False
large_omnivores_and_herbivores,大型雜食/草食動物,random,large_omni_random_seed1_k5,2,15,駱駝 / camel (15),24,cockroach,cockroach (24),78.0,False,False,False
large_omnivores_and_herbivores,大型雜食/草食動物,random,large_omni_random_seed1_k5,2,15,駱駝 / camel (15),25,couch,couch (25),58.0,False,False,False
large_omnivores_and_herbivores,大型雜食/草食動物,random,large_omni_random_seed1_k5,2,15,駱駝 / camel (15),26,crab,crab (26),66.0,False,False,False
large_omnivores_and_herbivores,大型雜食/草食動物,random,large_omni_random_seed1_k5,2,15,駱駝 / camel (15),27,crocodile,crocodile (27),51.0,False,False,False
large_omnivores_and_herbivores,大型雜食/草食動物,random,large_omni_random_seed1_k5,2,15,駱駝 / camel (15),28,cup,cup (28),75.0,False,False,False
large_omnivores_and_herbivores,大型雜食/草食動物,random,large_omni_random_seed1_k5,2,15,駱駝 / camel (15),29,dinosaur,dinosaur (29),64.0,False,False,False
large_omnivores_and_herbivores,大型雜食/草食動物,random,large_omni_random_seed1_k5,2,15,駱駝 / camel (15),30,dolphin,dolphin (30),68.0,False,False,False
large_omnivores_and_herbivores,大型雜食/草食動物,random,large_omni_random_seed1_k5,2,15,駱駝 / camel (15),31,elephant,大象 / elephant (31),69.0,False,False,True
large_omnivores_and_herbivores,大型雜食/草食動物,random,large_omni_random_seed1_k5,2,15,駱駝 / camel (15),32,flatfish,flatfish (32),62.0,False,False,False
large_omnivores_and_herbivores,大型雜食/草食動物,random,large_omni_random_seed1_k5,2,15,駱駝 / camel (15),33,forest,forest (33),57.0,False,False,False
large_omnivores_and_herbivores,大型雜食/草食動物,random,large_omni_random_seed1_k5,2,15,駱駝 / camel (15),34,fox,fox (34),73.0,False,False,False
large_omnivores_and_herbivores,大型雜食/草食動物,random,large_omni_random_seed1_k5,2,15,駱駝 / camel (15),35,girl,girl (35),50.0,False,False,False
large_omnivores_and_herbivores,大型雜食/草食動物,random,large_omni_random_seed1_k5,2,15,駱駝 / camel (15),36,hamster,hamster (36),82.0,False,False,False
large_omnivores_and_herbivores,大型雜食/草食動物,random,large_omni_random_seed1_k5,2,15,駱駝 / camel (15),37,house,house (37),79.0,False,False,False
large_omnivores_and_herbivores,大型雜食/草食動物,random,large_omni_random_seed1_k5,2,15,駱駝 / camel (15),38,kangaroo,袋鼠 / kangaroo (38),65.0,False,False,True
large_omnivores_and_herbivores,大型雜食/草食動物,random,large_omni_random_seed1_k5,2,15,駱駝 / camel (15),39,keyboard,keyboard (39),77.0,False,False,False
large_omnivores_and_herbivores,大型雜食/草食動物,random,large_omni_random_seed1_k5,2,15,駱駝 / camel (15),40,lamp,lamp (40),60.0,False,False,False
large_omnivores_and_herbivores,大型雜食/草食動物,random,large_omni_random_seed1_k5,2,15,駱駝 / camel (15),41,lawn_mower,lawn_mower (41),88.0,False,False,False
large_omnivores_and_herbivores,大型雜食/草食動物,random,large_omni_random_seed1_k5,2,15,駱駝 / camel (15),42,leopard,leopard (42),73.0,False,False,False
large_omnivores_and_herbivores,大型雜食/草食動物,random,large_omni_random_seed1_k5,2,15,駱駝 / camel (15),43,lion,lion (43),85.0,False,False,False
large_omnivores_and_herbivores,大型雜食/草食動物,random,large_omni_random_seed1_k5,2,15,駱駝 / camel (15),44,lizard,lizard (44),47.0,False,False,False
large_omnivores_and_herbivores,大型雜食/草食動物,random,large_omni_random_seed1_k5,2,15,駱駝 / camel (15),45,lobster,lobster (45),63.0,False,False,False
large_omnivores_and_herbivores,大型雜食/草食動物,random,large_omni_random_seed1_k5,2,15,駱駝 / camel (15),46,man,man (46),46.0,False,False,False
large_omnivores_and_herbivores,大型雜食/草食動物,random,large_omni_random_seed1_k5,2,15,駱駝 / camel (15),47,maple_tree,maple_tree (47),66.0,False,False,False
large_omnivores_and_herbivores,大型雜食/草食動物,random,large_omni_random_seed1_k5,2,15,駱駝 / camel (15),48,motorcycle,摩托車 / motorcycle (48),95.0,False,False,False
large_omnivores_and_herbivores,大型雜食/草食動物,random,large_omni_random_seed1_k5,2,15,駱駝 / camel (15),49,mountain,mountain (49),83.0,False,False,False
large_omnivores_and_herbivores,大型雜食/草食動物,random,large_omni_random_seed1_k5,2,15,駱駝 / camel (15),50,mouse,mouse (50),52.0,False,False,False
large_omnivores_and_herbivores,大型雜食/草食動物,random,large_omni_random_seed1_k5,2,15,駱駝 / camel (15),51,mushroom,mushroom (51),68.0,False,False,False
large_omnivores_and_herbivores,大型雜食/草食動物,random,large_omni_random_seed1_k5,2,15,駱駝 / camel (15),52,oak_tree,oak_tree (52),65.0,False,False,False
large_omnivores_and_herbivores,大型雜食/草食動物,random,large_omni_random_seed1_k5,2,15,駱駝 / camel (15),53,orange,orange (53),89.0,False,False,False
large_omnivores_and_herbivores,大型雜食/草食動物,random,large_omni_random_seed1_k5,2,15,駱駝 / camel (15),54,orchid,蘭花 / orchid (54),82.0,False,False,False
large_omnivores_and_herbivores,大型雜食/草食動物,random,large_omni_random_seed1_k5,2,15,駱駝 / camel (15),55,otter,otter (55),40.0,False,False,False
large_omnivores_and_herbivores,大型雜食/草食動物,random,large_omni_random_seed1_k5,2,15,駱駝 / camel (15),56,palm_tree,palm_tree (56),88.0,False,False,False
large_omnivores_and_herbivores,大型雜食/草食動物,random,large_omni_random_seed1_k5,2,15,駱駝 / camel (15),57,pear,pear (57),78.0,False,False,False
large_omnivores_and_herbivores,大型雜食/草食動物,random,large_omni_random_seed1_k5,2,15,駱駝 / camel (15),58,pickup_truck,皮卡車 / pickup_truck (58),87.0,False,False,False
large_omnivores_and_herbivores,大型雜食/草食動物,random,large_omni_random_seed1_k5,2,15,駱駝 / camel (15),59,pine_tree,pine_tree (59),70.0,False,False,False
large_omnivores_and_herbivores,大型雜食/草食動物,random,large_omni_random_seed1_k5,2,15,駱駝 / camel (15),60,plain,plain (60),86.0,False,False,False
large_omnivores_and_herbivores,大型雜食/草食動物,random,large_omni_random_seed1_k5,2,15,駱駝 / camel (15),61,plate,plate (61),67.0,False,False,False
large_omnivores_and_herbivores,大型雜食/草食動物,random,large_omni_random_seed1_k5,2,15,駱駝 / camel (15),62,poppy,罌粟花 / poppy (62),81.0,False,False,False
large_omnivores_and_herbivores,大型雜食/草食動物,random,large_omni_random_seed1_k5,2,15,駱駝 / camel (15),63,porcupine,porcupine (63),70.0,False,False,False
large_omnivores_and_herbivores,大型雜食/草食動物,random,large_omni_random_seed1_k5,2,15,駱駝 / camel (15),64,possum,possum (64),53.0,False,False,False
large_omnivores_and_herbivores,大型雜食/草食動物,random,large_omni_random_seed1_k5,2,15,駱駝 / camel (15),65,rabbit,rabbit (65),62.0,False,False,False
large_omnivores_and_herbivores,大型雜食/草食動物,random,large_omni_random_seed1_k5,2,15,駱駝 / camel (15),66,raccoon,raccoon (66),78.0,False,False,False
large_omnivores_and_herbivores,大型雜食/草食動物,random,large_omni_random_seed1_k5,2,15,駱駝 / camel (15),67,ray,ray (67),58.0,False,False,False
large_omnivores_and_herbivores,大型雜食/草食動物,random,large_omni_random_seed1_k5,2,15,駱駝 / camel (15),68,road,road (68),94.0,False,False,False
large_omnivores_and_herbivores,大型雜食/草食動物,random,large_omni_random_seed1_k5,2,15,駱駝 / camel (15),69,rocket,rocket (69),79.0,False,False,False
large_omnivores_and_herbivores,大型雜食/草食動物,random,large_omni_random_seed1_k5,2,15,駱駝 / camel (15),70,rose,玫瑰 / rose (70),72.0,False,False,False
large_omnivores_and_herbivores,大型雜食/草食動物,random,large_omni_random_seed1_k5,2,15,駱駝 / camel (15),71,sea,sea (71),77.0,False,False,False
large_omnivores_and_herbivores,大型雜食/草食動物,random,large_omni_random_seed1_k5,2,15,駱駝 / camel (15),72,seal,seal (72),44.0,False,False,False
large_omnivores_and_herbivores,大型雜食/草食動物,random,large_omni_random_seed1_k5,2,15,駱駝 / camel (15),73,shark,shark (73),54.0,False,False,False
large_omnivores_and_herbivores,大型雜食/草食動物,random,large_omni_random_seed1_k5,2,15,駱駝 / camel (15),74,shrew,shrew (74),48.0,False,False,False
large_omnivores_and_herbivores,大型雜食/草食動物,random,large_omni_random_seed1_k5,2,15,駱駝 / camel (15),75,skunk,skunk (75),93.0,False,False,False
large_omnivores_and_herbivores,大型雜食/草食動物,random,large_omni_random_seed1_k5,2,15,駱駝 / camel (15),76,skyscraper,skyscraper (76),89.0,False,False,False
large_omnivores_and_herbivores,大型雜食/草食動物,random,large_omni_random_seed1_k5,2,15,駱駝 / camel (15),77,snail,snail (77),65.0,False,False,False
large_omnivores_and_herbivores,大型雜食/草食動物,random,large_omni_random_seed1_k5,2,15,駱駝 / camel (15),78,snake,snake (78),61.0,False,False,False
large_omnivores_and_herbivores,大型雜食/草食動物,random,large_omni_random_seed1_k5,2,15,駱駝 / camel (15),79,spider,spider (79),73.0,False,False,False
large_omnivores_and_herbivores,大型雜食/草食動物,random,large_omni_random_seed1_k5,2,15,駱駝 / camel (15),80,squirrel,squirrel (80),51.0,False,False,False
large_omnivores_and_herbivores,大型雜食/草食動物,random,large_omni_random_seed1_k5,2,15,駱駝 / camel (15),81,streetcar,streetcar (81),72.0,False,False,False
large_omnivores_and_herbivores,大型雜食/草食動物,random,large_omni_random_seed1_k5,2,15,駱駝 / camel (15),82,sunflower,向日葵 / sunflower (82),92.0,False,False,False
large_omnivores_and_herbivores,大型雜食/草食動物,random,large_omni_random_seed1_k5,2,15,駱駝 / camel (15),83,sweet_pepper,sweet_pepper (83),66.0,False,False,False
large_omnivores_and_herbivores,大型雜食/草食動物,random,large_omni_random_seed1_k5,2,15,駱駝 / camel (15),84,table,table (84),66.0,False,False,False
large_omnivores_and_herbivores,大型雜食/草食動物,random,large_omni_random_seed1_k5,2,15,駱駝 / camel (15),85,tank,tank (85),73.0,False,False,False
large_omnivores_and_herbivores,大型雜食/草食動物,random,large_omni_random_seed1_k5,2,15,駱駝 / camel (15),86,telephone,telephone (86),69.0,False,False,False
large_omnivores_and_herbivores,大型雜食/草食動物,random,large_omni_random_seed1_k5,2,15,駱駝 / camel (15),87,television,television (87),79.0,False,False,False
large_omnivores_and_herbivores,大型雜食/草食動物,random,large_omni_random_seed1_k5,2,15,駱駝 / camel (15),88,tiger,tiger (88),77.0,False,False,False
large_omnivores_and_herbivores,大型雜食/草食動物,random,large_omni_random_seed1_k5,2,15,駱駝 / camel (15),89,tractor,tractor (89),85.0,False,False,False
large_omnivores_and_herbivores,大型雜食/草食動物,random,large_omni_random_seed1_k5,2,15,駱駝 / camel (15),90,train,火車 / train (90),81.0,False,False,False
large_omnivores_and_herbivores,大型雜食/草食動物,random,large_omni_random_seed1_k5,2,15,駱駝 / camel (15),91,trout,trout (91),78.0,False,False,False
large_omnivores_and_herbivores,大型雜食/草食動物,random,large_omni_random_seed1_k5,2,15,駱駝 / camel (15),92,tulip,鬱金香 / tulip (92),60.0,False,False,False
large_omnivores_and_herbivores,大型雜食/草食動物,random,large_omni_random_seed1_k5,2,15,駱駝 / camel (15),93,turtle,turtle (93),59.0,False,False,False
large_omnivores_and_herbivores,大型雜食/草食動物,random,large_omni_random_seed1_k5,2,15,駱駝 / camel (15),94,wardrobe,wardrobe (94),91.0,False,False,False
large_omnivores_and_herbivores,大型雜食/草食動物,random,large_omni_random_seed1_k5,2,15,駱駝 / camel (15),95,whale,whale (95),73.0,False,False,False
large_omnivores_and_herbivores,大型雜食/草食動物,random,large_omni_random_seed1_k5,2,15,駱駝 / camel (15),96,willow_tree,willow_tree (96),64.0,False,False,False
large_omnivores_and_herbivores,大型雜食/草食動物,random,large_omni_random_seed1_k5,2,15,駱駝 / camel (15),97,wolf,wolf (97),77.0,False,False,False
large_omnivores_and_herbivores,大型雜食/草食動物,random,large_omni_random_seed1_k5,2,15,駱駝 / camel (15),98,woman,woman (98),52.0,False,False,False
large_omnivores_and_herbivores,大型雜食/草食動物,random,large_omni_random_seed1_k5,2,15,駱駝 / camel (15),99,worm,worm (99),71.0,False,False,False
large_omnivores_and_herbivores,大型雜食/草食動物,random,large_omni_random_seed1_k5,3,38,袋鼠 / kangaroo (38),0,apple,apple (0),89.0,False,False,False
large_omnivores_and_herbivores,大型雜食/草食動物,random,large_omni_random_seed1_k5,3,38,袋鼠 / kangaroo (38),1,aquarium_fish,aquarium_fish (1),83.0,False,False,False
large_omnivores_and_herbivores,大型雜食/草食動物,random,large_omni_random_seed1_k5,3,38,袋鼠 / kangaroo (38),2,baby,baby (2),50.0,False,False,False
large_omnivores_and_herbivores,大型雜食/草食動物,random,large_omni_random_seed1_k5,3,38,袋鼠 / kangaroo (38),3,bear,bear (3),51.0,False,False,False
large_omnivores_and_herbivores,大型雜食/草食動物,random,large_omni_random_seed1_k5,3,38,袋鼠 / kangaroo (38),4,beaver,beaver (4),62.0,False,False,False
large_omnivores_and_herbivores,大型雜食/草食動物,random,large_omni_random_seed1_k5,3,38,袋鼠 / kangaroo (38),5,bed,bed (5),68.0,False,False,False
large_omnivores_and_herbivores,大型雜食/草食動物,random,large_omni_random_seed1_k5,3,38,袋鼠 / kangaroo (38),6,bee,bee (6),79.0,False,False,False
large_omnivores_and_herbivores,大型雜食/草食動物,random,large_omni_random_seed1_k5,3,38,袋鼠 / kangaroo (38),7,beetle,beetle (7),76.0,False,False,False
large_omnivores_and_herbivores,大型雜食/草食動物,random,large_omni_random_seed1_k5,3,38,袋鼠 / kangaroo (38),8,bicycle,腳踏車 / bicycle (8),80.0,False,False,False
large_omnivores_and_herbivores,大型雜食/草食動物,random,large_omni_random_seed1_k5,3,38,袋鼠 / kangaroo (38),9,bottle,bottle (9),79.0,False,False,False
large_omnivores_and_herbivores,大型雜食/草食動物,random,large_omni_random_seed1_k5,3,38,袋鼠 / kangaroo (38),10,bowl,bowl (10),44.0,False,False,False
large_omnivores_and_herbivores,大型雜食/草食動物,random,large_omni_random_seed1_k5,3,38,袋鼠 / kangaroo (38),11,boy,boy (11),52.0,False,False,False
large_omnivores_and_herbivores,大型雜食/草食動物,random,large_omni_random_seed1_k5,3,38,袋鼠 / kangaroo (38),12,bridge,bridge (12),81.0,False,False,False
large_omnivores_and_herbivores,大型雜食/草食動物,random,large_omni_random_seed1_k5,3,38,袋鼠 / kangaroo (38),13,bus,公車 / bus (13),63.0,False,False,False
large_omnivores_and_herbivores,大型雜食/草食動物,random,large_omni_random_seed1_k5,3,38,袋鼠 / kangaroo (38),14,butterfly,butterfly (14),56.0,False,False,False
large_omnivores_and_herbivores,大型雜食/草食動物,random,large_omni_random_seed1_k5,3,38,袋鼠 / kangaroo (38),15,camel,駱駝 / camel (15),0.0,True,False,True
large_omnivores_and_herbivores,大型雜食/草食動物,random,large_omni_random_seed1_k5,3,38,袋鼠 / kangaroo (38),16,can,can (16),79.0,False,False,False
large_omnivores_and_herbivores,大型雜食/草食動物,random,large_omni_random_seed1_k5,3,38,袋鼠 / kangaroo (38),17,castle,castle (17),82.0,False,False,False
large_omnivores_and_herbivores,大型雜食/草食動物,random,large_omni_random_seed1_k5,3,38,袋鼠 / kangaroo (38),18,caterpillar,caterpillar (18),67.0,False,False,False
large_omnivores_and_herbivores,大型雜食/草食動物,random,large_omni_random_seed1_k5,3,38,袋鼠 / kangaroo (38),19,cattle,牛 / cattle (19),67.0,False,False,True
large_omnivores_and_herbivores,大型雜食/草食動物,random,large_omni_random_seed1_k5,3,38,袋鼠 / kangaroo (38),20,chair,chair (20),86.0,False,False,False
large_omnivores_and_herbivores,大型雜食/草食動物,random,large_omni_random_seed1_k5,3,38,袋鼠 / kangaroo (38),21,chimpanzee,黑猩猩 / chimpanzee (21),3.0,True,False,True
large_omnivores_and_herbivores,大型雜食/草食動物,random,large_omni_random_seed1_k5,3,38,袋鼠 / kangaroo (38),22,clock,clock (22),68.0,False,False,False
large_omnivores_and_herbivores,大型雜食/草食動物,random,large_omni_random_seed1_k5,3,38,袋鼠 / kangaroo (38),23,cloud,cloud (23),80.0,False,False,False
large_omnivores_and_herbivores,大型雜食/草食動物,random,large_omni_random_seed1_k5,3,38,袋鼠 / kangaroo (38),24,cockroach,cockroach (24),80.0,False,False,False
large_omnivores_and_herbivores,大型雜食/草食動物,random,large_omni_random_seed1_k5,3,38,袋鼠 / kangaroo (38),25,couch,couch (25),53.0,False,False,False
large_omnivores_and_herbivores,大型雜食/草食動物,random,large_omni_random_seed1_k5,3,38,袋鼠 / kangaroo (38),26,crab,crab (26),65.0,False,False,False
large_omnivores_and_herbivores,大型雜食/草食動物,random,large_omni_random_seed1_k5,3,38,袋鼠 / kangaroo (38),27,crocodile,crocodile (27),53.0,False,False,False
large_omnivores_and_herbivores,大型雜食/草食動物,random,large_omni_random_seed1_k5,3,38,袋鼠 / kangaroo (38),28,cup,cup (28),75.0,False,False,False
large_omnivores_and_herbivores,大型雜食/草食動物,random,large_omni_random_seed1_k5,3,38,袋鼠 / kangaroo (38),29,dinosaur,dinosaur (29),64.0,False,False,False
large_omnivores_and_herbivores,大型雜食/草食動物,random,large_omni_random_seed1_k5,3,38,袋鼠 / kangaroo (38),30,dolphin,dolphin (30),70.0,False,False,False
large_omnivores_and_herbivores,大型雜食/草食動物,random,large_omni_random_seed1_k5,3,38,袋鼠 / kangaroo (38),31,elephant,大象 / elephant (31),65.0,False,False,True
large_omnivores_and_herbivores,大型雜食/草食動物,random,large_omni_random_seed1_k5,3,38,袋鼠 / kangaroo (38),32,flatfish,flatfish (32),65.0,False,False,False
large_omnivores_and_herbivores,大型雜食/草食動物,random,large_omni_random_seed1_k5,3,38,袋鼠 / kangaroo (38),33,forest,forest (33),58.0,False,False,False
large_omnivores_and_herbivores,大型雜食/草食動物,random,large_omni_random_seed1_k5,3,38,袋鼠 / kangaroo (38),34,fox,fox (34),76.0,False,False,False
large_omnivores_and_herbivores,大型雜食/草食動物,random,large_omni_random_seed1_k5,3,38,袋鼠 / kangaroo (38),35,girl,girl (35),46.0,False,False,False
large_omnivores_and_herbivores,大型雜食/草食動物,random,large_omni_random_seed1_k5,3,38,袋鼠 / kangaroo (38),36,hamster,hamster (36),81.0,False,False,False
large_omnivores_and_herbivores,大型雜食/草食動物,random,large_omni_random_seed1_k5,3,38,袋鼠 / kangaroo (38),37,house,house (37),81.0,False,False,False
large_omnivores_and_herbivores,大型雜食/草食動物,random,large_omni_random_seed1_k5,3,38,袋鼠 / kangaroo (38),38,kangaroo,袋鼠 / kangaroo (38),0.0,True,True,True
large_omnivores_and_herbivores,大型雜食/草食動物,random,large_omni_random_seed1_k5,3,38,袋鼠 / kangaroo (38),39,keyboard,keyboard (39),79.0,False,False,False
large_omnivores_and_herbivores,大型雜食/草食動物,random,large_omni_random_seed1_k5,3,38,袋鼠 / kangaroo (38),40,lamp,lamp (40),62.0,False,False,False
large_omnivores_and_herbivores,大型雜食/草食動物,random,large_omni_random_seed1_k5,3,38,袋鼠 / kangaroo (38),41,lawn_mower,lawn_mower (41),86.0,False,False,False
large_omnivores_and_herbivores,大型雜食/草食動物,random,large_omni_random_seed1_k5,3,38,袋鼠 / kangaroo (38),42,leopard,leopard (42),68.0,False,False,False
large_omnivores_and_herbivores,大型雜食/草食動物,random,large_omni_random_seed1_k5,3,38,袋鼠 / kangaroo (38),43,lion,lion (43),84.0,False,False,False
large_omnivores_and_herbivores,大型雜食/草食動物,random,large_omni_random_seed1_k5,3,38,袋鼠 / kangaroo (38),44,lizard,lizard (44),40.0,False,False,False
large_omnivores_and_herbivores,大型雜食/草食動物,random,large_omni_random_seed1_k5,3,38,袋鼠 / kangaroo (38),45,lobster,lobster (45),62.0,False,False,False
large_omnivores_and_herbivores,大型雜食/草食動物,random,large_omni_random_seed1_k5,3,38,袋鼠 / kangaroo (38),46,man,man (46),46.0,False,False,False
large_omnivores_and_herbivores,大型雜食/草食動物,random,large_omni_random_seed1_k5,3,38,袋鼠 / kangaroo (38),47,maple_tree,maple_tree (47),66.0,False,False,False
large_omnivores_and_herbivores,大型雜食/草食動物,random,large_omni_random_seed1_k5,3,38,袋鼠 / kangaroo (38),48,motorcycle,摩托車 / motorcycle (48),94.0,False,False,False
large_omnivores_and_herbivores,大型雜食/草食動物,random,large_omni_random_seed1_k5,3,38,袋鼠 / kangaroo (38),49,mountain,mountain (49),83.0,False,False,False
large_omnivores_and_herbivores,大型雜食/草食動物,random,large_omni_random_seed1_k5,3,38,袋鼠 / kangaroo (38),50,mouse,mouse (50),49.0,False,False,False
large_omnivores_and_herbivores,大型雜食/草食動物,random,large_omni_random_seed1_k5,3,38,袋鼠 / kangaroo (38),51,mushroom,mushroom (51),71.0,False,False,False
large_omnivores_and_herbivores,大型雜食/草食動物,random,large_omni_random_seed1_k5,3,38,袋鼠 / kangaroo (38),52,oak_tree,oak_tree (52),67.0,False,False,False
large_omnivores_and_herbivores,大型雜食/草食動物,random,large_omni_random_seed1_k5,3,38,袋鼠 / kangaroo (38),53,orange,orange (53),90.0,False,False,False
large_omnivores_and_herbivores,大型雜食/草食動物,random,large_omni_random_seed1_k5,3,38,袋鼠 / kangaroo (38),54,orchid,蘭花 / orchid (54),84.0,False,False,False
large_omnivores_and_herbivores,大型雜食/草食動物,random,large_omni_random_seed1_k5,3,38,袋鼠 / kangaroo (38),55,otter,otter (55),43.0,False,False,False
large_omnivores_and_herbivores,大型雜食/草食動物,random,large_omni_random_seed1_k5,3,38,袋鼠 / kangaroo (38),56,palm_tree,palm_tree (56),88.0,False,False,False
large_omnivores_and_herbivores,大型雜食/草食動物,random,large_omni_random_seed1_k5,3,38,袋鼠 / kangaroo (38),57,pear,pear (57),78.0,False,False,False
large_omnivores_and_herbivores,大型雜食/草食動物,random,large_omni_random_seed1_k5,3,38,袋鼠 / kangaroo (38),58,pickup_truck,皮卡車 / pickup_truck (58),85.0,False,False,False
large_omnivores_and_herbivores,大型雜食/草食動物,random,large_omni_random_seed1_k5,3,38,袋鼠 / kangaroo (38),59,pine_tree,pine_tree (59),72.0,False,False,False
large_omnivores_and_herbivores,大型雜食/草食動物,random,large_omni_random_seed1_k5,3,38,袋鼠 / kangaroo (38),60,plain,plain (60),86.0,False,False,False
large_omnivores_and_herbivores,大型雜食/草食動物,random,large_omni_random_seed1_k5,3,38,袋鼠 / kangaroo (38),61,plate,plate (61),67.0,False,False,False
large_omnivores_and_herbivores,大型雜食/草食動物,random,large_omni_random_seed1_k5,3,38,袋鼠 / kangaroo (38),62,poppy,罌粟花 / poppy (62),82.0,False,False,False
large_omnivores_and_herbivores,大型雜食/草食動物,random,large_omni_random_seed1_k5,3,38,袋鼠 / kangaroo (38),63,porcupine,porcupine (63),68.0,False,False,False
large_omnivores_and_herbivores,大型雜食/草食動物,random,large_omni_random_seed1_k5,3,38,袋鼠 / kangaroo (38),64,possum,possum (64),50.0,False,False,False
large_omnivores_and_herbivores,大型雜食/草食動物,random,large_omni_random_seed1_k5,3,38,袋鼠 / kangaroo (38),65,rabbit,rabbit (65),59.0,False,False,False
large_omnivores_and_herbivores,大型雜食/草食動物,random,large_omni_random_seed1_k5,3,38,袋鼠 / kangaroo (38),66,raccoon,raccoon (66),80.0,False,False,False
large_omnivores_and_herbivores,大型雜食/草食動物,random,large_omni_random_seed1_k5,3,38,袋鼠 / kangaroo (38),67,ray,ray (67),56.0,False,False,False
large_omnivores_and_herbivores,大型雜食/草食動物,random,large_omni_random_seed1_k5,3,38,袋鼠 / kangaroo (38),68,road,road (68),94.0,False,False,False
large_omnivores_and_herbivores,大型雜食/草食動物,random,large_omni_random_seed1_k5,3,38,袋鼠 / kangaroo (38),69,rocket,rocket (69),81.0,False,False,False
large_omnivores_and_herbivores,大型雜食/草食動物,random,large_omni_random_seed1_k5,3,38,袋鼠 / kangaroo (38),70,rose,玫瑰 / rose (70),69.0,False,False,False
large_omnivores_and_herbivores,大型雜食/草食動物,random,large_omni_random_seed1_k5,3,38,袋鼠 / kangaroo (38),71,sea,sea (71),77.0,False,False,False
large_omnivores_and_herbivores,大型雜食/草食動物,random,large_omni_random_seed1_k5,3,38,袋鼠 / kangaroo (38),72,seal,seal (72),44.0,False,False,False
large_omnivores_and_herbivores,大型雜食/草食動物,random,large_omni_random_seed1_k5,3,38,袋鼠 / kangaroo (38),73,shark,shark (73),55.0,False,False,False
large_omnivores_and_herbivores,大型雜食/草食動物,random,large_omni_random_seed1_k5,3,38,袋鼠 / kangaroo (38),74,shrew,shrew (74),47.0,False,False,False
large_omnivores_and_herbivores,大型雜食/草食動物,random,large_omni_random_seed1_k5,3,38,袋鼠 / kangaroo (38),75,skunk,skunk (75),92.0,False,False,False
large_omnivores_and_herbivores,大型雜食/草食動物,random,large_omni_random_seed1_k5,3,38,袋鼠 / kangaroo (38),76,skyscraper,skyscraper (76),89.0,False,False,False
large_omnivores_and_herbivores,大型雜食/草食動物,random,large_omni_random_seed1_k5,3,38,袋鼠 / kangaroo (38),77,snail,snail (77),66.0,False,False,False
large_omnivores_and_herbivores,大型雜食/草食動物,random,large_omni_random_seed1_k5,3,38,袋鼠 / kangaroo (38),78,snake,snake (78),61.0,False,False,False
large_omnivores_and_herbivores,大型雜食/草食動物,random,large_omni_random_seed1_k5,3,38,袋鼠 / kangaroo (38),79,spider,spider (79),70.0,False,False,False
large_omnivores_and_herbivores,大型雜食/草食動物,random,large_omni_random_seed1_k5,3,38,袋鼠 / kangaroo (38),80,squirrel,squirrel (80),54.0,False,False,False
large_omnivores_and_herbivores,大型雜食/草食動物,random,large_omni_random_seed1_k5,3,38,袋鼠 / kangaroo (38),81,streetcar,streetcar (81),75.0,False,False,False
large_omnivores_and_herbivores,大型雜食/草食動物,random,large_omni_random_seed1_k5,3,38,袋鼠 / kangaroo (38),82,sunflower,向日葵 / sunflower (82),93.0,False,False,False
large_omnivores_and_herbivores,大型雜食/草食動物,random,large_omni_random_seed1_k5,3,38,袋鼠 / kangaroo (38),83,sweet_pepper,sweet_pepper (83),70.0,False,False,False
large_omnivores_and_herbivores,大型雜食/草食動物,random,large_omni_random_seed1_k5,3,38,袋鼠 / kangaroo (38),84,table,table (84),68.0,False,False,False
large_omnivores_and_herbivores,大型雜食/草食動物,random,large_omni_random_seed1_k5,3,38,袋鼠 / kangaroo (38),85,tank,tank (85),74.0,False,False,False
large_omnivores_and_herbivores,大型雜食/草食動物,random,large_omni_random_seed1_k5,3,38,袋鼠 / kangaroo (38),86,telephone,telephone (86),68.0,False,False,False
large_omnivores_and_herbivores,大型雜食/草食動物,random,large_omni_random_seed1_k5,3,38,袋鼠 / kangaroo (38),87,television,television (87),79.0,False,False,False
large_omnivores_and_herbivores,大型雜食/草食動物,random,large_omni_random_seed1_k5,3,38,袋鼠 / kangaroo (38),88,tiger,tiger (88),79.0,False,False,False
large_omnivores_and_herbivores,大型雜食/草食動物,random,large_omni_random_seed1_k5,3,38,袋鼠 / kangaroo (38),89,tractor,tractor (89),84.0,False,False,False
large_omnivores_and_herbivores,大型雜食/草食動物,random,large_omni_random_seed1_k5,3,38,袋鼠 / kangaroo (38),90,train,火車 / train (90),81.0,False,False,False
large_omnivores_and_herbivores,大型雜食/草食動物,random,large_omni_random_seed1_k5,3,38,袋鼠 / kangaroo (38),91,trout,trout (91),80.0,False,False,False
large_omnivores_and_herbivores,大型雜食/草食動物,random,large_omni_random_seed1_k5,3,38,袋鼠 / kangaroo (38),92,tulip,鬱金香 / tulip (92),63.0,False,False,False
large_omnivores_and_herbivores,大型雜食/草食動物,random,large_omni_random_seed1_k5,3,38,袋鼠 / kangaroo (38),93,turtle,turtle (93),57.0,False,False,False
large_omnivores_and_herbivores,大型雜食/草食動物,random,large_omni_random_seed1_k5,3,38,袋鼠 / kangaroo (38),94,wardrobe,wardrobe (94),90.0,False,False,False
large_omnivores_and_herbivores,大型雜食/草食動物,random,large_omni_random_seed1_k5,3,38,袋鼠 / kangaroo (38),95,whale,whale (95),74.0,False,False,False
large_omnivores_and_herbivores,大型雜食/草食動物,random,large_omni_random_seed1_k5,3,38,袋鼠 / kangaroo (38),96,willow_tree,willow_tree (96),57.0,False,False,False
large_omnivores_and_herbivores,大型雜食/草食動物,random,large_omni_random_seed1_k5,3,38,袋鼠 / kangaroo (38),97,wolf,wolf (97),74.0,False,False,False
large_omnivores_and_herbivores,大型雜食/草食動物,random,large_omni_random_seed1_k5,3,38,袋鼠 / kangaroo (38),98,woman,woman (98),53.0,False,False,False
large_omnivores_and_herbivores,大型雜食/草食動物,random,large_omni_random_seed1_k5,3,38,袋鼠 / kangaroo (38),99,worm,worm (99),71.0,False,False,False
large_omnivores_and_herbivores,大型雜食/草食動物,random,large_omni_random_seed1_k5,4,19,牛 / cattle (19),0,apple,apple (0),87.0,False,False,False
large_omnivores_and_herbivores,大型雜食/草食動物,random,large_omni_random_seed1_k5,4,19,牛 / cattle (19),1,aquarium_fish,aquarium_fish (1),79.0,False,False,False
large_omnivores_and_herbivores,大型雜食/草食動物,random,large_omni_random_seed1_k5,4,19,牛 / cattle (19),2,baby,baby (2),55.0,False,False,False
large_omnivores_and_herbivores,大型雜食/草食動物,random,large_omni_random_seed1_k5,4,19,牛 / cattle (19),3,bear,bear (3),50.0,False,False,False
large_omnivores_and_herbivores,大型雜食/草食動物,random,large_omni_random_seed1_k5,4,19,牛 / cattle (19),4,beaver,beaver (4),61.0,False,False,False
large_omnivores_and_herbivores,大型雜食/草食動物,random,large_omni_random_seed1_k5,4,19,牛 / cattle (19),5,bed,bed (5),71.0,False,False,False
large_omnivores_and_herbivores,大型雜食/草食動物,random,large_omni_random_seed1_k5,4,19,牛 / cattle (19),6,bee,bee (6),76.0,False,False,False
large_omnivores_and_herbivores,大型雜食/草食動物,random,large_omni_random_seed1_k5,4,19,牛 / cattle (19),7,beetle,beetle (7),77.0,False,False,False
large_omnivores_and_herbivores,大型雜食/草食動物,random,large_omni_random_seed1_k5,4,19,牛 / cattle (19),8,bicycle,腳踏車 / bicycle (8),81.0,False,False,False
large_omnivores_and_herbivores,大型雜食/草食動物,random,large_omni_random_seed1_k5,4,19,牛 / cattle (19),9,bottle,bottle (9),78.0,False,False,False
large_omnivores_and_herbivores,大型雜食/草食動物,random,large_omni_random_seed1_k5,4,19,牛 / cattle (19),10,bowl,bowl (10),45.0,False,False,False
large_omnivores_and_herbivores,大型雜食/草食動物,random,large_omni_random_seed1_k5,4,19,牛 / cattle (19),11,boy,boy (11),48.0,False,False,False
large_omnivores_and_herbivores,大型雜食/草食動物,random,large_omni_random_seed1_k5,4,19,牛 / cattle (19),12,bridge,bridge (12),81.0,False,False,False
large_omnivores_and_herbivores,大型雜食/草食動物,random,large_omni_random_seed1_k5,4,19,牛 / cattle (19),13,bus,公車 / bus (13),66.0,False,False,False
large_omnivores_and_herbivores,大型雜食/草食動物,random,large_omni_random_seed1_k5,4,19,牛 / cattle (19),14,butterfly,butterfly (14),53.0,False,False,False
large_omnivores_and_herbivores,大型雜食/草食動物,random,large_omni_random_seed1_k5,4,19,牛 / cattle (19),15,camel,駱駝 / camel (15),0.0,True,False,True
large_omnivores_and_herbivores,大型雜食/草食動物,random,large_omni_random_seed1_k5,4,19,牛 / cattle (19),16,can,can (16),77.0,False,False,False
large_omnivores_and_herbivores,大型雜食/草食動物,random,large_omni_random_seed1_k5,4,19,牛 / cattle (19),17,castle,castle (17),81.0,False,False,False
large_omnivores_and_herbivores,大型雜食/草食動物,random,large_omni_random_seed1_k5,4,19,牛 / cattle (19),18,caterpillar,caterpillar (18),67.0,False,False,False
large_omnivores_and_herbivores,大型雜食/草食動物,random,large_omni_random_seed1_k5,4,19,牛 / cattle (19),19,cattle,牛 / cattle (19),0.0,True,True,True
large_omnivores_and_herbivores,大型雜食/草食動物,random,large_omni_random_seed1_k5,4,19,牛 / cattle (19),20,chair,chair (20),86.0,False,False,False
large_omnivores_and_herbivores,大型雜食/草食動物,random,large_omni_random_seed1_k5,4,19,牛 / cattle (19),21,chimpanzee,黑猩猩 / chimpanzee (21),4.0,True,False,True
large_omnivores_and_herbivores,大型雜食/草食動物,random,large_omni_random_seed1_k5,4,19,牛 / cattle (19),22,clock,clock (22),67.0,False,False,False
large_omnivores_and_herbivores,大型雜食/草食動物,random,large_omni_random_seed1_k5,4,19,牛 / cattle (19),23,cloud,cloud (23),81.0,False,False,False
large_omnivores_and_herbivores,大型雜食/草食動物,random,large_omni_random_seed1_k5,4,19,牛 / cattle (19),24,cockroach,cockroach (24),78.0,False,False,False
large_omnivores_and_herbivores,大型雜食/草食動物,random,large_omni_random_seed1_k5,4,19,牛 / cattle (19),25,couch,couch (25),59.0,False,False,False
large_omnivores_and_herbivores,大型雜食/草食動物,random,large_omni_random_seed1_k5,4,19,牛 / cattle (19),26,crab,crab (26),65.0,False,False,False
large_omnivores_and_herbivores,大型雜食/草食動物,random,large_omni_random_seed1_k5,4,19,牛 / cattle (19),27,crocodile,crocodile (27),56.0,False,False,False
large_omnivores_and_herbivores,大型雜食/草食動物,random,large_omni_random_seed1_k5,4,19,牛 / cattle (19),28,cup,cup (28),76.0,False,False,False
large_omnivores_and_herbivores,大型雜食/草食動物,random,large_omni_random_seed1_k5,4,19,牛 / cattle (19),29,dinosaur,dinosaur (29),65.0,False,False,False
large_omnivores_and_herbivores,大型雜食/草食動物,random,large_omni_random_seed1_k5,4,19,牛 / cattle (19),30,dolphin,dolphin (30),72.0,False,False,False
large_omnivores_and_herbivores,大型雜食/草食動物,random,large_omni_random_seed1_k5,4,19,牛 / cattle (19),31,elephant,大象 / elephant (31),74.0,False,False,True
large_omnivores_and_herbivores,大型雜食/草食動物,random,large_omni_random_seed1_k5,4,19,牛 / cattle (19),32,flatfish,flatfish (32),62.0,False,False,False
large_omnivores_and_herbivores,大型雜食/草食動物,random,large_omni_random_seed1_k5,4,19,牛 / cattle (19),33,forest,forest (33),63.0,False,False,False
large_omnivores_and_herbivores,大型雜食/草食動物,random,large_omni_random_seed1_k5,4,19,牛 / cattle (19),34,fox,fox (34),79.0,False,False,False
large_omnivores_and_herbivores,大型雜食/草食動物,random,large_omni_random_seed1_k5,4,19,牛 / cattle (19),35,girl,girl (35),48.0,False,False,False
large_omnivores_and_herbivores,大型雜食/草食動物,random,large_omni_random_seed1_k5,4,19,牛 / cattle (19),36,hamster,hamster (36),81.0,False,False,False
large_omnivores_and_herbivores,大型雜食/草食動物,random,large_omni_random_seed1_k5,4,19,牛 / cattle (19),37,house,house (37),80.0,False,False,False
large_omnivores_and_herbivores,大型雜食/草食動物,random,large_omni_random_seed1_k5,4,19,牛 / cattle (19),38,kangaroo,袋鼠 / kangaroo (38),0.0,True,False,True
large_omnivores_and_herbivores,大型雜食/草食動物,random,large_omni_random_seed1_k5,4,19,牛 / cattle (19),39,keyboard,keyboard (39),79.0,False,False,False
large_omnivores_and_herbivores,大型雜食/草食動物,random,large_omni_random_seed1_k5,4,19,牛 / cattle (19),40,lamp,lamp (40),63.0,False,False,False
large_omnivores_and_herbivores,大型雜食/草食動物,random,large_omni_random_seed1_k5,4,19,牛 / cattle (19),41,lawn_mower,lawn_mower (41),88.0,False,False,False
large_omnivores_and_herbivores,大型雜食/草食動物,random,large_omni_random_seed1_k5,4,19,牛 / cattle (19),42,leopard,leopard (42),75.0,False,False,False
large_omnivores_and_herbivores,大型雜食/草食動物,random,large_omni_random_seed1_k5,4,19,牛 / cattle (19),43,lion,lion (43),83.0,False,False,False
large_omnivores_and_herbivores,大型雜食/草食動物,random,large_omni_random_seed1_k5,4,19,牛 / cattle (19),44,lizard,lizard (44),49.0,False,False,False
large_omnivores_and_herbivores,大型雜食/草食動物,random,large_omni_random_seed1_k5,4,19,牛 / cattle (19),45,lobster,lobster (45),64.0,False,False,False
large_omnivores_and_herbivores,大型雜食/草食動物,random,large_omni_random_seed1_k5,4,19,牛 / cattle (19),46,man,man (46),50.0,False,False,False
large_omnivores_and_herbivores,大型雜食/草食動物,random,large_omni_random_seed1_k5,4,19,牛 / cattle (19),47,maple_tree,maple_tree (47),63.0,False,False,False
large_omnivores_and_herbivores,大型雜食/草食動物,random,large_omni_random_seed1_k5,4,19,牛 / cattle (19),48,motorcycle,摩托車 / motorcycle (48),93.0,False,False,False
large_omnivores_and_herbivores,大型雜食/草食動物,random,large_omni_random_seed1_k5,4,19,牛 / cattle (19),49,mountain,mountain (49),84.0,False,False,False
large_omnivores_and_herbivores,大型雜食/草食動物,random,large_omni_random_seed1_k5,4,19,牛 / cattle (19),50,mouse,mouse (50),52.0,False,False,False
large_omnivores_and_herbivores,大型雜食/草食動物,random,large_omni_random_seed1_k5,4,19,牛 / cattle (19),51,mushroom,mushroom (51),69.0,False,False,False
large_omnivores_and_herbivores,大型雜食/草食動物,random,large_omni_random_seed1_k5,4,19,牛 / cattle (19),52,oak_tree,oak_tree (52),66.0,False,False,False
large_omnivores_and_herbivores,大型雜食/草食動物,random,large_omni_random_seed1_k5,4,19,牛 / cattle (19),53,orange,orange (53),89.0,False,False,False
large_omnivores_and_herbivores,大型雜食/草食動物,random,large_omni_random_seed1_k5,4,19,牛 / cattle (19),54,orchid,蘭花 / orchid (54),82.0,False,False,False
large_omnivores_and_herbivores,大型雜食/草食動物,random,large_omni_random_seed1_k5,4,19,牛 / cattle (19),55,otter,otter (55),47.0,False,False,False
large_omnivores_and_herbivores,大型雜食/草食動物,random,large_omni_random_seed1_k5,4,19,牛 / cattle (19),56,palm_tree,palm_tree (56),87.0,False,False,False
large_omnivores_and_herbivores,大型雜食/草食動物,random,large_omni_random_seed1_k5,4,19,牛 / cattle (19),57,pear,pear (57),77.0,False,False,False
large_omnivores_and_herbivores,大型雜食/草食動物,random,large_omni_random_seed1_k5,4,19,牛 / cattle (19),58,pickup_truck,皮卡車 / pickup_truck (58),87.0,False,False,False
large_omnivores_and_herbivores,大型雜食/草食動物,random,large_omni_random_seed1_k5,4,19,牛 / cattle (19),59,pine_tree,pine_tree (59),70.0,False,False,False
large_omnivores_and_herbivores,大型雜食/草食動物,random,large_omni_random_seed1_k5,4,19,牛 / cattle (19),60,plain,plain (60),86.0,False,False,False
large_omnivores_and_herbivores,大型雜食/草食動物,random,large_omni_random_seed1_k5,4,19,牛 / cattle (19),61,plate,plate (61),68.0,False,False,False
large_omnivores_and_herbivores,大型雜食/草食動物,random,large_omni_random_seed1_k5,4,19,牛 / cattle (19),62,poppy,罌粟花 / poppy (62),83.0,False,False,False
large_omnivores_and_herbivores,大型雜食/草食動物,random,large_omni_random_seed1_k5,4,19,牛 / cattle (19),63,porcupine,porcupine (63),72.0,False,False,False
large_omnivores_and_herbivores,大型雜食/草食動物,random,large_omni_random_seed1_k5,4,19,牛 / cattle (19),64,possum,possum (64),52.0,False,False,False
large_omnivores_and_herbivores,大型雜食/草食動物,random,large_omni_random_seed1_k5,4,19,牛 / cattle (19),65,rabbit,rabbit (65),59.0,False,False,False
large_omnivores_and_herbivores,大型雜食/草食動物,random,large_omni_random_seed1_k5,4,19,牛 / cattle (19),66,raccoon,raccoon (66),79.0,False,False,False
large_omnivores_and_herbivores,大型雜食/草食動物,random,large_omni_random_seed1_k5,4,19,牛 / cattle (19),67,ray,ray (67),55.0,False,False,False
large_omnivores_and_herbivores,大型雜食/草食動物,random,large_omni_random_seed1_k5,4,19,牛 / cattle (19),68,road,road (68),94.0,False,False,False
large_omnivores_and_herbivores,大型雜食/草食動物,random,large_omni_random_seed1_k5,4,19,牛 / cattle (19),69,rocket,rocket (69),79.0,False,False,False
large_omnivores_and_herbivores,大型雜食/草食動物,random,large_omni_random_seed1_k5,4,19,牛 / cattle (19),70,rose,玫瑰 / rose (70),70.0,False,False,False
large_omnivores_and_herbivores,大型雜食/草食動物,random,large_omni_random_seed1_k5,4,19,牛 / cattle (19),71,sea,sea (71),77.0,False,False,False
large_omnivores_and_herbivores,大型雜食/草食動物,random,large_omni_random_seed1_k5,4,19,牛 / cattle (19),72,seal,seal (72),45.0,False,False,False
large_omnivores_and_herbivores,大型雜食/草食動物,random,large_omni_random_seed1_k5,4,19,牛 / cattle (19),73,shark,shark (73),58.0,False,False,False
large_omnivores_and_herbivores,大型雜食/草食動物,random,large_omni_random_seed1_k5,4,19,牛 / cattle (19),74,shrew,shrew (74),50.0,False,False,False
large_omnivores_and_herbivores,大型雜食/草食動物,random,large_omni_random_seed1_k5,4,19,牛 / cattle (19),75,skunk,skunk (75),89.0,False,False,False
large_omnivores_and_herbivores,大型雜食/草食動物,random,large_omni_random_seed1_k5,4,19,牛 / cattle (19),76,skyscraper,skyscraper (76),87.0,False,False,False
large_omnivores_and_herbivores,大型雜食/草食動物,random,large_omni_random_seed1_k5,4,19,牛 / cattle (19),77,snail,snail (77),63.0,False,False,False
large_omnivores_and_herbivores,大型雜食/草食動物,random,large_omni_random_seed1_k5,4,19,牛 / cattle (19),78,snake,snake (78),63.0,False,False,False
large_omnivores_and_herbivores,大型雜食/草食動物,random,large_omni_random_seed1_k5,4,19,牛 / cattle (19),79,spider,spider (79),75.0,False,False,False
large_omnivores_and_herbivores,大型雜食/草食動物,random,large_omni_random_seed1_k5,4,19,牛 / cattle (19),80,squirrel,squirrel (80),54.0,False,False,False
large_omnivores_and_herbivores,大型雜食/草食動物,random,large_omni_random_seed1_k5,4,19,牛 / cattle (19),81,streetcar,streetcar (81),72.0,False,False,False
large_omnivores_and_herbivores,大型雜食/草食動物,random,large_omni_random_seed1_k5,4,19,牛 / cattle (19),82,sunflower,向日葵 / sunflower (82),92.0,False,False,False
large_omnivores_and_herbivores,大型雜食/草食動物,random,large_omni_random_seed1_k5,4,19,牛 / cattle (19),83,sweet_pepper,sweet_pepper (83),68.0,False,False,False
large_omnivores_and_herbivores,大型雜食/草食動物,random,large_omni_random_seed1_k5,4,19,牛 / cattle (19),84,table,table (84),69.0,False,False,False
large_omnivores_and_herbivores,大型雜食/草食動物,random,large_omni_random_seed1_k5,4,19,牛 / cattle (19),85,tank,tank (85),71.0,False,False,False
large_omnivores_and_herbivores,大型雜食/草食動物,random,large_omni_random_seed1_k5,4,19,牛 / cattle (19),86,telephone,telephone (86),67.0,False,False,False
large_omnivores_and_herbivores,大型雜食/草食動物,random,large_omni_random_seed1_k5,4,19,牛 / cattle (19),87,television,television (87),77.0,False,False,False
large_omnivores_and_herbivores,大型雜食/草食動物,random,large_omni_random_seed1_k5,4,19,牛 / cattle (19),88,tiger,tiger (88),77.0,False,False,False
large_omnivores_and_herbivores,大型雜食/草食動物,random,large_omni_random_seed1_k5,4,19,牛 / cattle (19),89,tractor,tractor (89),85.0,False,False,False
large_omnivores_and_herbivores,大型雜食/草食動物,random,large_omni_random_seed1_k5,4,19,牛 / cattle (19),90,train,火車 / train (90),84.0,False,False,False
large_omnivores_and_herbivores,大型雜食/草食動物,random,large_omni_random_seed1_k5,4,19,牛 / cattle (19),91,trout,trout (91),78.0,False,False,False
large_omnivores_and_herbivores,大型雜食/草食動物,random,large_omni_random_seed1_k5,4,19,牛 / cattle (19),92,tulip,鬱金香 / tulip (92),60.0,False,False,False
large_omnivores_and_herbivores,大型雜食/草食動物,random,large_omni_random_seed1_k5,4,19,牛 / cattle (19),93,turtle,turtle (93),55.0,False,False,False
large_omnivores_and_herbivores,大型雜食/草食動物,random,large_omni_random_seed1_k5,4,19,牛 / cattle (19),94,wardrobe,wardrobe (94),89.0,False,False,False
large_omnivores_and_herbivores,大型雜食/草食動物,random,large_omni_random_seed1_k5,4,19,牛 / cattle (19),95,whale,whale (95),74.0,False,False,False
large_omnivores_and_herbivores,大型雜食/草食動物,random,large_omni_random_seed1_k5,4,19,牛 / cattle (19),96,willow_tree,willow_tree (96),63.0,False,False,False
large_omnivores_and_herbivores,大型雜食/草食動物,random,large_omni_random_seed1_k5,4,19,牛 / cattle (19),97,wolf,wolf (97),74.0,False,False,False
large_omnivores_and_herbivores,大型雜食/草食動物,random,large_omni_random_seed1_k5,4,19,牛 / cattle (19),98,woman,woman (98),51.0,False,False,False
large_omnivores_and_herbivores,大型雜食/草食動物,random,large_omni_random_seed1_k5,4,19,牛 / cattle (19),99,worm,worm (99),69.0,False,False,False
large_omnivores_and_herbivores,大型雜食/草食動物,random,large_omni_random_seed1_k5,5,31,大象 / elephant (31),0,apple,apple (0),88.0,False,False,False
large_omnivores_and_herbivores,大型雜食/草食動物,random,large_omni_random_seed1_k5,5,31,大象 / elephant (31),1,aquarium_fish,aquarium_fish (1),82.0,False,False,False
large_omnivores_and_herbivores,大型雜食/草食動物,random,large_omni_random_seed1_k5,5,31,大象 / elephant (31),2,baby,baby (2),52.0,False,False,False
large_omnivores_and_herbivores,大型雜食/草食動物,random,large_omni_random_seed1_k5,5,31,大象 / elephant (31),3,bear,bear (3),60.0,False,False,False
large_omnivores_and_herbivores,大型雜食/草食動物,random,large_omni_random_seed1_k5,5,31,大象 / elephant (31),4,beaver,beaver (4),62.0,False,False,False
large_omnivores_and_herbivores,大型雜食/草食動物,random,large_omni_random_seed1_k5,5,31,大象 / elephant (31),5,bed,bed (5),72.0,False,False,False
large_omnivores_and_herbivores,大型雜食/草食動物,random,large_omni_random_seed1_k5,5,31,大象 / elephant (31),6,bee,bee (6),81.0,False,False,False
large_omnivores_and_herbivores,大型雜食/草食動物,random,large_omni_random_seed1_k5,5,31,大象 / elephant (31),7,beetle,beetle (7),76.0,False,False,False
large_omnivores_and_herbivores,大型雜食/草食動物,random,large_omni_random_seed1_k5,5,31,大象 / elephant (31),8,bicycle,腳踏車 / bicycle (8),82.0,False,False,False
large_omnivores_and_herbivores,大型雜食/草食動物,random,large_omni_random_seed1_k5,5,31,大象 / elephant (31),9,bottle,bottle (9),74.0,False,False,False
large_omnivores_and_herbivores,大型雜食/草食動物,random,large_omni_random_seed1_k5,5,31,大象 / elephant (31),10,bowl,bowl (10),42.0,False,False,False
large_omnivores_and_herbivores,大型雜食/草食動物,random,large_omni_random_seed1_k5,5,31,大象 / elephant (31),11,boy,boy (11),50.0,False,False,False
large_omnivores_and_herbivores,大型雜食/草食動物,random,large_omni_random_seed1_k5,5,31,大象 / elephant (31),12,bridge,bridge (12),81.0,False,False,False
large_omnivores_and_herbivores,大型雜食/草食動物,random,large_omni_random_seed1_k5,5,31,大象 / elephant (31),13,bus,公車 / bus (13),67.0,False,False,False
large_omnivores_and_herbivores,大型雜食/草食動物,random,large_omni_random_seed1_k5,5,31,大象 / elephant (31),14,butterfly,butterfly (14),54.0,False,False,False
large_omnivores_and_herbivores,大型雜食/草食動物,random,large_omni_random_seed1_k5,5,31,大象 / elephant (31),15,camel,駱駝 / camel (15),0.0,True,False,True
large_omnivores_and_herbivores,大型雜食/草食動物,random,large_omni_random_seed1_k5,5,31,大象 / elephant (31),16,can,can (16),76.0,False,False,False
large_omnivores_and_herbivores,大型雜食/草食動物,random,large_omni_random_seed1_k5,5,31,大象 / elephant (31),17,castle,castle (17),82.0,False,False,False
large_omnivores_and_herbivores,大型雜食/草食動物,random,large_omni_random_seed1_k5,5,31,大象 / elephant (31),18,caterpillar,caterpillar (18),68.0,False,False,False
large_omnivores_and_herbivores,大型雜食/草食動物,random,large_omni_random_seed1_k5,5,31,大象 / elephant (31),19,cattle,牛 / cattle (19),0.0,True,False,True
large_omnivores_and_herbivores,大型雜食/草食動物,random,large_omni_random_seed1_k5,5,31,大象 / elephant (31),20,chair,chair (20),86.0,False,False,False
large_omnivores_and_herbivores,大型雜食/草食動物,random,large_omni_random_seed1_k5,5,31,大象 / elephant (31),21,chimpanzee,黑猩猩 / chimpanzee (21),3.0,True,False,True
large_omnivores_and_herbivores,大型雜食/草食動物,random,large_omni_random_seed1_k5,5,31,大象 / elephant (31),22,clock,clock (22),67.0,False,False,False
large_omnivores_and_herbivores,大型雜食/草食動物,random,large_omni_random_seed1_k5,5,31,大象 / elephant (31),23,cloud,cloud (23),80.0,False,False,False
large_omnivores_and_herbivores,大型雜食/草食動物,random,large_omni_random_seed1_k5,5,31,大象 / elephant (31),24,cockroach,cockroach (24),84.0,False,False,False
large_omnivores_and_herbivores,大型雜食/草食動物,random,large_omni_random_seed1_k5,5,31,大象 / elephant (31),25,couch,couch (25),57.0,False,False,False
large_omnivores_and_herbivores,大型雜食/草食動物,random,large_omni_random_seed1_k5,5,31,大象 / elephant (31),26,crab,crab (26),62.0,False,False,False
large_omnivores_and_herbivores,大型雜食/草食動物,random,large_omni_random_seed1_k5,5,31,大象 / elephant (31),27,crocodile,crocodile (27),51.0,False,False,False
large_omnivores_and_herbivores,大型雜食/草食動物,random,large_omni_random_seed1_k5,5,31,大象 / elephant (31),28,cup,cup (28),71.0,False,False,False
large_omnivores_and_herbivores,大型雜食/草食動物,random,large_omni_random_seed1_k5,5,31,大象 / elephant (31),29,dinosaur,dinosaur (29),69.0,False,False,False
large_omnivores_and_herbivores,大型雜食/草食動物,random,large_omni_random_seed1_k5,5,31,大象 / elephant (31),30,dolphin,dolphin (30),68.0,False,False,False
large_omnivores_and_herbivores,大型雜食/草食動物,random,large_omni_random_seed1_k5,5,31,大象 / elephant (31),31,elephant,大象 / elephant (31),0.0,True,True,True
large_omnivores_and_herbivores,大型雜食/草食動物,random,large_omni_random_seed1_k5,5,31,大象 / elephant (31),32,flatfish,flatfish (32),64.0,False,False,False
large_omnivores_and_herbivores,大型雜食/草食動物,random,large_omni_random_seed1_k5,5,31,大象 / elephant (31),33,forest,forest (33),62.0,False,False,False
large_omnivores_and_herbivores,大型雜食/草食動物,random,large_omni_random_seed1_k5,5,31,大象 / elephant (31),34,fox,fox (34),80.0,False,False,False
large_omnivores_and_herbivores,大型雜食/草食動物,random,large_omni_random_seed1_k5,5,31,大象 / elephant (31),35,girl,girl (35),49.0,False,False,False
large_omnivores_and_herbivores,大型雜食/草食動物,random,large_omni_random_seed1_k5,5,31,大象 / elephant (31),36,hamster,hamster (36),81.0,False,False,False
large_omnivores_and_herbivores,大型雜食/草食動物,random,large_omni_random_seed1_k5,5,31,大象 / elephant (31),37,house,house (37),76.0,False,False,False
large_omnivores_and_herbivores,大型雜食/草食動物,random,large_omni_random_seed1_k5,5,31,大象 / elephant (31),38,kangaroo,袋鼠 / kangaroo (38),0.0,True,False,True
large_omnivores_and_herbivores,大型雜食/草食動物,random,large_omni_random_seed1_k5,5,31,大象 / elephant (31),39,keyboard,keyboard (39),78.0,False,False,False
large_omnivores_and_herbivores,大型雜食/草食動物,random,large_omni_random_seed1_k5,5,31,大象 / elephant (31),40,lamp,lamp (40),63.0,False,False,False
large_omnivores_and_herbivores,大型雜食/草食動物,random,large_omni_random_seed1_k5,5,31,大象 / elephant (31),41,lawn_mower,lawn_mower (41),88.0,False,False,False
large_omnivores_and_herbivores,大型雜食/草食動物,random,large_omni_random_seed1_k5,5,31,大象 / elephant (31),42,leopard,leopard (42),75.0,False,False,False
large_omnivores_and_herbivores,大型雜食/草食動物,random,large_omni_random_seed1_k5,5,31,大象 / elephant (31),43,lion,lion (43),85.0,False,False,False
large_omnivores_and_herbivores,大型雜食/草食動物,random,large_omni_random_seed1_k5,5,31,大象 / elephant (31),44,lizard,lizard (44),41.0,False,False,False
large_omnivores_and_herbivores,大型雜食/草食動物,random,large_omni_random_seed1_k5,5,31,大象 / elephant (31),45,lobster,lobster (45),66.0,False,False,False
large_omnivores_and_herbivores,大型雜食/草食動物,random,large_omni_random_seed1_k5,5,31,大象 / elephant (31),46,man,man (46),45.0,False,False,False
large_omnivores_and_herbivores,大型雜食/草食動物,random,large_omni_random_seed1_k5,5,31,大象 / elephant (31),47,maple_tree,maple_tree (47),62.0,False,False,False
large_omnivores_and_herbivores,大型雜食/草食動物,random,large_omni_random_seed1_k5,5,31,大象 / elephant (31),48,motorcycle,摩托車 / motorcycle (48),95.0,False,False,False
large_omnivores_and_herbivores,大型雜食/草食動物,random,large_omni_random_seed1_k5,5,31,大象 / elephant (31),49,mountain,mountain (49),84.0,False,False,False
large_omnivores_and_herbivores,大型雜食/草食動物,random,large_omni_random_seed1_k5,5,31,大象 / elephant (31),50,mouse,mouse (50),53.0,False,False,False
large_omnivores_and_herbivores,大型雜食/草食動物,random,large_omni_random_seed1_k5,5,31,大象 / elephant (31),51,mushroom,mushroom (51),68.0,False,False,False
large_omnivores_and_herbivores,大型雜食/草食動物,random,large_omni_random_seed1_k5,5,31,大象 / elephant (31),52,oak_tree,oak_tree (52),66.0,False,False,False
large_omnivores_and_herbivores,大型雜食/草食動物,random,large_omni_random_seed1_k5,5,31,大象 / elephant (31),53,orange,orange (53),91.0,False,False,False
large_omnivores_and_herbivores,大型雜食/草食動物,random,large_omni_random_seed1_k5,5,31,大象 / elephant (31),54,orchid,蘭花 / orchid (54),83.0,False,False,False
large_omnivores_and_herbivores,大型雜食/草食動物,random,large_omni_random_seed1_k5,5,31,大象 / elephant (31),55,otter,otter (55),41.0,False,False,False
large_omnivores_and_herbivores,大型雜食/草食動物,random,large_omni_random_seed1_k5,5,31,大象 / elephant (31),56,palm_tree,palm_tree (56),86.0,False,False,False
large_omnivores_and_herbivores,大型雜食/草食動物,random,large_omni_random_seed1_k5,5,31,大象 / elephant (31),57,pear,pear (57),77.0,False,False,False
large_omnivores_and_herbivores,大型雜食/草食動物,random,large_omni_random_seed1_k5,5,31,大象 / elephant (31),58,pickup_truck,皮卡車 / pickup_truck (58),86.0,False,False,False
large_omnivores_and_herbivores,大型雜食/草食動物,random,large_omni_random_seed1_k5,5,31,大象 / elephant (31),59,pine_tree,pine_tree (59),69.0,False,False,False
large_omnivores_and_herbivores,大型雜食/草食動物,random,large_omni_random_seed1_k5,5,31,大象 / elephant (31),60,plain,plain (60),86.0,False,False,False
large_omnivores_and_herbivores,大型雜食/草食動物,random,large_omni_random_seed1_k5,5,31,大象 / elephant (31),61,plate,plate (61),68.0,False,False,False
large_omnivores_and_herbivores,大型雜食/草食動物,random,large_omni_random_seed1_k5,5,31,大象 / elephant (31),62,poppy,罌粟花 / poppy (62),83.0,False,False,False
large_omnivores_and_herbivores,大型雜食/草食動物,random,large_omni_random_seed1_k5,5,31,大象 / elephant (31),63,porcupine,porcupine (63),70.0,False,False,False
large_omnivores_and_herbivores,大型雜食/草食動物,random,large_omni_random_seed1_k5,5,31,大象 / elephant (31),64,possum,possum (64),53.0,False,False,False
large_omnivores_and_herbivores,大型雜食/草食動物,random,large_omni_random_seed1_k5,5,31,大象 / elephant (31),65,rabbit,rabbit (65),61.0,False,False,False
large_omnivores_and_herbivores,大型雜食/草食動物,random,large_omni_random_seed1_k5,5,31,大象 / elephant (31),66,raccoon,raccoon (66),78.0,False,False,False
large_omnivores_and_herbivores,大型雜食/草食動物,random,large_omni_random_seed1_k5,5,31,大象 / elephant (31),67,ray,ray (67),56.0,False,False,False
large_omnivores_and_herbivores,大型雜食/草食動物,random,large_omni_random_seed1_k5,5,31,大象 / elephant (31),68,road,road (68),93.0,False,False,False
large_omnivores_and_herbivores,大型雜食/草食動物,random,large_omni_random_seed1_k5,5,31,大象 / elephant (31),69,rocket,rocket (69),78.0,False,False,False
large_omnivores_and_herbivores,大型雜食/草食動物,random,large_omni_random_seed1_k5,5,31,大象 / elephant (31),70,rose,玫瑰 / rose (70),68.0,False,False,False
large_omnivores_and_herbivores,大型雜食/草食動物,random,large_omni_random_seed1_k5,5,31,大象 / elephant (31),71,sea,sea (71),79.0,False,False,False
large_omnivores_and_herbivores,大型雜食/草食動物,random,large_omni_random_seed1_k5,5,31,大象 / elephant (31),72,seal,seal (72),44.0,False,False,False
large_omnivores_and_herbivores,大型雜食/草食動物,random,large_omni_random_seed1_k5,5,31,大象 / elephant (31),73,shark,shark (73),54.0,False,False,False
large_omnivores_and_herbivores,大型雜食/草食動物,random,large_omni_random_seed1_k5,5,31,大象 / elephant (31),74,shrew,shrew (74),51.0,False,False,False
large_omnivores_and_herbivores,大型雜食/草食動物,random,large_omni_random_seed1_k5,5,31,大象 / elephant (31),75,skunk,skunk (75),91.0,False,False,False
large_omnivores_and_herbivores,大型雜食/草食動物,random,large_omni_random_seed1_k5,5,31,大象 / elephant (31),76,skyscraper,skyscraper (76),88.0,False,False,False
large_omnivores_and_herbivores,大型雜食/草食動物,random,large_omni_random_seed1_k5,5,31,大象 / elephant (31),77,snail,snail (77),65.0,False,False,False
large_omnivores_and_herbivores,大型雜食/草食動物,random,large_omni_random_seed1_k5,5,31,大象 / elephant (31),78,snake,snake (78),63.0,False,False,False
large_omnivores_and_herbivores,大型雜食/草食動物,random,large_omni_random_seed1_k5,5,31,大象 / elephant (31),79,spider,spider (79),70.0,False,False,False
large_omnivores_and_herbivores,大型雜食/草食動物,random,large_omni_random_seed1_k5,5,31,大象 / elephant (31),80,squirrel,squirrel (80),58.0,False,False,False
large_omnivores_and_herbivores,大型雜食/草食動物,random,large_omni_random_seed1_k5,5,31,大象 / elephant (31),81,streetcar,streetcar (81),70.0,False,False,False
large_omnivores_and_herbivores,大型雜食/草食動物,random,large_omni_random_seed1_k5,5,31,大象 / elephant (31),82,sunflower,向日葵 / sunflower (82),92.0,False,False,False
large_omnivores_and_herbivores,大型雜食/草食動物,random,large_omni_random_seed1_k5,5,31,大象 / elephant (31),83,sweet_pepper,sweet_pepper (83),67.0,False,False,False
large_omnivores_and_herbivores,大型雜食/草食動物,random,large_omni_random_seed1_k5,5,31,大象 / elephant (31),84,table,table (84),67.0,False,False,False
large_omnivores_and_herbivores,大型雜食/草食動物,random,large_omni_random_seed1_k5,5,31,大象 / elephant (31),85,tank,tank (85),71.0,False,False,False
large_omnivores_and_herbivores,大型雜食/草食動物,random,large_omni_random_seed1_k5,5,31,大象 / elephant (31),86,telephone,telephone (86),68.0,False,False,False
large_omnivores_and_herbivores,大型雜食/草食動物,random,large_omni_random_seed1_k5,5,31,大象 / elephant (31),87,television,television (87),78.0,False,False,False
large_omnivores_and_herbivores,大型雜食/草食動物,random,large_omni_random_seed1_k5,5,31,大象 / elephant (31),88,tiger,tiger (88),75.0,False,False,False
large_omnivores_and_herbivores,大型雜食/草食動物,random,large_omni_random_seed1_k5,5,31,大象 / elephant (31),89,tractor,tractor (89),85.0,False,False,False
large_omnivores_and_herbivores,大型雜食/草食動物,random,large_omni_random_seed1_k5,5,31,大象 / elephant (31),90,train,火車 / train (90),83.0,False,False,False
large_omnivores_and_herbivores,大型雜食/草食動物,random,large_omni_random_seed1_k5,5,31,大象 / elephant (31),91,trout,trout (91),78.0,False,False,False
large_omnivores_and_herbivores,大型雜食/草食動物,random,large_omni_random_seed1_k5,5,31,大象 / elephant (31),92,tulip,鬱金香 / tulip (92),61.0,False,False,False
large_omnivores_and_herbivores,大型雜食/草食動物,random,large_omni_random_seed1_k5,5,31,大象 / elephant (31),93,turtle,turtle (93),56.0,False,False,False
large_omnivores_and_herbivores,大型雜食/草食動物,random,large_omni_random_seed1_k5,5,31,大象 / elephant (31),94,wardrobe,wardrobe (94),90.0,False,False,False
large_omnivores_and_herbivores,大型雜食/草食動物,random,large_omni_random_seed1_k5,5,31,大象 / elephant (31),95,whale,whale (95),76.0,False,False,False
large_omnivores_and_herbivores,大型雜食/草食動物,random,large_omni_random_seed1_k5,5,31,大象 / elephant (31),96,willow_tree,willow_tree (96),65.0,False,False,False
large_omnivores_and_herbivores,大型雜食/草食動物,random,large_omni_random_seed1_k5,5,31,大象 / elephant (31),97,wolf,wolf (97),78.0,False,False,False
large_omnivores_and_herbivores,大型雜食/草食動物,random,large_omni_random_seed1_k5,5,31,大象 / elephant (31),98,woman,woman (98),52.0,False,False,False
large_omnivores_and_herbivores,大型雜食/草食動物,random,large_omni_random_seed1_k5,5,31,大象 / elephant (31),99,worm,worm (99),73.0,False,False,False
large_omnivores_and_herbivores,大型雜食/草食動物,hardfirst,large_omni_hardfirst_seed1_k5,1,19,牛 / cattle (19),0,apple,apple (0),88.0,False,False,False
large_omnivores_and_herbivores,大型雜食/草食動物,hardfirst,large_omni_hardfirst_seed1_k5,1,19,牛 / cattle (19),1,aquarium_fish,aquarium_fish (1),78.0,False,False,False
large_omnivores_and_herbivores,大型雜食/草食動物,hardfirst,large_omni_hardfirst_seed1_k5,1,19,牛 / cattle (19),2,baby,baby (2),51.0,False,False,False
large_omnivores_and_herbivores,大型雜食/草食動物,hardfirst,large_omni_hardfirst_seed1_k5,1,19,牛 / cattle (19),3,bear,bear (3),54.0,False,False,False
large_omnivores_and_herbivores,大型雜食/草食動物,hardfirst,large_omni_hardfirst_seed1_k5,1,19,牛 / cattle (19),4,beaver,beaver (4),57.0,False,False,False
large_omnivores_and_herbivores,大型雜食/草食動物,hardfirst,large_omni_hardfirst_seed1_k5,1,19,牛 / cattle (19),5,bed,bed (5),68.0,False,False,False
large_omnivores_and_herbivores,大型雜食/草食動物,hardfirst,large_omni_hardfirst_seed1_k5,1,19,牛 / cattle (19),6,bee,bee (6),80.0,False,False,False
large_omnivores_and_herbivores,大型雜食/草食動物,hardfirst,large_omni_hardfirst_seed1_k5,1,19,牛 / cattle (19),7,beetle,beetle (7),75.0,False,False,False
large_omnivores_and_herbivores,大型雜食/草食動物,hardfirst,large_omni_hardfirst_seed1_k5,1,19,牛 / cattle (19),8,bicycle,腳踏車 / bicycle (8),79.0,False,False,False
large_omnivores_and_herbivores,大型雜食/草食動物,hardfirst,large_omni_hardfirst_seed1_k5,1,19,牛 / cattle (19),9,bottle,bottle (9),77.0,False,False,False
large_omnivores_and_herbivores,大型雜食/草食動物,hardfirst,large_omni_hardfirst_seed1_k5,1,19,牛 / cattle (19),10,bowl,bowl (10),45.0,False,False,False
large_omnivores_and_herbivores,大型雜食/草食動物,hardfirst,large_omni_hardfirst_seed1_k5,1,19,牛 / cattle (19),11,boy,boy (11),48.0,False,False,False
large_omnivores_and_herbivores,大型雜食/草食動物,hardfirst,large_omni_hardfirst_seed1_k5,1,19,牛 / cattle (19),12,bridge,bridge (12),77.0,False,False,False
large_omnivores_and_herbivores,大型雜食/草食動物,hardfirst,large_omni_hardfirst_seed1_k5,1,19,牛 / cattle (19),13,bus,公車 / bus (13),65.0,False,False,False
large_omnivores_and_herbivores,大型雜食/草食動物,hardfirst,large_omni_hardfirst_seed1_k5,1,19,牛 / cattle (19),14,butterfly,butterfly (14),54.0,False,False,False
large_omnivores_and_herbivores,大型雜食/草食動物,hardfirst,large_omni_hardfirst_seed1_k5,1,19,牛 / cattle (19),15,camel,駱駝 / camel (15),75.0,False,False,True
large_omnivores_and_herbivores,大型雜食/草食動物,hardfirst,large_omni_hardfirst_seed1_k5,1,19,牛 / cattle (19),16,can,can (16),78.0,False,False,False
large_omnivores_and_herbivores,大型雜食/草食動物,hardfirst,large_omni_hardfirst_seed1_k5,1,19,牛 / cattle (19),17,castle,castle (17),82.0,False,False,False
large_omnivores_and_herbivores,大型雜食/草食動物,hardfirst,large_omni_hardfirst_seed1_k5,1,19,牛 / cattle (19),18,caterpillar,caterpillar (18),63.0,False,False,False
large_omnivores_and_herbivores,大型雜食/草食動物,hardfirst,large_omni_hardfirst_seed1_k5,1,19,牛 / cattle (19),19,cattle,牛 / cattle (19),0.0,True,True,True
large_omnivores_and_herbivores,大型雜食/草食動物,hardfirst,large_omni_hardfirst_seed1_k5,1,19,牛 / cattle (19),20,chair,chair (20),86.0,False,False,False
large_omnivores_and_herbivores,大型雜食/草食動物,hardfirst,large_omni_hardfirst_seed1_k5,1,19,牛 / cattle (19),21,chimpanzee,黑猩猩 / chimpanzee (21),87.0,False,False,True
large_omnivores_and_herbivores,大型雜食/草食動物,hardfirst,large_omni_hardfirst_seed1_k5,1,19,牛 / cattle (19),22,clock,clock (22),67.0,False,False,False
large_omnivores_and_herbivores,大型雜食/草食動物,hardfirst,large_omni_hardfirst_seed1_k5,1,19,牛 / cattle (19),23,cloud,cloud (23),81.0,False,False,False
large_omnivores_and_herbivores,大型雜食/草食動物,hardfirst,large_omni_hardfirst_seed1_k5,1,19,牛 / cattle (19),24,cockroach,cockroach (24),79.0,False,False,False
large_omnivores_and_herbivores,大型雜食/草食動物,hardfirst,large_omni_hardfirst_seed1_k5,1,19,牛 / cattle (19),25,couch,couch (25),55.0,False,False,False
large_omnivores_and_herbivores,大型雜食/草食動物,hardfirst,large_omni_hardfirst_seed1_k5,1,19,牛 / cattle (19),26,crab,crab (26),64.0,False,False,False
large_omnivores_and_herbivores,大型雜食/草食動物,hardfirst,large_omni_hardfirst_seed1_k5,1,19,牛 / cattle (19),27,crocodile,crocodile (27),56.0,False,False,False
large_omnivores_and_herbivores,大型雜食/草食動物,hardfirst,large_omni_hardfirst_seed1_k5,1,19,牛 / cattle (19),28,cup,cup (28),76.0,False,False,False
large_omnivores_and_herbivores,大型雜食/草食動物,hardfirst,large_omni_hardfirst_seed1_k5,1,19,牛 / cattle (19),29,dinosaur,dinosaur (29),66.0,False,False,False
large_omnivores_and_herbivores,大型雜食/草食動物,hardfirst,large_omni_hardfirst_seed1_k5,1,19,牛 / cattle (19),30,dolphin,dolphin (30),71.0,False,False,False
large_omnivores_and_herbivores,大型雜食/草食動物,hardfirst,large_omni_hardfirst_seed1_k5,1,19,牛 / cattle (19),31,elephant,大象 / elephant (31),62.0,False,False,True
large_omnivores_and_herbivores,大型雜食/草食動物,hardfirst,large_omni_hardfirst_seed1_k5,1,19,牛 / cattle (19),32,flatfish,flatfish (32),62.0,False,False,False
large_omnivores_and_herbivores,大型雜食/草食動物,hardfirst,large_omni_hardfirst_seed1_k5,1,19,牛 / cattle (19),33,forest,forest (33),57.0,False,False,False
large_omnivores_and_herbivores,大型雜食/草食動物,hardfirst,large_omni_hardfirst_seed1_k5,1,19,牛 / cattle (19),34,fox,fox (34),77.0,False,False,False
large_omnivores_and_herbivores,大型雜食/草食動物,hardfirst,large_omni_hardfirst_seed1_k5,1,19,牛 / cattle (19),35,girl,girl (35),49.0,False,False,False
large_omnivores_and_herbivores,大型雜食/草食動物,hardfirst,large_omni_hardfirst_seed1_k5,1,19,牛 / cattle (19),36,hamster,hamster (36),81.0,False,False,False
large_omnivores_and_herbivores,大型雜食/草食動物,hardfirst,large_omni_hardfirst_seed1_k5,1,19,牛 / cattle (19),37,house,house (37),78.0,False,False,False
large_omnivores_and_herbivores,大型雜食/草食動物,hardfirst,large_omni_hardfirst_seed1_k5,1,19,牛 / cattle (19),38,kangaroo,袋鼠 / kangaroo (38),62.0,False,False,True
large_omnivores_and_herbivores,大型雜食/草食動物,hardfirst,large_omni_hardfirst_seed1_k5,1,19,牛 / cattle (19),39,keyboard,keyboard (39),77.0,False,False,False
large_omnivores_and_herbivores,大型雜食/草食動物,hardfirst,large_omni_hardfirst_seed1_k5,1,19,牛 / cattle (19),40,lamp,lamp (40),61.0,False,False,False
large_omnivores_and_herbivores,大型雜食/草食動物,hardfirst,large_omni_hardfirst_seed1_k5,1,19,牛 / cattle (19),41,lawn_mower,lawn_mower (41),87.0,False,False,False
large_omnivores_and_herbivores,大型雜食/草食動物,hardfirst,large_omni_hardfirst_seed1_k5,1,19,牛 / cattle (19),42,leopard,leopard (42),78.0,False,False,False
large_omnivores_and_herbivores,大型雜食/草食動物,hardfirst,large_omni_hardfirst_seed1_k5,1,19,牛 / cattle (19),43,lion,lion (43),82.0,False,False,False
large_omnivores_and_herbivores,大型雜食/草食動物,hardfirst,large_omni_hardfirst_seed1_k5,1,19,牛 / cattle (19),44,lizard,lizard (44),41.0,False,False,False
large_omnivores_and_herbivores,大型雜食/草食動物,hardfirst,large_omni_hardfirst_seed1_k5,1,19,牛 / cattle (19),45,lobster,lobster (45),60.0,False,False,False
large_omnivores_and_herbivores,大型雜食/草食動物,hardfirst,large_omni_hardfirst_seed1_k5,1,19,牛 / cattle (19),46,man,man (46),43.0,False,False,False
large_omnivores_and_herbivores,大型雜食/草食動物,hardfirst,large_omni_hardfirst_seed1_k5,1,19,牛 / cattle (19),47,maple_tree,maple_tree (47),63.0,False,False,False
large_omnivores_and_herbivores,大型雜食/草食動物,hardfirst,large_omni_hardfirst_seed1_k5,1,19,牛 / cattle (19),48,motorcycle,摩托車 / motorcycle (48),93.0,False,False,False
large_omnivores_and_herbivores,大型雜食/草食動物,hardfirst,large_omni_hardfirst_seed1_k5,1,19,牛 / cattle (19),49,mountain,mountain (49),84.0,False,False,False
large_omnivores_and_herbivores,大型雜食/草食動物,hardfirst,large_omni_hardfirst_seed1_k5,1,19,牛 / cattle (19),50,mouse,mouse (50),51.0,False,False,False
large_omnivores_and_herbivores,大型雜食/草食動物,hardfirst,large_omni_hardfirst_seed1_k5,1,19,牛 / cattle (19),51,mushroom,mushroom (51),65.0,False,False,False
large_omnivores_and_herbivores,大型雜食/草食動物,hardfirst,large_omni_hardfirst_seed1_k5,1,19,牛 / cattle (19),52,oak_tree,oak_tree (52),65.0,False,False,False
large_omnivores_and_herbivores,大型雜食/草食動物,hardfirst,large_omni_hardfirst_seed1_k5,1,19,牛 / cattle (19),53,orange,orange (53),87.0,False,False,False
large_omnivores_and_herbivores,大型雜食/草食動物,hardfirst,large_omni_hardfirst_seed1_k5,1,19,牛 / cattle (19),54,orchid,蘭花 / orchid (54),84.0,False,False,False
large_omnivores_and_herbivores,大型雜食/草食動物,hardfirst,large_omni_hardfirst_seed1_k5,1,19,牛 / cattle (19),55,otter,otter (55),44.0,False,False,False
large_omnivores_and_herbivores,大型雜食/草食動物,hardfirst,large_omni_hardfirst_seed1_k5,1,19,牛 / cattle (19),56,palm_tree,palm_tree (56),87.0,False,False,False
large_omnivores_and_herbivores,大型雜食/草食動物,hardfirst,large_omni_hardfirst_seed1_k5,1,19,牛 / cattle (19),57,pear,pear (57),77.0,False,False,False
large_omnivores_and_herbivores,大型雜食/草食動物,hardfirst,large_omni_hardfirst_seed1_k5,1,19,牛 / cattle (19),58,pickup_truck,皮卡車 / pickup_truck (58),83.0,False,False,False
large_omnivores_and_herbivores,大型雜食/草食動物,hardfirst,large_omni_hardfirst_seed1_k5,1,19,牛 / cattle (19),59,pine_tree,pine_tree (59),70.0,False,False,False
large_omnivores_and_herbivores,大型雜食/草食動物,hardfirst,large_omni_hardfirst_seed1_k5,1,19,牛 / cattle (19),60,plain,plain (60),86.0,False,False,False
large_omnivores_and_herbivores,大型雜食/草食動物,hardfirst,large_omni_hardfirst_seed1_k5,1,19,牛 / cattle (19),61,plate,plate (61),67.0,False,False,False
large_omnivores_and_herbivores,大型雜食/草食動物,hardfirst,large_omni_hardfirst_seed1_k5,1,19,牛 / cattle (19),62,poppy,罌粟花 / poppy (62),82.0,False,False,False
large_omnivores_and_herbivores,大型雜食/草食動物,hardfirst,large_omni_hardfirst_seed1_k5,1,19,牛 / cattle (19),63,porcupine,porcupine (63),70.0,False,False,False
large_omnivores_and_herbivores,大型雜食/草食動物,hardfirst,large_omni_hardfirst_seed1_k5,1,19,牛 / cattle (19),64,possum,possum (64),50.0,False,False,False
large_omnivores_and_herbivores,大型雜食/草食動物,hardfirst,large_omni_hardfirst_seed1_k5,1,19,牛 / cattle (19),65,rabbit,rabbit (65),55.0,False,False,False
large_omnivores_and_herbivores,大型雜食/草食動物,hardfirst,large_omni_hardfirst_seed1_k5,1,19,牛 / cattle (19),66,raccoon,raccoon (66),81.0,False,False,False
large_omnivores_and_herbivores,大型雜食/草食動物,hardfirst,large_omni_hardfirst_seed1_k5,1,19,牛 / cattle (19),67,ray,ray (67),56.0,False,False,False
large_omnivores_and_herbivores,大型雜食/草食動物,hardfirst,large_omni_hardfirst_seed1_k5,1,19,牛 / cattle (19),68,road,road (68),93.0,False,False,False
large_omnivores_and_herbivores,大型雜食/草食動物,hardfirst,large_omni_hardfirst_seed1_k5,1,19,牛 / cattle (19),69,rocket,rocket (69),78.0,False,False,False
large_omnivores_and_herbivores,大型雜食/草食動物,hardfirst,large_omni_hardfirst_seed1_k5,1,19,牛 / cattle (19),70,rose,玫瑰 / rose (70),71.0,False,False,False
large_omnivores_and_herbivores,大型雜食/草食動物,hardfirst,large_omni_hardfirst_seed1_k5,1,19,牛 / cattle (19),71,sea,sea (71),78.0,False,False,False
large_omnivores_and_herbivores,大型雜食/草食動物,hardfirst,large_omni_hardfirst_seed1_k5,1,19,牛 / cattle (19),72,seal,seal (72),46.0,False,False,False
large_omnivores_and_herbivores,大型雜食/草食動物,hardfirst,large_omni_hardfirst_seed1_k5,1,19,牛 / cattle (19),73,shark,shark (73),59.0,False,False,False
large_omnivores_and_herbivores,大型雜食/草食動物,hardfirst,large_omni_hardfirst_seed1_k5,1,19,牛 / cattle (19),74,shrew,shrew (74),49.0,False,False,False
large_omnivores_and_herbivores,大型雜食/草食動物,hardfirst,large_omni_hardfirst_seed1_k5,1,19,牛 / cattle (19),75,skunk,skunk (75),89.0,False,False,False
large_omnivores_and_herbivores,大型雜食/草食動物,hardfirst,large_omni_hardfirst_seed1_k5,1,19,牛 / cattle (19),76,skyscraper,skyscraper (76),88.0,False,False,False
large_omnivores_and_herbivores,大型雜食/草食動物,hardfirst,large_omni_hardfirst_seed1_k5,1,19,牛 / cattle (19),77,snail,snail (77),63.0,False,False,False
large_omnivores_and_herbivores,大型雜食/草食動物,hardfirst,large_omni_hardfirst_seed1_k5,1,19,牛 / cattle (19),78,snake,snake (78),60.0,False,False,False
large_omnivores_and_herbivores,大型雜食/草食動物,hardfirst,large_omni_hardfirst_seed1_k5,1,19,牛 / cattle (19),79,spider,spider (79),73.0,False,False,False
large_omnivores_and_herbivores,大型雜食/草食動物,hardfirst,large_omni_hardfirst_seed1_k5,1,19,牛 / cattle (19),80,squirrel,squirrel (80),54.0,False,False,False
large_omnivores_and_herbivores,大型雜食/草食動物,hardfirst,large_omni_hardfirst_seed1_k5,1,19,牛 / cattle (19),81,streetcar,streetcar (81),73.0,False,False,False
large_omnivores_and_herbivores,大型雜食/草食動物,hardfirst,large_omni_hardfirst_seed1_k5,1,19,牛 / cattle (19),82,sunflower,向日葵 / sunflower (82),91.0,False,False,False
large_omnivores_and_herbivores,大型雜食/草食動物,hardfirst,large_omni_hardfirst_seed1_k5,1,19,牛 / cattle (19),83,sweet_pepper,sweet_pepper (83),66.0,False,False,False
large_omnivores_and_herbivores,大型雜食/草食動物,hardfirst,large_omni_hardfirst_seed1_k5,1,19,牛 / cattle (19),84,table,table (84),68.0,False,False,False
large_omnivores_and_herbivores,大型雜食/草食動物,hardfirst,large_omni_hardfirst_seed1_k5,1,19,牛 / cattle (19),85,tank,tank (85),72.0,False,False,False
large_omnivores_and_herbivores,大型雜食/草食動物,hardfirst,large_omni_hardfirst_seed1_k5,1,19,牛 / cattle (19),86,telephone,telephone (86),66.0,False,False,False
large_omnivores_and_herbivores,大型雜食/草食動物,hardfirst,large_omni_hardfirst_seed1_k5,1,19,牛 / cattle (19),87,television,television (87),77.0,False,False,False
large_omnivores_and_herbivores,大型雜食/草食動物,hardfirst,large_omni_hardfirst_seed1_k5,1,19,牛 / cattle (19),88,tiger,tiger (88),80.0,False,False,False
large_omnivores_and_herbivores,大型雜食/草食動物,hardfirst,large_omni_hardfirst_seed1_k5,1,19,牛 / cattle (19),89,tractor,tractor (89),85.0,False,False,False
large_omnivores_and_herbivores,大型雜食/草食動物,hardfirst,large_omni_hardfirst_seed1_k5,1,19,牛 / cattle (19),90,train,火車 / train (90),85.0,False,False,False
large_omnivores_and_herbivores,大型雜食/草食動物,hardfirst,large_omni_hardfirst_seed1_k5,1,19,牛 / cattle (19),91,trout,trout (91),79.0,False,False,False
large_omnivores_and_herbivores,大型雜食/草食動物,hardfirst,large_omni_hardfirst_seed1_k5,1,19,牛 / cattle (19),92,tulip,鬱金香 / tulip (92),60.0,False,False,False
large_omnivores_and_herbivores,大型雜食/草食動物,hardfirst,large_omni_hardfirst_seed1_k5,1,19,牛 / cattle (19),93,turtle,turtle (93),57.0,False,False,False
large_omnivores_and_herbivores,大型雜食/草食動物,hardfirst,large_omni_hardfirst_seed1_k5,1,19,牛 / cattle (19),94,wardrobe,wardrobe (94),91.0,False,False,False
large_omnivores_and_herbivores,大型雜食/草食動物,hardfirst,large_omni_hardfirst_seed1_k5,1,19,牛 / cattle (19),95,whale,whale (95),73.0,False,False,False
large_omnivores_and_herbivores,大型雜食/草食動物,hardfirst,large_omni_hardfirst_seed1_k5,1,19,牛 / cattle (19),96,willow_tree,willow_tree (96),66.0,False,False,False
large_omnivores_and_herbivores,大型雜食/草食動物,hardfirst,large_omni_hardfirst_seed1_k5,1,19,牛 / cattle (19),97,wolf,wolf (97),74.0,False,False,False
large_omnivores_and_herbivores,大型雜食/草食動物,hardfirst,large_omni_hardfirst_seed1_k5,1,19,牛 / cattle (19),98,woman,woman (98),48.0,False,False,False
large_omnivores_and_herbivores,大型雜食/草食動物,hardfirst,large_omni_hardfirst_seed1_k5,1,19,牛 / cattle (19),99,worm,worm (99),68.0,False,False,False
large_omnivores_and_herbivores,大型雜食/草食動物,hardfirst,large_omni_hardfirst_seed1_k5,2,38,袋鼠 / kangaroo (38),0,apple,apple (0),88.0,False,False,False
large_omnivores_and_herbivores,大型雜食/草食動物,hardfirst,large_omni_hardfirst_seed1_k5,2,38,袋鼠 / kangaroo (38),1,aquarium_fish,aquarium_fish (1),79.0,False,False,False
large_omnivores_and_herbivores,大型雜食/草食動物,hardfirst,large_omni_hardfirst_seed1_k5,2,38,袋鼠 / kangaroo (38),2,baby,baby (2),54.0,False,False,False
large_omnivores_and_herbivores,大型雜食/草食動物,hardfirst,large_omni_hardfirst_seed1_k5,2,38,袋鼠 / kangaroo (38),3,bear,bear (3),50.0,False,False,False
large_omnivores_and_herbivores,大型雜食/草食動物,hardfirst,large_omni_hardfirst_seed1_k5,2,38,袋鼠 / kangaroo (38),4,beaver,beaver (4),65.0,False,False,False
large_omnivores_and_herbivores,大型雜食/草食動物,hardfirst,large_omni_hardfirst_seed1_k5,2,38,袋鼠 / kangaroo (38),5,bed,bed (5),69.0,False,False,False
large_omnivores_and_herbivores,大型雜食/草食動物,hardfirst,large_omni_hardfirst_seed1_k5,2,38,袋鼠 / kangaroo (38),6,bee,bee (6),82.0,False,False,False
large_omnivores_and_herbivores,大型雜食/草食動物,hardfirst,large_omni_hardfirst_seed1_k5,2,38,袋鼠 / kangaroo (38),7,beetle,beetle (7),71.0,False,False,False
large_omnivores_and_herbivores,大型雜食/草食動物,hardfirst,large_omni_hardfirst_seed1_k5,2,38,袋鼠 / kangaroo (38),8,bicycle,腳踏車 / bicycle (8),81.0,False,False,False
large_omnivores_and_herbivores,大型雜食/草食動物,hardfirst,large_omni_hardfirst_seed1_k5,2,38,袋鼠 / kangaroo (38),9,bottle,bottle (9),79.0,False,False,False
large_omnivores_and_herbivores,大型雜食/草食動物,hardfirst,large_omni_hardfirst_seed1_k5,2,38,袋鼠 / kangaroo (38),10,bowl,bowl (10),43.0,False,False,False
large_omnivores_and_herbivores,大型雜食/草食動物,hardfirst,large_omni_hardfirst_seed1_k5,2,38,袋鼠 / kangaroo (38),11,boy,boy (11),47.0,False,False,False
large_omnivores_and_herbivores,大型雜食/草食動物,hardfirst,large_omni_hardfirst_seed1_k5,2,38,袋鼠 / kangaroo (38),12,bridge,bridge (12),80.0,False,False,False
large_omnivores_and_herbivores,大型雜食/草食動物,hardfirst,large_omni_hardfirst_seed1_k5,2,38,袋鼠 / kangaroo (38),13,bus,公車 / bus (13),64.0,False,False,False
large_omnivores_and_herbivores,大型雜食/草食動物,hardfirst,large_omni_hardfirst_seed1_k5,2,38,袋鼠 / kangaroo (38),14,butterfly,butterfly (14),52.0,False,False,False
large_omnivores_and_herbivores,大型雜食/草食動物,hardfirst,large_omni_hardfirst_seed1_k5,2,38,袋鼠 / kangaroo (38),15,camel,駱駝 / camel (15),75.0,False,False,True
large_omnivores_and_herbivores,大型雜食/草食動物,hardfirst,large_omni_hardfirst_seed1_k5,2,38,袋鼠 / kangaroo (38),16,can,can (16),79.0,False,False,False
large_omnivores_and_herbivores,大型雜食/草食動物,hardfirst,large_omni_hardfirst_seed1_k5,2,38,袋鼠 / kangaroo (38),17,castle,castle (17),80.0,False,False,False
large_omnivores_and_herbivores,大型雜食/草食動物,hardfirst,large_omni_hardfirst_seed1_k5,2,38,袋鼠 / kangaroo (38),18,caterpillar,caterpillar (18),61.0,False,False,False
large_omnivores_and_herbivores,大型雜食/草食動物,hardfirst,large_omni_hardfirst_seed1_k5,2,38,袋鼠 / kangaroo (38),19,cattle,牛 / cattle (19),0.0,True,False,True
large_omnivores_and_herbivores,大型雜食/草食動物,hardfirst,large_omni_hardfirst_seed1_k5,2,38,袋鼠 / kangaroo (38),20,chair,chair (20),86.0,False,False,False
large_omnivores_and_herbivores,大型雜食/草食動物,hardfirst,large_omni_hardfirst_seed1_k5,2,38,袋鼠 / kangaroo (38),21,chimpanzee,黑猩猩 / chimpanzee (21),85.0,False,False,True
large_omnivores_and_herbivores,大型雜食/草食動物,hardfirst,large_omni_hardfirst_seed1_k5,2,38,袋鼠 / kangaroo (38),22,clock,clock (22),68.0,False,False,False
large_omnivores_and_herbivores,大型雜食/草食動物,hardfirst,large_omni_hardfirst_seed1_k5,2,38,袋鼠 / kangaroo (38),23,cloud,cloud (23),79.0,False,False,False
large_omnivores_and_herbivores,大型雜食/草食動物,hardfirst,large_omni_hardfirst_seed1_k5,2,38,袋鼠 / kangaroo (38),24,cockroach,cockroach (24),77.0,False,False,False
large_omnivores_and_herbivores,大型雜食/草食動物,hardfirst,large_omni_hardfirst_seed1_k5,2,38,袋鼠 / kangaroo (38),25,couch,couch (25),55.0,False,False,False
large_omnivores_and_herbivores,大型雜食/草食動物,hardfirst,large_omni_hardfirst_seed1_k5,2,38,袋鼠 / kangaroo (38),26,crab,crab (26),64.0,False,False,False
large_omnivores_and_herbivores,大型雜食/草食動物,hardfirst,large_omni_hardfirst_seed1_k5,2,38,袋鼠 / kangaroo (38),27,crocodile,crocodile (27),53.0,False,False,False
large_omnivores_and_herbivores,大型雜食/草食動物,hardfirst,large_omni_hardfirst_seed1_k5,2,38,袋鼠 / kangaroo (38),28,cup,cup (28),75.0,False,False,False
large_omnivores_and_herbivores,大型雜食/草食動物,hardfirst,large_omni_hardfirst_seed1_k5,2,38,袋鼠 / kangaroo (38),29,dinosaur,dinosaur (29),64.0,False,False,False
large_omnivores_and_herbivores,大型雜食/草食動物,hardfirst,large_omni_hardfirst_seed1_k5,2,38,袋鼠 / kangaroo (38),30,dolphin,dolphin (30),66.0,False,False,False
large_omnivores_and_herbivores,大型雜食/草食動物,hardfirst,large_omni_hardfirst_seed1_k5,2,38,袋鼠 / kangaroo (38),31,elephant,大象 / elephant (31),66.0,False,False,True
large_omnivores_and_herbivores,大型雜食/草食動物,hardfirst,large_omni_hardfirst_seed1_k5,2,38,袋鼠 / kangaroo (38),32,flatfish,flatfish (32),63.0,False,False,False
large_omnivores_and_herbivores,大型雜食/草食動物,hardfirst,large_omni_hardfirst_seed1_k5,2,38,袋鼠 / kangaroo (38),33,forest,forest (33),61.0,False,False,False
large_omnivores_and_herbivores,大型雜食/草食動物,hardfirst,large_omni_hardfirst_seed1_k5,2,38,袋鼠 / kangaroo (38),34,fox,fox (34),78.0,False,False,False
large_omnivores_and_herbivores,大型雜食/草食動物,hardfirst,large_omni_hardfirst_seed1_k5,2,38,袋鼠 / kangaroo (38),35,girl,girl (35),51.0,False,False,False
large_omnivores_and_herbivores,大型雜食/草食動物,hardfirst,large_omni_hardfirst_seed1_k5,2,38,袋鼠 / kangaroo (38),36,hamster,hamster (36),82.0,False,False,False
large_omnivores_and_herbivores,大型雜食/草食動物,hardfirst,large_omni_hardfirst_seed1_k5,2,38,袋鼠 / kangaroo (38),37,house,house (37),80.0,False,False,False
large_omnivores_and_herbivores,大型雜食/草食動物,hardfirst,large_omni_hardfirst_seed1_k5,2,38,袋鼠 / kangaroo (38),38,kangaroo,袋鼠 / kangaroo (38),0.0,True,True,True
large_omnivores_and_herbivores,大型雜食/草食動物,hardfirst,large_omni_hardfirst_seed1_k5,2,38,袋鼠 / kangaroo (38),39,keyboard,keyboard (39),78.0,False,False,False
large_omnivores_and_herbivores,大型雜食/草食動物,hardfirst,large_omni_hardfirst_seed1_k5,2,38,袋鼠 / kangaroo (38),40,lamp,lamp (40),61.0,False,False,False
large_omnivores_and_herbivores,大型雜食/草食動物,hardfirst,large_omni_hardfirst_seed1_k5,2,38,袋鼠 / kangaroo (38),41,lawn_mower,lawn_mower (41),87.0,False,False,False
large_omnivores_and_herbivores,大型雜食/草食動物,hardfirst,large_omni_hardfirst_seed1_k5,2,38,袋鼠 / kangaroo (38),42,leopard,leopard (42),73.0,False,False,False
large_omnivores_and_herbivores,大型雜食/草食動物,hardfirst,large_omni_hardfirst_seed1_k5,2,38,袋鼠 / kangaroo (38),43,lion,lion (43),83.0,False,False,False
large_omnivores_and_herbivores,大型雜食/草食動物,hardfirst,large_omni_hardfirst_seed1_k5,2,38,袋鼠 / kangaroo (38),44,lizard,lizard (44),43.0,False,False,False
large_omnivores_and_herbivores,大型雜食/草食動物,hardfirst,large_omni_hardfirst_seed1_k5,2,38,袋鼠 / kangaroo (38),45,lobster,lobster (45),64.0,False,False,False
large_omnivores_and_herbivores,大型雜食/草食動物,hardfirst,large_omni_hardfirst_seed1_k5,2,38,袋鼠 / kangaroo (38),46,man,man (46),49.0,False,False,False
large_omnivores_and_herbivores,大型雜食/草食動物,hardfirst,large_omni_hardfirst_seed1_k5,2,38,袋鼠 / kangaroo (38),47,maple_tree,maple_tree (47),66.0,False,False,False
large_omnivores_and_herbivores,大型雜食/草食動物,hardfirst,large_omni_hardfirst_seed1_k5,2,38,袋鼠 / kangaroo (38),48,motorcycle,摩托車 / motorcycle (48),93.0,False,False,False
large_omnivores_and_herbivores,大型雜食/草食動物,hardfirst,large_omni_hardfirst_seed1_k5,2,38,袋鼠 / kangaroo (38),49,mountain,mountain (49),83.0,False,False,False
large_omnivores_and_herbivores,大型雜食/草食動物,hardfirst,large_omni_hardfirst_seed1_k5,2,38,袋鼠 / kangaroo (38),50,mouse,mouse (50),54.0,False,False,False
large_omnivores_and_herbivores,大型雜食/草食動物,hardfirst,large_omni_hardfirst_seed1_k5,2,38,袋鼠 / kangaroo (38),51,mushroom,mushroom (51),71.0,False,False,False
large_omnivores_and_herbivores,大型雜食/草食動物,hardfirst,large_omni_hardfirst_seed1_k5,2,38,袋鼠 / kangaroo (38),52,oak_tree,oak_tree (52),64.0,False,False,False
large_omnivores_and_herbivores,大型雜食/草食動物,hardfirst,large_omni_hardfirst_seed1_k5,2,38,袋鼠 / kangaroo (38),53,orange,orange (53),88.0,False,False,False
large_omnivores_and_herbivores,大型雜食/草食動物,hardfirst,large_omni_hardfirst_seed1_k5,2,38,袋鼠 / kangaroo (38),54,orchid,蘭花 / orchid (54),84.0,False,False,False
large_omnivores_and_herbivores,大型雜食/草食動物,hardfirst,large_omni_hardfirst_seed1_k5,2,38,袋鼠 / kangaroo (38),55,otter,otter (55),42.0,False,False,False
large_omnivores_and_herbivores,大型雜食/草食動物,hardfirst,large_omni_hardfirst_seed1_k5,2,38,袋鼠 / kangaroo (38),56,palm_tree,palm_tree (56),89.0,False,False,False
large_omnivores_and_herbivores,大型雜食/草食動物,hardfirst,large_omni_hardfirst_seed1_k5,2,38,袋鼠 / kangaroo (38),57,pear,pear (57),76.0,False,False,False
large_omnivores_and_herbivores,大型雜食/草食動物,hardfirst,large_omni_hardfirst_seed1_k5,2,38,袋鼠 / kangaroo (38),58,pickup_truck,皮卡車 / pickup_truck (58),88.0,False,False,False
large_omnivores_and_herbivores,大型雜食/草食動物,hardfirst,large_omni_hardfirst_seed1_k5,2,38,袋鼠 / kangaroo (38),59,pine_tree,pine_tree (59),71.0,False,False,False
large_omnivores_and_herbivores,大型雜食/草食動物,hardfirst,large_omni_hardfirst_seed1_k5,2,38,袋鼠 / kangaroo (38),60,plain,plain (60),88.0,False,False,False
large_omnivores_and_herbivores,大型雜食/草食動物,hardfirst,large_omni_hardfirst_seed1_k5,2,38,袋鼠 / kangaroo (38),61,plate,plate (61),65.0,False,False,False
large_omnivores_and_herbivores,大型雜食/草食動物,hardfirst,large_omni_hardfirst_seed1_k5,2,38,袋鼠 / kangaroo (38),62,poppy,罌粟花 / poppy (62),80.0,False,False,False
large_omnivores_and_herbivores,大型雜食/草食動物,hardfirst,large_omni_hardfirst_seed1_k5,2,38,袋鼠 / kangaroo (38),63,porcupine,porcupine (63),73.0,False,False,False
large_omnivores_and_herbivores,大型雜食/草食動物,hardfirst,large_omni_hardfirst_seed1_k5,2,38,袋鼠 / kangaroo (38),64,possum,possum (64),51.0,False,False,False
large_omnivores_and_herbivores,大型雜食/草食動物,hardfirst,large_omni_hardfirst_seed1_k5,2,38,袋鼠 / kangaroo (38),65,rabbit,rabbit (65),57.0,False,False,False
large_omnivores_and_herbivores,大型雜食/草食動物,hardfirst,large_omni_hardfirst_seed1_k5,2,38,袋鼠 / kangaroo (38),66,raccoon,raccoon (66),82.0,False,False,False
large_omnivores_and_herbivores,大型雜食/草食動物,hardfirst,large_omni_hardfirst_seed1_k5,2,38,袋鼠 / kangaroo (38),67,ray,ray (67),53.0,False,False,False
large_omnivores_and_herbivores,大型雜食/草食動物,hardfirst,large_omni_hardfirst_seed1_k5,2,38,袋鼠 / kangaroo (38),68,road,road (68),93.0,False,False,False
large_omnivores_and_herbivores,大型雜食/草食動物,hardfirst,large_omni_hardfirst_seed1_k5,2,38,袋鼠 / kangaroo (38),69,rocket,rocket (69),78.0,False,False,False
large_omnivores_and_herbivores,大型雜食/草食動物,hardfirst,large_omni_hardfirst_seed1_k5,2,38,袋鼠 / kangaroo (38),70,rose,玫瑰 / rose (70),73.0,False,False,False
large_omnivores_and_herbivores,大型雜食/草食動物,hardfirst,large_omni_hardfirst_seed1_k5,2,38,袋鼠 / kangaroo (38),71,sea,sea (71),77.0,False,False,False
large_omnivores_and_herbivores,大型雜食/草食動物,hardfirst,large_omni_hardfirst_seed1_k5,2,38,袋鼠 / kangaroo (38),72,seal,seal (72),42.0,False,False,False
large_omnivores_and_herbivores,大型雜食/草食動物,hardfirst,large_omni_hardfirst_seed1_k5,2,38,袋鼠 / kangaroo (38),73,shark,shark (73),58.0,False,False,False
large_omnivores_and_herbivores,大型雜食/草食動物,hardfirst,large_omni_hardfirst_seed1_k5,2,38,袋鼠 / kangaroo (38),74,shrew,shrew (74),50.0,False,False,False
large_omnivores_and_herbivores,大型雜食/草食動物,hardfirst,large_omni_hardfirst_seed1_k5,2,38,袋鼠 / kangaroo (38),75,skunk,skunk (75),91.0,False,False,False
large_omnivores_and_herbivores,大型雜食/草食動物,hardfirst,large_omni_hardfirst_seed1_k5,2,38,袋鼠 / kangaroo (38),76,skyscraper,skyscraper (76),89.0,False,False,False
large_omnivores_and_herbivores,大型雜食/草食動物,hardfirst,large_omni_hardfirst_seed1_k5,2,38,袋鼠 / kangaroo (38),77,snail,snail (77),65.0,False,False,False
large_omnivores_and_herbivores,大型雜食/草食動物,hardfirst,large_omni_hardfirst_seed1_k5,2,38,袋鼠 / kangaroo (38),78,snake,snake (78),61.0,False,False,False
large_omnivores_and_herbivores,大型雜食/草食動物,hardfirst,large_omni_hardfirst_seed1_k5,2,38,袋鼠 / kangaroo (38),79,spider,spider (79),74.0,False,False,False
large_omnivores_and_herbivores,大型雜食/草食動物,hardfirst,large_omni_hardfirst_seed1_k5,2,38,袋鼠 / kangaroo (38),80,squirrel,squirrel (80),61.0,False,False,False
large_omnivores_and_herbivores,大型雜食/草食動物,hardfirst,large_omni_hardfirst_seed1_k5,2,38,袋鼠 / kangaroo (38),81,streetcar,streetcar (81),74.0,False,False,False
large_omnivores_and_herbivores,大型雜食/草食動物,hardfirst,large_omni_hardfirst_seed1_k5,2,38,袋鼠 / kangaroo (38),82,sunflower,向日葵 / sunflower (82),93.0,False,False,False
large_omnivores_and_herbivores,大型雜食/草食動物,hardfirst,large_omni_hardfirst_seed1_k5,2,38,袋鼠 / kangaroo (38),83,sweet_pepper,sweet_pepper (83),70.0,False,False,False
large_omnivores_and_herbivores,大型雜食/草食動物,hardfirst,large_omni_hardfirst_seed1_k5,2,38,袋鼠 / kangaroo (38),84,table,table (84),69.0,False,False,False
large_omnivores_and_herbivores,大型雜食/草食動物,hardfirst,large_omni_hardfirst_seed1_k5,2,38,袋鼠 / kangaroo (38),85,tank,tank (85),71.0,False,False,False
large_omnivores_and_herbivores,大型雜食/草食動物,hardfirst,large_omni_hardfirst_seed1_k5,2,38,袋鼠 / kangaroo (38),86,telephone,telephone (86),68.0,False,False,False
large_omnivores_and_herbivores,大型雜食/草食動物,hardfirst,large_omni_hardfirst_seed1_k5,2,38,袋鼠 / kangaroo (38),87,television,television (87),78.0,False,False,False
large_omnivores_and_herbivores,大型雜食/草食動物,hardfirst,large_omni_hardfirst_seed1_k5,2,38,袋鼠 / kangaroo (38),88,tiger,tiger (88),79.0,False,False,False
large_omnivores_and_herbivores,大型雜食/草食動物,hardfirst,large_omni_hardfirst_seed1_k5,2,38,袋鼠 / kangaroo (38),89,tractor,tractor (89),83.0,False,False,False
large_omnivores_and_herbivores,大型雜食/草食動物,hardfirst,large_omni_hardfirst_seed1_k5,2,38,袋鼠 / kangaroo (38),90,train,火車 / train (90),84.0,False,False,False
large_omnivores_and_herbivores,大型雜食/草食動物,hardfirst,large_omni_hardfirst_seed1_k5,2,38,袋鼠 / kangaroo (38),91,trout,trout (91),77.0,False,False,False
large_omnivores_and_herbivores,大型雜食/草食動物,hardfirst,large_omni_hardfirst_seed1_k5,2,38,袋鼠 / kangaroo (38),92,tulip,鬱金香 / tulip (92),60.0,False,False,False
large_omnivores_and_herbivores,大型雜食/草食動物,hardfirst,large_omni_hardfirst_seed1_k5,2,38,袋鼠 / kangaroo (38),93,turtle,turtle (93),57.0,False,False,False
large_omnivores_and_herbivores,大型雜食/草食動物,hardfirst,large_omni_hardfirst_seed1_k5,2,38,袋鼠 / kangaroo (38),94,wardrobe,wardrobe (94),91.0,False,False,False
large_omnivores_and_herbivores,大型雜食/草食動物,hardfirst,large_omni_hardfirst_seed1_k5,2,38,袋鼠 / kangaroo (38),95,whale,whale (95),72.0,False,False,False
large_omnivores_and_herbivores,大型雜食/草食動物,hardfirst,large_omni_hardfirst_seed1_k5,2,38,袋鼠 / kangaroo (38),96,willow_tree,willow_tree (96),63.0,False,False,False
large_omnivores_and_herbivores,大型雜食/草食動物,hardfirst,large_omni_hardfirst_seed1_k5,2,38,袋鼠 / kangaroo (38),97,wolf,wolf (97),75.0,False,False,False
large_omnivores_and_herbivores,大型雜食/草食動物,hardfirst,large_omni_hardfirst_seed1_k5,2,38,袋鼠 / kangaroo (38),98,woman,woman (98),51.0,False,False,False
large_omnivores_and_herbivores,大型雜食/草食動物,hardfirst,large_omni_hardfirst_seed1_k5,2,38,袋鼠 / kangaroo (38),99,worm,worm (99),70.0,False,False,False
large_omnivores_and_herbivores,大型雜食/草食動物,hardfirst,large_omni_hardfirst_seed1_k5,3,31,大象 / elephant (31),0,apple,apple (0),87.0,False,False,False
large_omnivores_and_herbivores,大型雜食/草食動物,hardfirst,large_omni_hardfirst_seed1_k5,3,31,大象 / elephant (31),1,aquarium_fish,aquarium_fish (1),79.0,False,False,False
large_omnivores_and_herbivores,大型雜食/草食動物,hardfirst,large_omni_hardfirst_seed1_k5,3,31,大象 / elephant (31),2,baby,baby (2),57.0,False,False,False
large_omnivores_and_herbivores,大型雜食/草食動物,hardfirst,large_omni_hardfirst_seed1_k5,3,31,大象 / elephant (31),3,bear,bear (3),59.0,False,False,False
large_omnivores_and_herbivores,大型雜食/草食動物,hardfirst,large_omni_hardfirst_seed1_k5,3,31,大象 / elephant (31),4,beaver,beaver (4),61.0,False,False,False
large_omnivores_and_herbivores,大型雜食/草食動物,hardfirst,large_omni_hardfirst_seed1_k5,3,31,大象 / elephant (31),5,bed,bed (5),69.0,False,False,False
large_omnivores_and_herbivores,大型雜食/草食動物,hardfirst,large_omni_hardfirst_seed1_k5,3,31,大象 / elephant (31),6,bee,bee (6),82.0,False,False,False
large_omnivores_and_herbivores,大型雜食/草食動物,hardfirst,large_omni_hardfirst_seed1_k5,3,31,大象 / elephant (31),7,beetle,beetle (7),75.0,False,False,False
large_omnivores_and_herbivores,大型雜食/草食動物,hardfirst,large_omni_hardfirst_seed1_k5,3,31,大象 / elephant (31),8,bicycle,腳踏車 / bicycle (8),81.0,False,False,False
large_omnivores_and_herbivores,大型雜食/草食動物,hardfirst,large_omni_hardfirst_seed1_k5,3,31,大象 / elephant (31),9,bottle,bottle (9),76.0,False,False,False
large_omnivores_and_herbivores,大型雜食/草食動物,hardfirst,large_omni_hardfirst_seed1_k5,3,31,大象 / elephant (31),10,bowl,bowl (10),46.0,False,False,False
large_omnivores_and_herbivores,大型雜食/草食動物,hardfirst,large_omni_hardfirst_seed1_k5,3,31,大象 / elephant (31),11,boy,boy (11),46.0,False,False,False
large_omnivores_and_herbivores,大型雜食/草食動物,hardfirst,large_omni_hardfirst_seed1_k5,3,31,大象 / elephant (31),12,bridge,bridge (12),81.0,False,False,False
large_omnivores_and_herbivores,大型雜食/草食動物,hardfirst,large_omni_hardfirst_seed1_k5,3,31,大象 / elephant (31),13,bus,公車 / bus (13),65.0,False,False,False
large_omnivores_and_herbivores,大型雜食/草食動物,hardfirst,large_omni_hardfirst_seed1_k5,3,31,大象 / elephant (31),14,butterfly,butterfly (14),56.0,False,False,False
large_omnivores_and_herbivores,大型雜食/草食動物,hardfirst,large_omni_hardfirst_seed1_k5,3,31,大象 / elephant (31),15,camel,駱駝 / camel (15),74.0,False,False,True
large_omnivores_and_herbivores,大型雜食/草食動物,hardfirst,large_omni_hardfirst_seed1_k5,3,31,大象 / elephant (31),16,can,can (16),79.0,False,False,False
large_omnivores_and_herbivores,大型雜食/草食動物,hardfirst,large_omni_hardfirst_seed1_k5,3,31,大象 / elephant (31),17,castle,castle (17),80.0,False,False,False
large_omnivores_and_herbivores,大型雜食/草食動物,hardfirst,large_omni_hardfirst_seed1_k5,3,31,大象 / elephant (31),18,caterpillar,caterpillar (18),64.0,False,False,False
large_omnivores_and_herbivores,大型雜食/草食動物,hardfirst,large_omni_hardfirst_seed1_k5,3,31,大象 / elephant (31),19,cattle,牛 / cattle (19),0.0,True,False,True
large_omnivores_and_herbivores,大型雜食/草食動物,hardfirst,large_omni_hardfirst_seed1_k5,3,31,大象 / elephant (31),20,chair,chair (20),86.0,False,False,False
large_omnivores_and_herbivores,大型雜食/草食動物,hardfirst,large_omni_hardfirst_seed1_k5,3,31,大象 / elephant (31),21,chimpanzee,黑猩猩 / chimpanzee (21),85.0,False,False,True
large_omnivores_and_herbivores,大型雜食/草食動物,hardfirst,large_omni_hardfirst_seed1_k5,3,31,大象 / elephant (31),22,clock,clock (22),67.0,False,False,False
large_omnivores_and_herbivores,大型雜食/草食動物,hardfirst,large_omni_hardfirst_seed1_k5,3,31,大象 / elephant (31),23,cloud,cloud (23),79.0,False,False,False
large_omnivores_and_herbivores,大型雜食/草食動物,hardfirst,large_omni_hardfirst_seed1_k5,3,31,大象 / elephant (31),24,cockroach,cockroach (24),81.0,False,False,False
large_omnivores_and_herbivores,大型雜食/草食動物,hardfirst,large_omni_hardfirst_seed1_k5,3,31,大象 / elephant (31),25,couch,couch (25),56.0,False,False,False
large_omnivores_and_herbivores,大型雜食/草食動物,hardfirst,large_omni_hardfirst_seed1_k5,3,31,大象 / elephant (31),26,crab,crab (26),64.0,False,False,False
large_omnivores_and_herbivores,大型雜食/草食動物,hardfirst,large_omni_hardfirst_seed1_k5,3,31,大象 / elephant (31),27,crocodile,crocodile (27),56.0,False,False,False
large_omnivores_and_herbivores,大型雜食/草食動物,hardfirst,large_omni_hardfirst_seed1_k5,3,31,大象 / elephant (31),28,cup,cup (28),75.0,False,False,False
large_omnivores_and_herbivores,大型雜食/草食動物,hardfirst,large_omni_hardfirst_seed1_k5,3,31,大象 / elephant (31),29,dinosaur,dinosaur (29),66.0,False,False,False
large_omnivores_and_herbivores,大型雜食/草食動物,hardfirst,large_omni_hardfirst_seed1_k5,3,31,大象 / elephant (31),30,dolphin,dolphin (30),68.0,False,False,False
large_omnivores_and_herbivores,大型雜食/草食動物,hardfirst,large_omni_hardfirst_seed1_k5,3,31,大象 / elephant (31),31,elephant,大象 / elephant (31),0.0,True,True,True
large_omnivores_and_herbivores,大型雜食/草食動物,hardfirst,large_omni_hardfirst_seed1_k5,3,31,大象 / elephant (31),32,flatfish,flatfish (32),62.0,False,False,False
large_omnivores_and_herbivores,大型雜食/草食動物,hardfirst,large_omni_hardfirst_seed1_k5,3,31,大象 / elephant (31),33,forest,forest (33),59.0,False,False,False
large_omnivores_and_herbivores,大型雜食/草食動物,hardfirst,large_omni_hardfirst_seed1_k5,3,31,大象 / elephant (31),34,fox,fox (34),77.0,False,False,False
large_omnivores_and_herbivores,大型雜食/草食動物,hardfirst,large_omni_hardfirst_seed1_k5,3,31,大象 / elephant (31),35,girl,girl (35),50.0,False,False,False
large_omnivores_and_herbivores,大型雜食/草食動物,hardfirst,large_omni_hardfirst_seed1_k5,3,31,大象 / elephant (31),36,hamster,hamster (36),81.0,False,False,False
large_omnivores_and_herbivores,大型雜食/草食動物,hardfirst,large_omni_hardfirst_seed1_k5,3,31,大象 / elephant (31),37,house,house (37),78.0,False,False,False
large_omnivores_and_herbivores,大型雜食/草食動物,hardfirst,large_omni_hardfirst_seed1_k5,3,31,大象 / elephant (31),38,kangaroo,袋鼠 / kangaroo (38),0.0,True,False,True
large_omnivores_and_herbivores,大型雜食/草食動物,hardfirst,large_omni_hardfirst_seed1_k5,3,31,大象 / elephant (31),39,keyboard,keyboard (39),78.0,False,False,False
large_omnivores_and_herbivores,大型雜食/草食動物,hardfirst,large_omni_hardfirst_seed1_k5,3,31,大象 / elephant (31),40,lamp,lamp (40),61.0,False,False,False
large_omnivores_and_herbivores,大型雜食/草食動物,hardfirst,large_omni_hardfirst_seed1_k5,3,31,大象 / elephant (31),41,lawn_mower,lawn_mower (41),86.0,False,False,False
large_omnivores_and_herbivores,大型雜食/草食動物,hardfirst,large_omni_hardfirst_seed1_k5,3,31,大象 / elephant (31),42,leopard,leopard (42),76.0,False,False,False
large_omnivores_and_herbivores,大型雜食/草食動物,hardfirst,large_omni_hardfirst_seed1_k5,3,31,大象 / elephant (31),43,lion,lion (43),86.0,False,False,False
large_omnivores_and_herbivores,大型雜食/草食動物,hardfirst,large_omni_hardfirst_seed1_k5,3,31,大象 / elephant (31),44,lizard,lizard (44),45.0,False,False,False
large_omnivores_and_herbivores,大型雜食/草食動物,hardfirst,large_omni_hardfirst_seed1_k5,3,31,大象 / elephant (31),45,lobster,lobster (45),68.0,False,False,False
large_omnivores_and_herbivores,大型雜食/草食動物,hardfirst,large_omni_hardfirst_seed1_k5,3,31,大象 / elephant (31),46,man,man (46),45.0,False,False,False
large_omnivores_and_herbivores,大型雜食/草食動物,hardfirst,large_omni_hardfirst_seed1_k5,3,31,大象 / elephant (31),47,maple_tree,maple_tree (47),63.0,False,False,False
large_omnivores_and_herbivores,大型雜食/草食動物,hardfirst,large_omni_hardfirst_seed1_k5,3,31,大象 / elephant (31),48,motorcycle,摩托車 / motorcycle (48),94.0,False,False,False
large_omnivores_and_herbivores,大型雜食/草食動物,hardfirst,large_omni_hardfirst_seed1_k5,3,31,大象 / elephant (31),49,mountain,mountain (49),84.0,False,False,False
large_omnivores_and_herbivores,大型雜食/草食動物,hardfirst,large_omni_hardfirst_seed1_k5,3,31,大象 / elephant (31),50,mouse,mouse (50),51.0,False,False,False
large_omnivores_and_herbivores,大型雜食/草食動物,hardfirst,large_omni_hardfirst_seed1_k5,3,31,大象 / elephant (31),51,mushroom,mushroom (51),67.0,False,False,False
large_omnivores_and_herbivores,大型雜食/草食動物,hardfirst,large_omni_hardfirst_seed1_k5,3,31,大象 / elephant (31),52,oak_tree,oak_tree (52),69.0,False,False,False
large_omnivores_and_herbivores,大型雜食/草食動物,hardfirst,large_omni_hardfirst_seed1_k5,3,31,大象 / elephant (31),53,orange,orange (53),88.0,False,False,False
large_omnivores_and_herbivores,大型雜食/草食動物,hardfirst,large_omni_hardfirst_seed1_k5,3,31,大象 / elephant (31),54,orchid,蘭花 / orchid (54),84.0,False,False,False
large_omnivores_and_herbivores,大型雜食/草食動物,hardfirst,large_omni_hardfirst_seed1_k5,3,31,大象 / elephant (31),55,otter,otter (55),43.0,False,False,False
large_omnivores_and_herbivores,大型雜食/草食動物,hardfirst,large_omni_hardfirst_seed1_k5,3,31,大象 / elephant (31),56,palm_tree,palm_tree (56),84.0,False,False,False
large_omnivores_and_herbivores,大型雜食/草食動物,hardfirst,large_omni_hardfirst_seed1_k5,3,31,大象 / elephant (31),57,pear,pear (57),77.0,False,False,False
large_omnivores_and_herbivores,大型雜食/草食動物,hardfirst,large_omni_hardfirst_seed1_k5,3,31,大象 / elephant (31),58,pickup_truck,皮卡車 / pickup_truck (58),87.0,False,False,False
large_omnivores_and_herbivores,大型雜食/草食動物,hardfirst,large_omni_hardfirst_seed1_k5,3,31,大象 / elephant (31),59,pine_tree,pine_tree (59),69.0,False,False,False
large_omnivores_and_herbivores,大型雜食/草食動物,hardfirst,large_omni_hardfirst_seed1_k5,3,31,大象 / elephant (31),60,plain,plain (60),86.0,False,False,False
large_omnivores_and_herbivores,大型雜食/草食動物,hardfirst,large_omni_hardfirst_seed1_k5,3,31,大象 / elephant (31),61,plate,plate (61),66.0,False,False,False
large_omnivores_and_herbivores,大型雜食/草食動物,hardfirst,large_omni_hardfirst_seed1_k5,3,31,大象 / elephant (31),62,poppy,罌粟花 / poppy (62),82.0,False,False,False
large_omnivores_and_herbivores,大型雜食/草食動物,hardfirst,large_omni_hardfirst_seed1_k5,3,31,大象 / elephant (31),63,porcupine,porcupine (63),73.0,False,False,False
large_omnivores_and_herbivores,大型雜食/草食動物,hardfirst,large_omni_hardfirst_seed1_k5,3,31,大象 / elephant (31),64,possum,possum (64),53.0,False,False,False
large_omnivores_and_herbivores,大型雜食/草食動物,hardfirst,large_omni_hardfirst_seed1_k5,3,31,大象 / elephant (31),65,rabbit,rabbit (65),56.0,False,False,False
large_omnivores_and_herbivores,大型雜食/草食動物,hardfirst,large_omni_hardfirst_seed1_k5,3,31,大象 / elephant (31),66,raccoon,raccoon (66),81.0,False,False,False
large_omnivores_and_herbivores,大型雜食/草食動物,hardfirst,large_omni_hardfirst_seed1_k5,3,31,大象 / elephant (31),67,ray,ray (67),59.0,False,False,False
large_omnivores_and_herbivores,大型雜食/草食動物,hardfirst,large_omni_hardfirst_seed1_k5,3,31,大象 / elephant (31),68,road,road (68),93.0,False,False,False
large_omnivores_and_herbivores,大型雜食/草食動物,hardfirst,large_omni_hardfirst_seed1_k5,3,31,大象 / elephant (31),69,rocket,rocket (69),77.0,False,False,False
large_omnivores_and_herbivores,大型雜食/草食動物,hardfirst,large_omni_hardfirst_seed1_k5,3,31,大象 / elephant (31),70,rose,玫瑰 / rose (70),70.0,False,False,False
large_omnivores_and_herbivores,大型雜食/草食動物,hardfirst,large_omni_hardfirst_seed1_k5,3,31,大象 / elephant (31),71,sea,sea (71),79.0,False,False,False
large_omnivores_and_herbivores,大型雜食/草食動物,hardfirst,large_omni_hardfirst_seed1_k5,3,31,大象 / elephant (31),72,seal,seal (72),46.0,False,False,False
large_omnivores_and_herbivores,大型雜食/草食動物,hardfirst,large_omni_hardfirst_seed1_k5,3,31,大象 / elephant (31),73,shark,shark (73),56.0,False,False,False
large_omnivores_and_herbivores,大型雜食/草食動物,hardfirst,large_omni_hardfirst_seed1_k5,3,31,大象 / elephant (31),74,shrew,shrew (74),48.0,False,False,False
large_omnivores_and_herbivores,大型雜食/草食動物,hardfirst,large_omni_hardfirst_seed1_k5,3,31,大象 / elephant (31),75,skunk,skunk (75),92.0,False,False,False
large_omnivores_and_herbivores,大型雜食/草食動物,hardfirst,large_omni_hardfirst_seed1_k5,3,31,大象 / elephant (31),76,skyscraper,skyscraper (76),87.0,False,False,False
large_omnivores_and_herbivores,大型雜食/草食動物,hardfirst,large_omni_hardfirst_seed1_k5,3,31,大象 / elephant (31),77,snail,snail (77),62.0,False,False,False
large_omnivores_and_herbivores,大型雜食/草食動物,hardfirst,large_omni_hardfirst_seed1_k5,3,31,大象 / elephant (31),78,snake,snake (78),62.0,False,False,False
large_omnivores_and_herbivores,大型雜食/草食動物,hardfirst,large_omni_hardfirst_seed1_k5,3,31,大象 / elephant (31),79,spider,spider (79),71.0,False,False,False
large_omnivores_and_herbivores,大型雜食/草食動物,hardfirst,large_omni_hardfirst_seed1_k5,3,31,大象 / elephant (31),80,squirrel,squirrel (80),57.0,False,False,False
large_omnivores_and_herbivores,大型雜食/草食動物,hardfirst,large_omni_hardfirst_seed1_k5,3,31,大象 / elephant (31),81,streetcar,streetcar (81),74.0,False,False,False
large_omnivores_and_herbivores,大型雜食/草食動物,hardfirst,large_omni_hardfirst_seed1_k5,3,31,大象 / elephant (31),82,sunflower,向日葵 / sunflower (82),92.0,False,False,False
large_omnivores_and_herbivores,大型雜食/草食動物,hardfirst,large_omni_hardfirst_seed1_k5,3,31,大象 / elephant (31),83,sweet_pepper,sweet_pepper (83),68.0,False,False,False
large_omnivores_and_herbivores,大型雜食/草食動物,hardfirst,large_omni_hardfirst_seed1_k5,3,31,大象 / elephant (31),84,table,table (84),70.0,False,False,False
large_omnivores_and_herbivores,大型雜食/草食動物,hardfirst,large_omni_hardfirst_seed1_k5,3,31,大象 / elephant (31),85,tank,tank (85),70.0,False,False,False
large_omnivores_and_herbivores,大型雜食/草食動物,hardfirst,large_omni_hardfirst_seed1_k5,3,31,大象 / elephant (31),86,telephone,telephone (86),69.0,False,False,False
large_omnivores_and_herbivores,大型雜食/草食動物,hardfirst,large_omni_hardfirst_seed1_k5,3,31,大象 / elephant (31),87,television,television (87),76.0,False,False,False
large_omnivores_and_herbivores,大型雜食/草食動物,hardfirst,large_omni_hardfirst_seed1_k5,3,31,大象 / elephant (31),88,tiger,tiger (88),78.0,False,False,False
large_omnivores_and_herbivores,大型雜食/草食動物,hardfirst,large_omni_hardfirst_seed1_k5,3,31,大象 / elephant (31),89,tractor,tractor (89),87.0,False,False,False
large_omnivores_and_herbivores,大型雜食/草食動物,hardfirst,large_omni_hardfirst_seed1_k5,3,31,大象 / elephant (31),90,train,火車 / train (90),82.0,False,False,False
large_omnivores_and_herbivores,大型雜食/草食動物,hardfirst,large_omni_hardfirst_seed1_k5,3,31,大象 / elephant (31),91,trout,trout (91),79.0,False,False,False
large_omnivores_and_herbivores,大型雜食/草食動物,hardfirst,large_omni_hardfirst_seed1_k5,3,31,大象 / elephant (31),92,tulip,鬱金香 / tulip (92),59.0,False,False,False
large_omnivores_and_herbivores,大型雜食/草食動物,hardfirst,large_omni_hardfirst_seed1_k5,3,31,大象 / elephant (31),93,turtle,turtle (93),56.0,False,False,False
large_omnivores_and_herbivores,大型雜食/草食動物,hardfirst,large_omni_hardfirst_seed1_k5,3,31,大象 / elephant (31),94,wardrobe,wardrobe (94),91.0,False,False,False
large_omnivores_and_herbivores,大型雜食/草食動物,hardfirst,large_omni_hardfirst_seed1_k5,3,31,大象 / elephant (31),95,whale,whale (95),73.0,False,False,False
large_omnivores_and_herbivores,大型雜食/草食動物,hardfirst,large_omni_hardfirst_seed1_k5,3,31,大象 / elephant (31),96,willow_tree,willow_tree (96),65.0,False,False,False
large_omnivores_and_herbivores,大型雜食/草食動物,hardfirst,large_omni_hardfirst_seed1_k5,3,31,大象 / elephant (31),97,wolf,wolf (97),77.0,False,False,False
large_omnivores_and_herbivores,大型雜食/草食動物,hardfirst,large_omni_hardfirst_seed1_k5,3,31,大象 / elephant (31),98,woman,woman (98),47.0,False,False,False
large_omnivores_and_herbivores,大型雜食/草食動物,hardfirst,large_omni_hardfirst_seed1_k5,3,31,大象 / elephant (31),99,worm,worm (99),71.0,False,False,False
large_omnivores_and_herbivores,大型雜食/草食動物,hardfirst,large_omni_hardfirst_seed1_k5,4,15,駱駝 / camel (15),0,apple,apple (0),87.0,False,False,False
large_omnivores_and_herbivores,大型雜食/草食動物,hardfirst,large_omni_hardfirst_seed1_k5,4,15,駱駝 / camel (15),1,aquarium_fish,aquarium_fish (1),79.0,False,False,False
large_omnivores_and_herbivores,大型雜食/草食動物,hardfirst,large_omni_hardfirst_seed1_k5,4,15,駱駝 / camel (15),2,baby,baby (2),60.0,False,False,False
large_omnivores_and_herbivores,大型雜食/草食動物,hardfirst,large_omni_hardfirst_seed1_k5,4,15,駱駝 / camel (15),3,bear,bear (3),54.0,False,False,False
large_omnivores_and_herbivores,大型雜食/草食動物,hardfirst,large_omni_hardfirst_seed1_k5,4,15,駱駝 / camel (15),4,beaver,beaver (4),57.0,False,False,False
large_omnivores_and_herbivores,大型雜食/草食動物,hardfirst,large_omni_hardfirst_seed1_k5,4,15,駱駝 / camel (15),5,bed,bed (5),69.0,False,False,False
large_omnivores_and_herbivores,大型雜食/草食動物,hardfirst,large_omni_hardfirst_seed1_k5,4,15,駱駝 / camel (15),6,bee,bee (6),81.0,False,False,False
large_omnivores_and_herbivores,大型雜食/草食動物,hardfirst,large_omni_hardfirst_seed1_k5,4,15,駱駝 / camel (15),7,beetle,beetle (7),78.0,False,False,False
large_omnivores_and_herbivores,大型雜食/草食動物,hardfirst,large_omni_hardfirst_seed1_k5,4,15,駱駝 / camel (15),8,bicycle,腳踏車 / bicycle (8),83.0,False,False,False
large_omnivores_and_herbivores,大型雜食/草食動物,hardfirst,large_omni_hardfirst_seed1_k5,4,15,駱駝 / camel (15),9,bottle,bottle (9),79.0,False,False,False
large_omnivores_and_herbivores,大型雜食/草食動物,hardfirst,large_omni_hardfirst_seed1_k5,4,15,駱駝 / camel (15),10,bowl,bowl (10),46.0,False,False,False
large_omnivores_and_herbivores,大型雜食/草食動物,hardfirst,large_omni_hardfirst_seed1_k5,4,15,駱駝 / camel (15),11,boy,boy (11),46.0,False,False,False
large_omnivores_and_herbivores,大型雜食/草食動物,hardfirst,large_omni_hardfirst_seed1_k5,4,15,駱駝 / camel (15),12,bridge,bridge (12),78.0,False,False,False
large_omnivores_and_herbivores,大型雜食/草食動物,hardfirst,large_omni_hardfirst_seed1_k5,4,15,駱駝 / camel (15),13,bus,公車 / bus (13),66.0,False,False,False
large_omnivores_and_herbivores,大型雜食/草食動物,hardfirst,large_omni_hardfirst_seed1_k5,4,15,駱駝 / camel (15),14,butterfly,butterfly (14),60.0,False,False,False
large_omnivores_and_herbivores,大型雜食/草食動物,hardfirst,large_omni_hardfirst_seed1_k5,4,15,駱駝 / camel (15),15,camel,駱駝 / camel (15),0.0,True,True,True
large_omnivores_and_herbivores,大型雜食/草食動物,hardfirst,large_omni_hardfirst_seed1_k5,4,15,駱駝 / camel (15),16,can,can (16),78.0,False,False,False
large_omnivores_and_herbivores,大型雜食/草食動物,hardfirst,large_omni_hardfirst_seed1_k5,4,15,駱駝 / camel (15),17,castle,castle (17),78.0,False,False,False
large_omnivores_and_herbivores,大型雜食/草食動物,hardfirst,large_omni_hardfirst_seed1_k5,4,15,駱駝 / camel (15),18,caterpillar,caterpillar (18),64.0,False,False,False
large_omnivores_and_herbivores,大型雜食/草食動物,hardfirst,large_omni_hardfirst_seed1_k5,4,15,駱駝 / camel (15),19,cattle,牛 / cattle (19),0.0,True,False,True
large_omnivores_and_herbivores,大型雜食/草食動物,hardfirst,large_omni_hardfirst_seed1_k5,4,15,駱駝 / camel (15),20,chair,chair (20),86.0,False,False,False
large_omnivores_and_herbivores,大型雜食/草食動物,hardfirst,large_omni_hardfirst_seed1_k5,4,15,駱駝 / camel (15),21,chimpanzee,黑猩猩 / chimpanzee (21),87.0,False,False,True
large_omnivores_and_herbivores,大型雜食/草食動物,hardfirst,large_omni_hardfirst_seed1_k5,4,15,駱駝 / camel (15),22,clock,clock (22),68.0,False,False,False
large_omnivores_and_herbivores,大型雜食/草食動物,hardfirst,large_omni_hardfirst_seed1_k5,4,15,駱駝 / camel (15),23,cloud,cloud (23),82.0,False,False,False
large_omnivores_and_herbivores,大型雜食/草食動物,hardfirst,large_omni_hardfirst_seed1_k5,4,15,駱駝 / camel (15),24,cockroach,cockroach (24),77.0,False,False,False
large_omnivores_and_herbivores,大型雜食/草食動物,hardfirst,large_omni_hardfirst_seed1_k5,4,15,駱駝 / camel (15),25,couch,couch (25),52.0,False,False,False
large_omnivores_and_herbivores,大型雜食/草食動物,hardfirst,large_omni_hardfirst_seed1_k5,4,15,駱駝 / camel (15),26,crab,crab (26),63.0,False,False,False
large_omnivores_and_herbivores,大型雜食/草食動物,hardfirst,large_omni_hardfirst_seed1_k5,4,15,駱駝 / camel (15),27,crocodile,crocodile (27),55.0,False,False,False
large_omnivores_and_herbivores,大型雜食/草食動物,hardfirst,large_omni_hardfirst_seed1_k5,4,15,駱駝 / camel (15),28,cup,cup (28),76.0,False,False,False
large_omnivores_and_herbivores,大型雜食/草食動物,hardfirst,large_omni_hardfirst_seed1_k5,4,15,駱駝 / camel (15),29,dinosaur,dinosaur (29),63.0,False,False,False
large_omnivores_and_herbivores,大型雜食/草食動物,hardfirst,large_omni_hardfirst_seed1_k5,4,15,駱駝 / camel (15),30,dolphin,dolphin (30),69.0,False,False,False
large_omnivores_and_herbivores,大型雜食/草食動物,hardfirst,large_omni_hardfirst_seed1_k5,4,15,駱駝 / camel (15),31,elephant,大象 / elephant (31),0.0,True,False,True
large_omnivores_and_herbivores,大型雜食/草食動物,hardfirst,large_omni_hardfirst_seed1_k5,4,15,駱駝 / camel (15),32,flatfish,flatfish (32),62.0,False,False,False
large_omnivores_and_herbivores,大型雜食/草食動物,hardfirst,large_omni_hardfirst_seed1_k5,4,15,駱駝 / camel (15),33,forest,forest (33),61.0,False,False,False
large_omnivores_and_herbivores,大型雜食/草食動物,hardfirst,large_omni_hardfirst_seed1_k5,4,15,駱駝 / camel (15),34,fox,fox (34),77.0,False,False,False
large_omnivores_and_herbivores,大型雜食/草食動物,hardfirst,large_omni_hardfirst_seed1_k5,4,15,駱駝 / camel (15),35,girl,girl (35),48.0,False,False,False
large_omnivores_and_herbivores,大型雜食/草食動物,hardfirst,large_omni_hardfirst_seed1_k5,4,15,駱駝 / camel (15),36,hamster,hamster (36),82.0,False,False,False
large_omnivores_and_herbivores,大型雜食/草食動物,hardfirst,large_omni_hardfirst_seed1_k5,4,15,駱駝 / camel (15),37,house,house (37),80.0,False,False,False
large_omnivores_and_herbivores,大型雜食/草食動物,hardfirst,large_omni_hardfirst_seed1_k5,4,15,駱駝 / camel (15),38,kangaroo,袋鼠 / kangaroo (38),0.0,True,False,True
large_omnivores_and_herbivores,大型雜食/草食動物,hardfirst,large_omni_hardfirst_seed1_k5,4,15,駱駝 / camel (15),39,keyboard,keyboard (39),80.0,False,False,False
large_omnivores_and_herbivores,大型雜食/草食動物,hardfirst,large_omni_hardfirst_seed1_k5,4,15,駱駝 / camel (15),40,lamp,lamp (40),65.0,False,False,False
large_omnivores_and_herbivores,大型雜食/草食動物,hardfirst,large_omni_hardfirst_seed1_k5,4,15,駱駝 / camel (15),41,lawn_mower,lawn_mower (41),88.0,False,False,False
large_omnivores_and_herbivores,大型雜食/草食動物,hardfirst,large_omni_hardfirst_seed1_k5,4,15,駱駝 / camel (15),42,leopard,leopard (42),74.0,False,False,False
large_omnivores_and_herbivores,大型雜食/草食動物,hardfirst,large_omni_hardfirst_seed1_k5,4,15,駱駝 / camel (15),43,lion,lion (43),83.0,False,False,False
large_omnivores_and_herbivores,大型雜食/草食動物,hardfirst,large_omni_hardfirst_seed1_k5,4,15,駱駝 / camel (15),44,lizard,lizard (44),46.0,False,False,False
large_omnivores_and_herbivores,大型雜食/草食動物,hardfirst,large_omni_hardfirst_seed1_k5,4,15,駱駝 / camel (15),45,lobster,lobster (45),61.0,False,False,False
large_omnivores_and_herbivores,大型雜食/草食動物,hardfirst,large_omni_hardfirst_seed1_k5,4,15,駱駝 / camel (15),46,man,man (46),46.0,False,False,False
large_omnivores_and_herbivores,大型雜食/草食動物,hardfirst,large_omni_hardfirst_seed1_k5,4,15,駱駝 / camel (15),47,maple_tree,maple_tree (47),68.0,False,False,False
large_omnivores_and_herbivores,大型雜食/草食動物,hardfirst,large_omni_hardfirst_seed1_k5,4,15,駱駝 / camel (15),48,motorcycle,摩托車 / motorcycle (48),94.0,False,False,False
large_omnivores_and_herbivores,大型雜食/草食動物,hardfirst,large_omni_hardfirst_seed1_k5,4,15,駱駝 / camel (15),49,mountain,mountain (49),86.0,False,False,False
large_omnivores_and_herbivores,大型雜食/草食動物,hardfirst,large_omni_hardfirst_seed1_k5,4,15,駱駝 / camel (15),50,mouse,mouse (50),50.0,False,False,False
large_omnivores_and_herbivores,大型雜食/草食動物,hardfirst,large_omni_hardfirst_seed1_k5,4,15,駱駝 / camel (15),51,mushroom,mushroom (51),70.0,False,False,False
large_omnivores_and_herbivores,大型雜食/草食動物,hardfirst,large_omni_hardfirst_seed1_k5,4,15,駱駝 / camel (15),52,oak_tree,oak_tree (52),67.0,False,False,False
large_omnivores_and_herbivores,大型雜食/草食動物,hardfirst,large_omni_hardfirst_seed1_k5,4,15,駱駝 / camel (15),53,orange,orange (53),89.0,False,False,False
large_omnivores_and_herbivores,大型雜食/草食動物,hardfirst,large_omni_hardfirst_seed1_k5,4,15,駱駝 / camel (15),54,orchid,蘭花 / orchid (54),80.0,False,False,False
large_omnivores_and_herbivores,大型雜食/草食動物,hardfirst,large_omni_hardfirst_seed1_k5,4,15,駱駝 / camel (15),55,otter,otter (55),45.0,False,False,False
large_omnivores_and_herbivores,大型雜食/草食動物,hardfirst,large_omni_hardfirst_seed1_k5,4,15,駱駝 / camel (15),56,palm_tree,palm_tree (56),87.0,False,False,False
large_omnivores_and_herbivores,大型雜食/草食動物,hardfirst,large_omni_hardfirst_seed1_k5,4,15,駱駝 / camel (15),57,pear,pear (57),78.0,False,False,False
large_omnivores_and_herbivores,大型雜食/草食動物,hardfirst,large_omni_hardfirst_seed1_k5,4,15,駱駝 / camel (15),58,pickup_truck,皮卡車 / pickup_truck (58),90.0,False,False,False
large_omnivores_and_herbivores,大型雜食/草食動物,hardfirst,large_omni_hardfirst_seed1_k5,4,15,駱駝 / camel (15),59,pine_tree,pine_tree (59),70.0,False,False,False
large_omnivores_and_herbivores,大型雜食/草食動物,hardfirst,large_omni_hardfirst_seed1_k5,4,15,駱駝 / camel (15),60,plain,plain (60),86.0,False,False,False
large_omnivores_and_herbivores,大型雜食/草食動物,hardfirst,large_omni_hardfirst_seed1_k5,4,15,駱駝 / camel (15),61,plate,plate (61),67.0,False,False,False
large_omnivores_and_herbivores,大型雜食/草食動物,hardfirst,large_omni_hardfirst_seed1_k5,4,15,駱駝 / camel (15),62,poppy,罌粟花 / poppy (62),82.0,False,False,False
large_omnivores_and_herbivores,大型雜食/草食動物,hardfirst,large_omni_hardfirst_seed1_k5,4,15,駱駝 / camel (15),63,porcupine,porcupine (63),73.0,False,False,False
large_omnivores_and_herbivores,大型雜食/草食動物,hardfirst,large_omni_hardfirst_seed1_k5,4,15,駱駝 / camel (15),64,possum,possum (64),53.0,False,False,False
large_omnivores_and_herbivores,大型雜食/草食動物,hardfirst,large_omni_hardfirst_seed1_k5,4,15,駱駝 / camel (15),65,rabbit,rabbit (65),59.0,False,False,False
large_omnivores_and_herbivores,大型雜食/草食動物,hardfirst,large_omni_hardfirst_seed1_k5,4,15,駱駝 / camel (15),66,raccoon,raccoon (66),80.0,False,False,False
large_omnivores_and_herbivores,大型雜食/草食動物,hardfirst,large_omni_hardfirst_seed1_k5,4,15,駱駝 / camel (15),67,ray,ray (67),60.0,False,False,False
large_omnivores_and_herbivores,大型雜食/草食動物,hardfirst,large_omni_hardfirst_seed1_k5,4,15,駱駝 / camel (15),68,road,road (68),93.0,False,False,False
large_omnivores_and_herbivores,大型雜食/草食動物,hardfirst,large_omni_hardfirst_seed1_k5,4,15,駱駝 / camel (15),69,rocket,rocket (69),77.0,False,False,False
large_omnivores_and_herbivores,大型雜食/草食動物,hardfirst,large_omni_hardfirst_seed1_k5,4,15,駱駝 / camel (15),70,rose,玫瑰 / rose (70),70.0,False,False,False
large_omnivores_and_herbivores,大型雜食/草食動物,hardfirst,large_omni_hardfirst_seed1_k5,4,15,駱駝 / camel (15),71,sea,sea (71),77.0,False,False,False
large_omnivores_and_herbivores,大型雜食/草食動物,hardfirst,large_omni_hardfirst_seed1_k5,4,15,駱駝 / camel (15),72,seal,seal (72),43.0,False,False,False
large_omnivores_and_herbivores,大型雜食/草食動物,hardfirst,large_omni_hardfirst_seed1_k5,4,15,駱駝 / camel (15),73,shark,shark (73),58.0,False,False,False
large_omnivores_and_herbivores,大型雜食/草食動物,hardfirst,large_omni_hardfirst_seed1_k5,4,15,駱駝 / camel (15),74,shrew,shrew (74),50.0,False,False,False
large_omnivores_and_herbivores,大型雜食/草食動物,hardfirst,large_omni_hardfirst_seed1_k5,4,15,駱駝 / camel (15),75,skunk,skunk (75),92.0,False,False,False
large_omnivores_and_herbivores,大型雜食/草食動物,hardfirst,large_omni_hardfirst_seed1_k5,4,15,駱駝 / camel (15),76,skyscraper,skyscraper (76),88.0,False,False,False
large_omnivores_and_herbivores,大型雜食/草食動物,hardfirst,large_omni_hardfirst_seed1_k5,4,15,駱駝 / camel (15),77,snail,snail (77),64.0,False,False,False
large_omnivores_and_herbivores,大型雜食/草食動物,hardfirst,large_omni_hardfirst_seed1_k5,4,15,駱駝 / camel (15),78,snake,snake (78),62.0,False,False,False
large_omnivores_and_herbivores,大型雜食/草食動物,hardfirst,large_omni_hardfirst_seed1_k5,4,15,駱駝 / camel (15),79,spider,spider (79),69.0,False,False,False
large_omnivores_and_herbivores,大型雜食/草食動物,hardfirst,large_omni_hardfirst_seed1_k5,4,15,駱駝 / camel (15),80,squirrel,squirrel (80),56.0,False,False,False
large_omnivores_and_herbivores,大型雜食/草食動物,hardfirst,large_omni_hardfirst_seed1_k5,4,15,駱駝 / camel (15),81,streetcar,streetcar (81),72.0,False,False,False
large_omnivores_and_herbivores,大型雜食/草食動物,hardfirst,large_omni_hardfirst_seed1_k5,4,15,駱駝 / camel (15),82,sunflower,向日葵 / sunflower (82),92.0,False,False,False
large_omnivores_and_herbivores,大型雜食/草食動物,hardfirst,large_omni_hardfirst_seed1_k5,4,15,駱駝 / camel (15),83,sweet_pepper,sweet_pepper (83),70.0,False,False,False
large_omnivores_and_herbivores,大型雜食/草食動物,hardfirst,large_omni_hardfirst_seed1_k5,4,15,駱駝 / camel (15),84,table,table (84),69.0,False,False,False
large_omnivores_and_herbivores,大型雜食/草食動物,hardfirst,large_omni_hardfirst_seed1_k5,4,15,駱駝 / camel (15),85,tank,tank (85),73.0,False,False,False
large_omnivores_and_herbivores,大型雜食/草食動物,hardfirst,large_omni_hardfirst_seed1_k5,4,15,駱駝 / camel (15),86,telephone,telephone (86),68.0,False,False,False
large_omnivores_and_herbivores,大型雜食/草食動物,hardfirst,large_omni_hardfirst_seed1_k5,4,15,駱駝 / camel (15),87,television,television (87),79.0,False,False,False
large_omnivores_and_herbivores,大型雜食/草食動物,hardfirst,large_omni_hardfirst_seed1_k5,4,15,駱駝 / camel (15),88,tiger,tiger (88),79.0,False,False,False
large_omnivores_and_herbivores,大型雜食/草食動物,hardfirst,large_omni_hardfirst_seed1_k5,4,15,駱駝 / camel (15),89,tractor,tractor (89),85.0,False,False,False
large_omnivores_and_herbivores,大型雜食/草食動物,hardfirst,large_omni_hardfirst_seed1_k5,4,15,駱駝 / camel (15),90,train,火車 / train (90),82.0,False,False,False
large_omnivores_and_herbivores,大型雜食/草食動物,hardfirst,large_omni_hardfirst_seed1_k5,4,15,駱駝 / camel (15),91,trout,trout (91),78.0,False,False,False
large_omnivores_and_herbivores,大型雜食/草食動物,hardfirst,large_omni_hardfirst_seed1_k5,4,15,駱駝 / camel (15),92,tulip,鬱金香 / tulip (92),61.0,False,False,False
large_omnivores_and_herbivores,大型雜食/草食動物,hardfirst,large_omni_hardfirst_seed1_k5,4,15,駱駝 / camel (15),93,turtle,turtle (93),55.0,False,False,False
large_omnivores_and_herbivores,大型雜食/草食動物,hardfirst,large_omni_hardfirst_seed1_k5,4,15,駱駝 / camel (15),94,wardrobe,wardrobe (94),90.0,False,False,False
large_omnivores_and_herbivores,大型雜食/草食動物,hardfirst,large_omni_hardfirst_seed1_k5,4,15,駱駝 / camel (15),95,whale,whale (95),72.0,False,False,False
large_omnivores_and_herbivores,大型雜食/草食動物,hardfirst,large_omni_hardfirst_seed1_k5,4,15,駱駝 / camel (15),96,willow_tree,willow_tree (96),61.0,False,False,False
large_omnivores_and_herbivores,大型雜食/草食動物,hardfirst,large_omni_hardfirst_seed1_k5,4,15,駱駝 / camel (15),97,wolf,wolf (97),77.0,False,False,False
large_omnivores_and_herbivores,大型雜食/草食動物,hardfirst,large_omni_hardfirst_seed1_k5,4,15,駱駝 / camel (15),98,woman,woman (98),49.0,False,False,False
large_omnivores_and_herbivores,大型雜食/草食動物,hardfirst,large_omni_hardfirst_seed1_k5,4,15,駱駝 / camel (15),99,worm,worm (99),72.0,False,False,False
large_omnivores_and_herbivores,大型雜食/草食動物,hardfirst,large_omni_hardfirst_seed1_k5,5,21,黑猩猩 / chimpanzee (21),0,apple,apple (0),87.0,False,False,False
large_omnivores_and_herbivores,大型雜食/草食動物,hardfirst,large_omni_hardfirst_seed1_k5,5,21,黑猩猩 / chimpanzee (21),1,aquarium_fish,aquarium_fish (1),80.0,False,False,False
large_omnivores_and_herbivores,大型雜食/草食動物,hardfirst,large_omni_hardfirst_seed1_k5,5,21,黑猩猩 / chimpanzee (21),2,baby,baby (2),56.0,False,False,False
large_omnivores_and_herbivores,大型雜食/草食動物,hardfirst,large_omni_hardfirst_seed1_k5,5,21,黑猩猩 / chimpanzee (21),3,bear,bear (3),54.0,False,False,False
large_omnivores_and_herbivores,大型雜食/草食動物,hardfirst,large_omni_hardfirst_seed1_k5,5,21,黑猩猩 / chimpanzee (21),4,beaver,beaver (4),57.0,False,False,False
large_omnivores_and_herbivores,大型雜食/草食動物,hardfirst,large_omni_hardfirst_seed1_k5,5,21,黑猩猩 / chimpanzee (21),5,bed,bed (5),71.0,False,False,False
large_omnivores_and_herbivores,大型雜食/草食動物,hardfirst,large_omni_hardfirst_seed1_k5,5,21,黑猩猩 / chimpanzee (21),6,bee,bee (6),81.0,False,False,False
large_omnivores_and_herbivores,大型雜食/草食動物,hardfirst,large_omni_hardfirst_seed1_k5,5,21,黑猩猩 / chimpanzee (21),7,beetle,beetle (7),79.0,False,False,False
large_omnivores_and_herbivores,大型雜食/草食動物,hardfirst,large_omni_hardfirst_seed1_k5,5,21,黑猩猩 / chimpanzee (21),8,bicycle,腳踏車 / bicycle (8),86.0,False,False,False
large_omnivores_and_herbivores,大型雜食/草食動物,hardfirst,large_omni_hardfirst_seed1_k5,5,21,黑猩猩 / chimpanzee (21),9,bottle,bottle (9),81.0,False,False,False
large_omnivores_and_herbivores,大型雜食/草食動物,hardfirst,large_omni_hardfirst_seed1_k5,5,21,黑猩猩 / chimpanzee (21),10,bowl,bowl (10),45.0,False,False,False
large_omnivores_and_herbivores,大型雜食/草食動物,hardfirst,large_omni_hardfirst_seed1_k5,5,21,黑猩猩 / chimpanzee (21),11,boy,boy (11),48.0,False,False,False
large_omnivores_and_herbivores,大型雜食/草食動物,hardfirst,large_omni_hardfirst_seed1_k5,5,21,黑猩猩 / chimpanzee (21),12,bridge,bridge (12),79.0,False,False,False
large_omnivores_and_herbivores,大型雜食/草食動物,hardfirst,large_omni_hardfirst_seed1_k5,5,21,黑猩猩 / chimpanzee (21),13,bus,公車 / bus (13),66.0,False,False,False
large_omnivores_and_herbivores,大型雜食/草食動物,hardfirst,large_omni_hardfirst_seed1_k5,5,21,黑猩猩 / chimpanzee (21),14,butterfly,butterfly (14),59.0,False,False,False
large_omnivores_and_herbivores,大型雜食/草食動物,hardfirst,large_omni_hardfirst_seed1_k5,5,21,黑猩猩 / chimpanzee (21),15,camel,駱駝 / camel (15),0.0,True,False,True
large_omnivores_and_herbivores,大型雜食/草食動物,hardfirst,large_omni_hardfirst_seed1_k5,5,21,黑猩猩 / chimpanzee (21),16,can,can (16),76.0,False,False,False
large_omnivores_and_herbivores,大型雜食/草食動物,hardfirst,large_omni_hardfirst_seed1_k5,5,21,黑猩猩 / chimpanzee (21),17,castle,castle (17),80.0,False,False,False
large_omnivores_and_herbivores,大型雜食/草食動物,hardfirst,large_omni_hardfirst_seed1_k5,5,21,黑猩猩 / chimpanzee (21),18,caterpillar,caterpillar (18),64.0,False,False,False
large_omnivores_and_herbivores,大型雜食/草食動物,hardfirst,large_omni_hardfirst_seed1_k5,5,21,黑猩猩 / chimpanzee (21),19,cattle,牛 / cattle (19),0.0,True,False,True
large_omnivores_and_herbivores,大型雜食/草食動物,hardfirst,large_omni_hardfirst_seed1_k5,5,21,黑猩猩 / chimpanzee (21),20,chair,chair (20),86.0,False,False,False
large_omnivores_and_herbivores,大型雜食/草食動物,hardfirst,large_omni_hardfirst_seed1_k5,5,21,黑猩猩 / chimpanzee (21),21,chimpanzee,黑猩猩 / chimpanzee (21),0.0,True,True,True
large_omnivores_and_herbivores,大型雜食/草食動物,hardfirst,large_omni_hardfirst_seed1_k5,5,21,黑猩猩 / chimpanzee (21),22,clock,clock (22),68.0,False,False,False
large_omnivores_and_herbivores,大型雜食/草食動物,hardfirst,large_omni_hardfirst_seed1_k5,5,21,黑猩猩 / chimpanzee (21),23,cloud,cloud (23),80.0,False,False,False
large_omnivores_and_herbivores,大型雜食/草食動物,hardfirst,large_omni_hardfirst_seed1_k5,5,21,黑猩猩 / chimpanzee (21),24,cockroach,cockroach (24),81.0,False,False,False
large_omnivores_and_herbivores,大型雜食/草食動物,hardfirst,large_omni_hardfirst_seed1_k5,5,21,黑猩猩 / chimpanzee (21),25,couch,couch (25),56.0,False,False,False
large_omnivores_and_herbivores,大型雜食/草食動物,hardfirst,large_omni_hardfirst_seed1_k5,5,21,黑猩猩 / chimpanzee (21),26,crab,crab (26),65.0,False,False,False
large_omnivores_and_herbivores,大型雜食/草食動物,hardfirst,large_omni_hardfirst_seed1_k5,5,21,黑猩猩 / chimpanzee (21),27,crocodile,crocodile (27),53.0,False,False,False
large_omnivores_and_herbivores,大型雜食/草食動物,hardfirst,large_omni_hardfirst_seed1_k5,5,21,黑猩猩 / chimpanzee (21),28,cup,cup (28),72.0,False,False,False
large_omnivores_and_herbivores,大型雜食/草食動物,hardfirst,large_omni_hardfirst_seed1_k5,5,21,黑猩猩 / chimpanzee (21),29,dinosaur,dinosaur (29),68.0,False,False,False
large_omnivores_and_herbivores,大型雜食/草食動物,hardfirst,large_omni_hardfirst_seed1_k5,5,21,黑猩猩 / chimpanzee (21),30,dolphin,dolphin (30),66.0,False,False,False
large_omnivores_and_herbivores,大型雜食/草食動物,hardfirst,large_omni_hardfirst_seed1_k5,5,21,黑猩猩 / chimpanzee (21),31,elephant,大象 / elephant (31),0.0,True,False,True
large_omnivores_and_herbivores,大型雜食/草食動物,hardfirst,large_omni_hardfirst_seed1_k5,5,21,黑猩猩 / chimpanzee (21),32,flatfish,flatfish (32),65.0,False,False,False
large_omnivores_and_herbivores,大型雜食/草食動物,hardfirst,large_omni_hardfirst_seed1_k5,5,21,黑猩猩 / chimpanzee (21),33,forest,forest (33),60.0,False,False,False
large_omnivores_and_herbivores,大型雜食/草食動物,hardfirst,large_omni_hardfirst_seed1_k5,5,21,黑猩猩 / chimpanzee (21),34,fox,fox (34),75.0,False,False,False
large_omnivores_and_herbivores,大型雜食/草食動物,hardfirst,large_omni_hardfirst_seed1_k5,5,21,黑猩猩 / chimpanzee (21),35,girl,girl (35),45.0,False,False,False
large_omnivores_and_herbivores,大型雜食/草食動物,hardfirst,large_omni_hardfirst_seed1_k5,5,21,黑猩猩 / chimpanzee (21),36,hamster,hamster (36),83.0,False,False,False
large_omnivores_and_herbivores,大型雜食/草食動物,hardfirst,large_omni_hardfirst_seed1_k5,5,21,黑猩猩 / chimpanzee (21),37,house,house (37),78.0,False,False,False
large_omnivores_and_herbivores,大型雜食/草食動物,hardfirst,large_omni_hardfirst_seed1_k5,5,21,黑猩猩 / chimpanzee (21),38,kangaroo,袋鼠 / kangaroo (38),0.0,True,False,True
large_omnivores_and_herbivores,大型雜食/草食動物,hardfirst,large_omni_hardfirst_seed1_k5,5,21,黑猩猩 / chimpanzee (21),39,keyboard,keyboard (39),81.0,False,False,False
large_omnivores_and_herbivores,大型雜食/草食動物,hardfirst,large_omni_hardfirst_seed1_k5,5,21,黑猩猩 / chimpanzee (21),40,lamp,lamp (40),64.0,False,False,False
large_omnivores_and_herbivores,大型雜食/草食動物,hardfirst,large_omni_hardfirst_seed1_k5,5,21,黑猩猩 / chimpanzee (21),41,lawn_mower,lawn_mower (41),88.0,False,False,False
large_omnivores_and_herbivores,大型雜食/草食動物,hardfirst,large_omni_hardfirst_seed1_k5,5,21,黑猩猩 / chimpanzee (21),42,leopard,leopard (42),74.0,False,False,False
large_omnivores_and_herbivores,大型雜食/草食動物,hardfirst,large_omni_hardfirst_seed1_k5,5,21,黑猩猩 / chimpanzee (21),43,lion,lion (43),86.0,False,False,False
large_omnivores_and_herbivores,大型雜食/草食動物,hardfirst,large_omni_hardfirst_seed1_k5,5,21,黑猩猩 / chimpanzee (21),44,lizard,lizard (44),45.0,False,False,False
large_omnivores_and_herbivores,大型雜食/草食動物,hardfirst,large_omni_hardfirst_seed1_k5,5,21,黑猩猩 / chimpanzee (21),45,lobster,lobster (45),66.0,False,False,False
large_omnivores_and_herbivores,大型雜食/草食動物,hardfirst,large_omni_hardfirst_seed1_k5,5,21,黑猩猩 / chimpanzee (21),46,man,man (46),46.0,False,False,False
large_omnivores_and_herbivores,大型雜食/草食動物,hardfirst,large_omni_hardfirst_seed1_k5,5,21,黑猩猩 / chimpanzee (21),47,maple_tree,maple_tree (47),65.0,False,False,False
large_omnivores_and_herbivores,大型雜食/草食動物,hardfirst,large_omni_hardfirst_seed1_k5,5,21,黑猩猩 / chimpanzee (21),48,motorcycle,摩托車 / motorcycle (48),93.0,False,False,False
large_omnivores_and_herbivores,大型雜食/草食動物,hardfirst,large_omni_hardfirst_seed1_k5,5,21,黑猩猩 / chimpanzee (21),49,mountain,mountain (49),83.0,False,False,False
large_omnivores_and_herbivores,大型雜食/草食動物,hardfirst,large_omni_hardfirst_seed1_k5,5,21,黑猩猩 / chimpanzee (21),50,mouse,mouse (50),53.0,False,False,False
large_omnivores_and_herbivores,大型雜食/草食動物,hardfirst,large_omni_hardfirst_seed1_k5,5,21,黑猩猩 / chimpanzee (21),51,mushroom,mushroom (51),70.0,False,False,False
large_omnivores_and_herbivores,大型雜食/草食動物,hardfirst,large_omni_hardfirst_seed1_k5,5,21,黑猩猩 / chimpanzee (21),52,oak_tree,oak_tree (52),64.0,False,False,False
large_omnivores_and_herbivores,大型雜食/草食動物,hardfirst,large_omni_hardfirst_seed1_k5,5,21,黑猩猩 / chimpanzee (21),53,orange,orange (53),89.0,False,False,False
large_omnivores_and_herbivores,大型雜食/草食動物,hardfirst,large_omni_hardfirst_seed1_k5,5,21,黑猩猩 / chimpanzee (21),54,orchid,蘭花 / orchid (54),83.0,False,False,False
large_omnivores_and_herbivores,大型雜食/草食動物,hardfirst,large_omni_hardfirst_seed1_k5,5,21,黑猩猩 / chimpanzee (21),55,otter,otter (55),43.0,False,False,False
large_omnivores_and_herbivores,大型雜食/草食動物,hardfirst,large_omni_hardfirst_seed1_k5,5,21,黑猩猩 / chimpanzee (21),56,palm_tree,palm_tree (56),88.0,False,False,False
large_omnivores_and_herbivores,大型雜食/草食動物,hardfirst,large_omni_hardfirst_seed1_k5,5,21,黑猩猩 / chimpanzee (21),57,pear,pear (57),79.0,False,False,False
large_omnivores_and_herbivores,大型雜食/草食動物,hardfirst,large_omni_hardfirst_seed1_k5,5,21,黑猩猩 / chimpanzee (21),58,pickup_truck,皮卡車 / pickup_truck (58),86.0,False,False,False
large_omnivores_and_herbivores,大型雜食/草食動物,hardfirst,large_omni_hardfirst_seed1_k5,5,21,黑猩猩 / chimpanzee (21),59,pine_tree,pine_tree (59),69.0,False,False,False
large_omnivores_and_herbivores,大型雜食/草食動物,hardfirst,large_omni_hardfirst_seed1_k5,5,21,黑猩猩 / chimpanzee (21),60,plain,plain (60),86.0,False,False,False
large_omnivores_and_herbivores,大型雜食/草食動物,hardfirst,large_omni_hardfirst_seed1_k5,5,21,黑猩猩 / chimpanzee (21),61,plate,plate (61),67.0,False,False,False
large_omnivores_and_herbivores,大型雜食/草食動物,hardfirst,large_omni_hardfirst_seed1_k5,5,21,黑猩猩 / chimpanzee (21),62,poppy,罌粟花 / poppy (62),82.0,False,False,False
large_omnivores_and_herbivores,大型雜食/草食動物,hardfirst,large_omni_hardfirst_seed1_k5,5,21,黑猩猩 / chimpanzee (21),63,porcupine,porcupine (63),72.0,False,False,False
large_omnivores_and_herbivores,大型雜食/草食動物,hardfirst,large_omni_hardfirst_seed1_k5,5,21,黑猩猩 / chimpanzee (21),64,possum,possum (64),52.0,False,False,False
large_omnivores_and_herbivores,大型雜食/草食動物,hardfirst,large_omni_hardfirst_seed1_k5,5,21,黑猩猩 / chimpanzee (21),65,rabbit,rabbit (65),57.0,False,False,False
large_omnivores_and_herbivores,大型雜食/草食動物,hardfirst,large_omni_hardfirst_seed1_k5,5,21,黑猩猩 / chimpanzee (21),66,raccoon,raccoon (66),79.0,False,False,False
large_omnivores_and_herbivores,大型雜食/草食動物,hardfirst,large_omni_hardfirst_seed1_k5,5,21,黑猩猩 / chimpanzee (21),67,ray,ray (67),60.0,False,False,False
large_omnivores_and_herbivores,大型雜食/草食動物,hardfirst,large_omni_hardfirst_seed1_k5,5,21,黑猩猩 / chimpanzee (21),68,road,road (68),93.0,False,False,False
large_omnivores_and_herbivores,大型雜食/草食動物,hardfirst,large_omni_hardfirst_seed1_k5,5,21,黑猩猩 / chimpanzee (21),69,rocket,rocket (69),79.0,False,False,False
large_omnivores_and_herbivores,大型雜食/草食動物,hardfirst,large_omni_hardfirst_seed1_k5,5,21,黑猩猩 / chimpanzee (21),70,rose,玫瑰 / rose (70),71.0,False,False,False
large_omnivores_and_herbivores,大型雜食/草食動物,hardfirst,large_omni_hardfirst_seed1_k5,5,21,黑猩猩 / chimpanzee (21),71,sea,sea (71),79.0,False,False,False
large_omnivores_and_herbivores,大型雜食/草食動物,hardfirst,large_omni_hardfirst_seed1_k5,5,21,黑猩猩 / chimpanzee (21),72,seal,seal (72),38.0,False,False,False
large_omnivores_and_herbivores,大型雜食/草食動物,hardfirst,large_omni_hardfirst_seed1_k5,5,21,黑猩猩 / chimpanzee (21),73,shark,shark (73),55.0,False,False,False
large_omnivores_and_herbivores,大型雜食/草食動物,hardfirst,large_omni_hardfirst_seed1_k5,5,21,黑猩猩 / chimpanzee (21),74,shrew,shrew (74),50.0,False,False,False
large_omnivores_and_herbivores,大型雜食/草食動物,hardfirst,large_omni_hardfirst_seed1_k5,5,21,黑猩猩 / chimpanzee (21),75,skunk,skunk (75),90.0,False,False,False
large_omnivores_and_herbivores,大型雜食/草食動物,hardfirst,large_omni_hardfirst_seed1_k5,5,21,黑猩猩 / chimpanzee (21),76,skyscraper,skyscraper (76),88.0,False,False,False
large_omnivores_and_herbivores,大型雜食/草食動物,hardfirst,large_omni_hardfirst_seed1_k5,5,21,黑猩猩 / chimpanzee (21),77,snail,snail (77),63.0,False,False,False
large_omnivores_and_herbivores,大型雜食/草食動物,hardfirst,large_omni_hardfirst_seed1_k5,5,21,黑猩猩 / chimpanzee (21),78,snake,snake (78),61.0,False,False,False
large_omnivores_and_herbivores,大型雜食/草食動物,hardfirst,large_omni_hardfirst_seed1_k5,5,21,黑猩猩 / chimpanzee (21),79,spider,spider (79),72.0,False,False,False
large_omnivores_and_herbivores,大型雜食/草食動物,hardfirst,large_omni_hardfirst_seed1_k5,5,21,黑猩猩 / chimpanzee (21),80,squirrel,squirrel (80),61.0,False,False,False
large_omnivores_and_herbivores,大型雜食/草食動物,hardfirst,large_omni_hardfirst_seed1_k5,5,21,黑猩猩 / chimpanzee (21),81,streetcar,streetcar (81),70.0,False,False,False
large_omnivores_and_herbivores,大型雜食/草食動物,hardfirst,large_omni_hardfirst_seed1_k5,5,21,黑猩猩 / chimpanzee (21),82,sunflower,向日葵 / sunflower (82),90.0,False,False,False
large_omnivores_and_herbivores,大型雜食/草食動物,hardfirst,large_omni_hardfirst_seed1_k5,5,21,黑猩猩 / chimpanzee (21),83,sweet_pepper,sweet_pepper (83),69.0,False,False,False
large_omnivores_and_herbivores,大型雜食/草食動物,hardfirst,large_omni_hardfirst_seed1_k5,5,21,黑猩猩 / chimpanzee (21),84,table,table (84),70.0,False,False,False
large_omnivores_and_herbivores,大型雜食/草食動物,hardfirst,large_omni_hardfirst_seed1_k5,5,21,黑猩猩 / chimpanzee (21),85,tank,tank (85),72.0,False,False,False
large_omnivores_and_herbivores,大型雜食/草食動物,hardfirst,large_omni_hardfirst_seed1_k5,5,21,黑猩猩 / chimpanzee (21),86,telephone,telephone (86),70.0,False,False,False
large_omnivores_and_herbivores,大型雜食/草食動物,hardfirst,large_omni_hardfirst_seed1_k5,5,21,黑猩猩 / chimpanzee (21),87,television,television (87),80.0,False,False,False
large_omnivores_and_herbivores,大型雜食/草食動物,hardfirst,large_omni_hardfirst_seed1_k5,5,21,黑猩猩 / chimpanzee (21),88,tiger,tiger (88),79.0,False,False,False
large_omnivores_and_herbivores,大型雜食/草食動物,hardfirst,large_omni_hardfirst_seed1_k5,5,21,黑猩猩 / chimpanzee (21),89,tractor,tractor (89),84.0,False,False,False
large_omnivores_and_herbivores,大型雜食/草食動物,hardfirst,large_omni_hardfirst_seed1_k5,5,21,黑猩猩 / chimpanzee (21),90,train,火車 / train (90),83.0,False,False,False
large_omnivores_and_herbivores,大型雜食/草食動物,hardfirst,large_omni_hardfirst_seed1_k5,5,21,黑猩猩 / chimpanzee (21),91,trout,trout (91),79.0,False,False,False
large_omnivores_and_herbivores,大型雜食/草食動物,hardfirst,large_omni_hardfirst_seed1_k5,5,21,黑猩猩 / chimpanzee (21),92,tulip,鬱金香 / tulip (92),59.0,False,False,False
large_omnivores_and_herbivores,大型雜食/草食動物,hardfirst,large_omni_hardfirst_seed1_k5,5,21,黑猩猩 / chimpanzee (21),93,turtle,turtle (93),56.0,False,False,False
large_omnivores_and_herbivores,大型雜食/草食動物,hardfirst,large_omni_hardfirst_seed1_k5,5,21,黑猩猩 / chimpanzee (21),94,wardrobe,wardrobe (94),89.0,False,False,False
large_omnivores_and_herbivores,大型雜食/草食動物,hardfirst,large_omni_hardfirst_seed1_k5,5,21,黑猩猩 / chimpanzee (21),95,whale,whale (95),76.0,False,False,False
large_omnivores_and_herbivores,大型雜食/草食動物,hardfirst,large_omni_hardfirst_seed1_k5,5,21,黑猩猩 / chimpanzee (21),96,willow_tree,willow_tree (96),62.0,False,False,False
large_omnivores_and_herbivores,大型雜食/草食動物,hardfirst,large_omni_hardfirst_seed1_k5,5,21,黑猩猩 / chimpanzee (21),97,wolf,wolf (97),74.0,False,False,False
large_omnivores_and_herbivores,大型雜食/草食動物,hardfirst,large_omni_hardfirst_seed1_k5,5,21,黑猩猩 / chimpanzee (21),98,woman,woman (98),53.0,False,False,False
large_omnivores_and_herbivores,大型雜食/草食動物,hardfirst,large_omni_hardfirst_seed1_k5,5,21,黑猩猩 / chimpanzee (21),99,worm,worm (99),69.0,False,False,False
vehicles_1,車輛 1,official,vehicles1_official_seed1_k5,1,8,腳踏車 / bicycle (8),0,apple,apple (0),89.0,False,False,False
vehicles_1,車輛 1,official,vehicles1_official_seed1_k5,1,8,腳踏車 / bicycle (8),1,aquarium_fish,aquarium_fish (1),80.0,False,False,False
vehicles_1,車輛 1,official,vehicles1_official_seed1_k5,1,8,腳踏車 / bicycle (8),2,baby,baby (2),53.0,False,False,False
vehicles_1,車輛 1,official,vehicles1_official_seed1_k5,1,8,腳踏車 / bicycle (8),3,bear,bear (3),49.0,False,False,False
vehicles_1,車輛 1,official,vehicles1_official_seed1_k5,1,8,腳踏車 / bicycle (8),4,beaver,beaver (4),56.0,False,False,False
vehicles_1,車輛 1,official,vehicles1_official_seed1_k5,1,8,腳踏車 / bicycle (8),5,bed,bed (5),67.0,False,False,False
vehicles_1,車輛 1,official,vehicles1_official_seed1_k5,1,8,腳踏車 / bicycle (8),6,bee,bee (6),79.0,False,False,False
vehicles_1,車輛 1,official,vehicles1_official_seed1_k5,1,8,腳踏車 / bicycle (8),7,beetle,beetle (7),76.0,False,False,False
vehicles_1,車輛 1,official,vehicles1_official_seed1_k5,1,8,腳踏車 / bicycle (8),8,bicycle,腳踏車 / bicycle (8),0.0,True,True,True
vehicles_1,車輛 1,official,vehicles1_official_seed1_k5,1,8,腳踏車 / bicycle (8),9,bottle,bottle (9),79.0,False,False,False
vehicles_1,車輛 1,official,vehicles1_official_seed1_k5,1,8,腳踏車 / bicycle (8),10,bowl,bowl (10),47.0,False,False,False
vehicles_1,車輛 1,official,vehicles1_official_seed1_k5,1,8,腳踏車 / bicycle (8),11,boy,boy (11),47.0,False,False,False
vehicles_1,車輛 1,official,vehicles1_official_seed1_k5,1,8,腳踏車 / bicycle (8),12,bridge,bridge (12),79.0,False,False,False
vehicles_1,車輛 1,official,vehicles1_official_seed1_k5,1,8,腳踏車 / bicycle (8),13,bus,公車 / bus (13),66.0,False,False,True
vehicles_1,車輛 1,official,vehicles1_official_seed1_k5,1,8,腳踏車 / bicycle (8),14,butterfly,butterfly (14),53.0,False,False,False
vehicles_1,車輛 1,official,vehicles1_official_seed1_k5,1,8,腳踏車 / bicycle (8),15,camel,駱駝 / camel (15),76.0,False,False,False
vehicles_1,車輛 1,official,vehicles1_official_seed1_k5,1,8,腳踏車 / bicycle (8),16,can,can (16),77.0,False,False,False
vehicles_1,車輛 1,official,vehicles1_official_seed1_k5,1,8,腳踏車 / bicycle (8),17,castle,castle (17),80.0,False,False,False
vehicles_1,車輛 1,official,vehicles1_official_seed1_k5,1,8,腳踏車 / bicycle (8),18,caterpillar,caterpillar (18),61.0,False,False,False
vehicles_1,車輛 1,official,vehicles1_official_seed1_k5,1,8,腳踏車 / bicycle (8),19,cattle,牛 / cattle (19),65.0,False,False,False
vehicles_1,車輛 1,official,vehicles1_official_seed1_k5,1,8,腳踏車 / bicycle (8),20,chair,chair (20),84.0,False,False,False
vehicles_1,車輛 1,official,vehicles1_official_seed1_k5,1,8,腳踏車 / bicycle (8),21,chimpanzee,黑猩猩 / chimpanzee (21),85.0,False,False,False
vehicles_1,車輛 1,official,vehicles1_official_seed1_k5,1,8,腳踏車 / bicycle (8),22,clock,clock (22),68.0,False,False,False
vehicles_1,車輛 1,official,vehicles1_official_seed1_k5,1,8,腳踏車 / bicycle (8),23,cloud,cloud (23),81.0,False,False,False
vehicles_1,車輛 1,official,vehicles1_official_seed1_k5,1,8,腳踏車 / bicycle (8),24,cockroach,cockroach (24),76.0,False,False,False
vehicles_1,車輛 1,official,vehicles1_official_seed1_k5,1,8,腳踏車 / bicycle (8),25,couch,couch (25),53.0,False,False,False
vehicles_1,車輛 1,official,vehicles1_official_seed1_k5,1,8,腳踏車 / bicycle (8),26,crab,crab (26),60.0,False,False,False
vehicles_1,車輛 1,official,vehicles1_official_seed1_k5,1,8,腳踏車 / bicycle (8),27,crocodile,crocodile (27),58.0,False,False,False
vehicles_1,車輛 1,official,vehicles1_official_seed1_k5,1,8,腳踏車 / bicycle (8),28,cup,cup (28),75.0,False,False,False
vehicles_1,車輛 1,official,vehicles1_official_seed1_k5,1,8,腳踏車 / bicycle (8),29,dinosaur,dinosaur (29),66.0,False,False,False
vehicles_1,車輛 1,official,vehicles1_official_seed1_k5,1,8,腳踏車 / bicycle (8),30,dolphin,dolphin (30),66.0,False,False,False
vehicles_1,車輛 1,official,vehicles1_official_seed1_k5,1,8,腳踏車 / bicycle (8),31,elephant,大象 / elephant (31),65.0,False,False,False
vehicles_1,車輛 1,official,vehicles1_official_seed1_k5,1,8,腳踏車 / bicycle (8),32,flatfish,flatfish (32),62.0,False,False,False
vehicles_1,車輛 1,official,vehicles1_official_seed1_k5,1,8,腳踏車 / bicycle (8),33,forest,forest (33),60.0,False,False,False
vehicles_1,車輛 1,official,vehicles1_official_seed1_k5,1,8,腳踏車 / bicycle (8),34,fox,fox (34),77.0,False,False,False
vehicles_1,車輛 1,official,vehicles1_official_seed1_k5,1,8,腳踏車 / bicycle (8),35,girl,girl (35),49.0,False,False,False
vehicles_1,車輛 1,official,vehicles1_official_seed1_k5,1,8,腳踏車 / bicycle (8),36,hamster,hamster (36),82.0,False,False,False
vehicles_1,車輛 1,official,vehicles1_official_seed1_k5,1,8,腳踏車 / bicycle (8),37,house,house (37),76.0,False,False,False
vehicles_1,車輛 1,official,vehicles1_official_seed1_k5,1,8,腳踏車 / bicycle (8),38,kangaroo,袋鼠 / kangaroo (38),62.0,False,False,False
vehicles_1,車輛 1,official,vehicles1_official_seed1_k5,1,8,腳踏車 / bicycle (8),39,keyboard,keyboard (39),78.0,False,False,False
vehicles_1,車輛 1,official,vehicles1_official_seed1_k5,1,8,腳踏車 / bicycle (8),40,lamp,lamp (40),62.0,False,False,False
vehicles_1,車輛 1,official,vehicles1_official_seed1_k5,1,8,腳踏車 / bicycle (8),41,lawn_mower,lawn_mower (41),88.0,False,False,False
vehicles_1,車輛 1,official,vehicles1_official_seed1_k5,1,8,腳踏車 / bicycle (8),42,leopard,leopard (42),73.0,False,False,False
vehicles_1,車輛 1,official,vehicles1_official_seed1_k5,1,8,腳踏車 / bicycle (8),43,lion,lion (43),85.0,False,False,False
vehicles_1,車輛 1,official,vehicles1_official_seed1_k5,1,8,腳踏車 / bicycle (8),44,lizard,lizard (44),45.0,False,False,False
vehicles_1,車輛 1,official,vehicles1_official_seed1_k5,1,8,腳踏車 / bicycle (8),45,lobster,lobster (45),63.0,False,False,False
vehicles_1,車輛 1,official,vehicles1_official_seed1_k5,1,8,腳踏車 / bicycle (8),46,man,man (46),50.0,False,False,False
vehicles_1,車輛 1,official,vehicles1_official_seed1_k5,1,8,腳踏車 / bicycle (8),47,maple_tree,maple_tree (47),67.0,False,False,False
vehicles_1,車輛 1,official,vehicles1_official_seed1_k5,1,8,腳踏車 / bicycle (8),48,motorcycle,摩托車 / motorcycle (48),91.0,False,False,True
vehicles_1,車輛 1,official,vehicles1_official_seed1_k5,1,8,腳踏車 / bicycle (8),49,mountain,mountain (49),83.0,False,False,False
vehicles_1,車輛 1,official,vehicles1_official_seed1_k5,1,8,腳踏車 / bicycle (8),50,mouse,mouse (50),57.0,False,False,False
vehicles_1,車輛 1,official,vehicles1_official_seed1_k5,1,8,腳踏車 / bicycle (8),51,mushroom,mushroom (51),69.0,False,False,False
vehicles_1,車輛 1,official,vehicles1_official_seed1_k5,1,8,腳踏車 / bicycle (8),52,oak_tree,oak_tree (52),66.0,False,False,False
vehicles_1,車輛 1,official,vehicles1_official_seed1_k5,1,8,腳踏車 / bicycle (8),53,orange,orange (53),90.0,False,False,False
vehicles_1,車輛 1,official,vehicles1_official_seed1_k5,1,8,腳踏車 / bicycle (8),54,orchid,蘭花 / orchid (54),82.0,False,False,False
vehicles_1,車輛 1,official,vehicles1_official_seed1_k5,1,8,腳踏車 / bicycle (8),55,otter,otter (55),39.0,False,False,False
vehicles_1,車輛 1,official,vehicles1_official_seed1_k5,1,8,腳踏車 / bicycle (8),56,palm_tree,palm_tree (56),84.0,False,False,False
vehicles_1,車輛 1,official,vehicles1_official_seed1_k5,1,8,腳踏車 / bicycle (8),57,pear,pear (57),78.0,False,False,False
vehicles_1,車輛 1,official,vehicles1_official_seed1_k5,1,8,腳踏車 / bicycle (8),58,pickup_truck,皮卡車 / pickup_truck (58),86.0,False,False,True
vehicles_1,車輛 1,official,vehicles1_official_seed1_k5,1,8,腳踏車 / bicycle (8),59,pine_tree,pine_tree (59),69.0,False,False,False
vehicles_1,車輛 1,official,vehicles1_official_seed1_k5,1,8,腳踏車 / bicycle (8),60,plain,plain (60),86.0,False,False,False
vehicles_1,車輛 1,official,vehicles1_official_seed1_k5,1,8,腳踏車 / bicycle (8),61,plate,plate (61),65.0,False,False,False
vehicles_1,車輛 1,official,vehicles1_official_seed1_k5,1,8,腳踏車 / bicycle (8),62,poppy,罌粟花 / poppy (62),80.0,False,False,False
vehicles_1,車輛 1,official,vehicles1_official_seed1_k5,1,8,腳踏車 / bicycle (8),63,porcupine,porcupine (63),69.0,False,False,False
vehicles_1,車輛 1,official,vehicles1_official_seed1_k5,1,8,腳踏車 / bicycle (8),64,possum,possum (64),51.0,False,False,False
vehicles_1,車輛 1,official,vehicles1_official_seed1_k5,1,8,腳踏車 / bicycle (8),65,rabbit,rabbit (65),58.0,False,False,False
vehicles_1,車輛 1,official,vehicles1_official_seed1_k5,1,8,腳踏車 / bicycle (8),66,raccoon,raccoon (66),81.0,False,False,False
vehicles_1,車輛 1,official,vehicles1_official_seed1_k5,1,8,腳踏車 / bicycle (8),67,ray,ray (67),56.0,False,False,False
vehicles_1,車輛 1,official,vehicles1_official_seed1_k5,1,8,腳踏車 / bicycle (8),68,road,road (68),94.0,False,False,False
vehicles_1,車輛 1,official,vehicles1_official_seed1_k5,1,8,腳踏車 / bicycle (8),69,rocket,rocket (69),80.0,False,False,False
vehicles_1,車輛 1,official,vehicles1_official_seed1_k5,1,8,腳踏車 / bicycle (8),70,rose,玫瑰 / rose (70),72.0,False,False,False
vehicles_1,車輛 1,official,vehicles1_official_seed1_k5,1,8,腳踏車 / bicycle (8),71,sea,sea (71),78.0,False,False,False
vehicles_1,車輛 1,official,vehicles1_official_seed1_k5,1,8,腳踏車 / bicycle (8),72,seal,seal (72),46.0,False,False,False
vehicles_1,車輛 1,official,vehicles1_official_seed1_k5,1,8,腳踏車 / bicycle (8),73,shark,shark (73),58.0,False,False,False
vehicles_1,車輛 1,official,vehicles1_official_seed1_k5,1,8,腳踏車 / bicycle (8),74,shrew,shrew (74),50.0,False,False,False
vehicles_1,車輛 1,official,vehicles1_official_seed1_k5,1,8,腳踏車 / bicycle (8),75,skunk,skunk (75),89.0,False,False,False
vehicles_1,車輛 1,official,vehicles1_official_seed1_k5,1,8,腳踏車 / bicycle (8),76,skyscraper,skyscraper (76),90.0,False,False,False
vehicles_1,車輛 1,official,vehicles1_official_seed1_k5,1,8,腳踏車 / bicycle (8),77,snail,snail (77),64.0,False,False,False
vehicles_1,車輛 1,official,vehicles1_official_seed1_k5,1,8,腳踏車 / bicycle (8),78,snake,snake (78),59.0,False,False,False
vehicles_1,車輛 1,official,vehicles1_official_seed1_k5,1,8,腳踏車 / bicycle (8),79,spider,spider (79),69.0,False,False,False
vehicles_1,車輛 1,official,vehicles1_official_seed1_k5,1,8,腳踏車 / bicycle (8),80,squirrel,squirrel (80),52.0,False,False,False
vehicles_1,車輛 1,official,vehicles1_official_seed1_k5,1,8,腳踏車 / bicycle (8),81,streetcar,streetcar (81),72.0,False,False,False
vehicles_1,車輛 1,official,vehicles1_official_seed1_k5,1,8,腳踏車 / bicycle (8),82,sunflower,向日葵 / sunflower (82),91.0,False,False,False
vehicles_1,車輛 1,official,vehicles1_official_seed1_k5,1,8,腳踏車 / bicycle (8),83,sweet_pepper,sweet_pepper (83),67.0,False,False,False
vehicles_1,車輛 1,official,vehicles1_official_seed1_k5,1,8,腳踏車 / bicycle (8),84,table,table (84),68.0,False,False,False
vehicles_1,車輛 1,official,vehicles1_official_seed1_k5,1,8,腳踏車 / bicycle (8),85,tank,tank (85),71.0,False,False,False
vehicles_1,車輛 1,official,vehicles1_official_seed1_k5,1,8,腳踏車 / bicycle (8),86,telephone,telephone (86),68.0,False,False,False
vehicles_1,車輛 1,official,vehicles1_official_seed1_k5,1,8,腳踏車 / bicycle (8),87,television,television (87),79.0,False,False,False
vehicles_1,車輛 1,official,vehicles1_official_seed1_k5,1,8,腳踏車 / bicycle (8),88,tiger,tiger (88),79.0,False,False,False
vehicles_1,車輛 1,official,vehicles1_official_seed1_k5,1,8,腳踏車 / bicycle (8),89,tractor,tractor (89),84.0,False,False,False
vehicles_1,車輛 1,official,vehicles1_official_seed1_k5,1,8,腳踏車 / bicycle (8),90,train,火車 / train (90),82.0,False,False,True
vehicles_1,車輛 1,official,vehicles1_official_seed1_k5,1,8,腳踏車 / bicycle (8),91,trout,trout (91),76.0,False,False,False
vehicles_1,車輛 1,official,vehicles1_official_seed1_k5,1,8,腳踏車 / bicycle (8),92,tulip,鬱金香 / tulip (92),61.0,False,False,False
vehicles_1,車輛 1,official,vehicles1_official_seed1_k5,1,8,腳踏車 / bicycle (8),93,turtle,turtle (93),57.0,False,False,False
vehicles_1,車輛 1,official,vehicles1_official_seed1_k5,1,8,腳踏車 / bicycle (8),94,wardrobe,wardrobe (94),91.0,False,False,False
vehicles_1,車輛 1,official,vehicles1_official_seed1_k5,1,8,腳踏車 / bicycle (8),95,whale,whale (95),73.0,False,False,False
vehicles_1,車輛 1,official,vehicles1_official_seed1_k5,1,8,腳踏車 / bicycle (8),96,willow_tree,willow_tree (96),62.0,False,False,False
vehicles_1,車輛 1,official,vehicles1_official_seed1_k5,1,8,腳踏車 / bicycle (8),97,wolf,wolf (97),76.0,False,False,False
vehicles_1,車輛 1,official,vehicles1_official_seed1_k5,1,8,腳踏車 / bicycle (8),98,woman,woman (98),53.0,False,False,False
vehicles_1,車輛 1,official,vehicles1_official_seed1_k5,1,8,腳踏車 / bicycle (8),99,worm,worm (99),70.0,False,False,False
vehicles_1,車輛 1,official,vehicles1_official_seed1_k5,2,13,公車 / bus (13),0,apple,apple (0),89.0,False,False,False
vehicles_1,車輛 1,official,vehicles1_official_seed1_k5,2,13,公車 / bus (13),1,aquarium_fish,aquarium_fish (1),79.0,False,False,False
vehicles_1,車輛 1,official,vehicles1_official_seed1_k5,2,13,公車 / bus (13),2,baby,baby (2),62.0,False,False,False
vehicles_1,車輛 1,official,vehicles1_official_seed1_k5,2,13,公車 / bus (13),3,bear,bear (3),52.0,False,False,False
vehicles_1,車輛 1,official,vehicles1_official_seed1_k5,2,13,公車 / bus (13),4,beaver,beaver (4),58.0,False,False,False
vehicles_1,車輛 1,official,vehicles1_official_seed1_k5,2,13,公車 / bus (13),5,bed,bed (5),71.0,False,False,False
vehicles_1,車輛 1,official,vehicles1_official_seed1_k5,2,13,公車 / bus (13),6,bee,bee (6),77.0,False,False,False
vehicles_1,車輛 1,official,vehicles1_official_seed1_k5,2,13,公車 / bus (13),7,beetle,beetle (7),70.0,False,False,False
vehicles_1,車輛 1,official,vehicles1_official_seed1_k5,2,13,公車 / bus (13),8,bicycle,腳踏車 / bicycle (8),22.0,True,False,True
vehicles_1,車輛 1,official,vehicles1_official_seed1_k5,2,13,公車 / bus (13),9,bottle,bottle (9),78.0,False,False,False
vehicles_1,車輛 1,official,vehicles1_official_seed1_k5,2,13,公車 / bus (13),10,bowl,bowl (10),49.0,False,False,False
vehicles_1,車輛 1,official,vehicles1_official_seed1_k5,2,13,公車 / bus (13),11,boy,boy (11),45.0,False,False,False
vehicles_1,車輛 1,official,vehicles1_official_seed1_k5,2,13,公車 / bus (13),12,bridge,bridge (12),77.0,False,False,False
vehicles_1,車輛 1,official,vehicles1_official_seed1_k5,2,13,公車 / bus (13),13,bus,公車 / bus (13),0.0,True,True,True
vehicles_1,車輛 1,official,vehicles1_official_seed1_k5,2,13,公車 / bus (13),14,butterfly,butterfly (14),53.0,False,False,False
vehicles_1,車輛 1,official,vehicles1_official_seed1_k5,2,13,公車 / bus (13),15,camel,駱駝 / camel (15),76.0,False,False,False
vehicles_1,車輛 1,official,vehicles1_official_seed1_k5,2,13,公車 / bus (13),16,can,can (16),76.0,False,False,False
vehicles_1,車輛 1,official,vehicles1_official_seed1_k5,2,13,公車 / bus (13),17,castle,castle (17),81.0,False,False,False
vehicles_1,車輛 1,official,vehicles1_official_seed1_k5,2,13,公車 / bus (13),18,caterpillar,caterpillar (18),63.0,False,False,False
vehicles_1,車輛 1,official,vehicles1_official_seed1_k5,2,13,公車 / bus (13),19,cattle,牛 / cattle (19),64.0,False,False,False
vehicles_1,車輛 1,official,vehicles1_official_seed1_k5,2,13,公車 / bus (13),20,chair,chair (20),85.0,False,False,False
vehicles_1,車輛 1,official,vehicles1_official_seed1_k5,2,13,公車 / bus (13),21,chimpanzee,黑猩猩 / chimpanzee (21),85.0,False,False,False
vehicles_1,車輛 1,official,vehicles1_official_seed1_k5,2,13,公車 / bus (13),22,clock,clock (22),68.0,False,False,False
vehicles_1,車輛 1,official,vehicles1_official_seed1_k5,2,13,公車 / bus (13),23,cloud,cloud (23),82.0,False,False,False
vehicles_1,車輛 1,official,vehicles1_official_seed1_k5,2,13,公車 / bus (13),24,cockroach,cockroach (24),79.0,False,False,False
vehicles_1,車輛 1,official,vehicles1_official_seed1_k5,2,13,公車 / bus (13),25,couch,couch (25),52.0,False,False,False
vehicles_1,車輛 1,official,vehicles1_official_seed1_k5,2,13,公車 / bus (13),26,crab,crab (26),63.0,False,False,False
vehicles_1,車輛 1,official,vehicles1_official_seed1_k5,2,13,公車 / bus (13),27,crocodile,crocodile (27),54.0,False,False,False
vehicles_1,車輛 1,official,vehicles1_official_seed1_k5,2,13,公車 / bus (13),28,cup,cup (28),74.0,False,False,False
vehicles_1,車輛 1,official,vehicles1_official_seed1_k5,2,13,公車 / bus (13),29,dinosaur,dinosaur (29),68.0,False,False,False
vehicles_1,車輛 1,official,vehicles1_official_seed1_k5,2,13,公車 / bus (13),30,dolphin,dolphin (30),70.0,False,False,False
vehicles_1,車輛 1,official,vehicles1_official_seed1_k5,2,13,公車 / bus (13),31,elephant,大象 / elephant (31),65.0,False,False,False
vehicles_1,車輛 1,official,vehicles1_official_seed1_k5,2,13,公車 / bus (13),32,flatfish,flatfish (32),65.0,False,False,False
vehicles_1,車輛 1,official,vehicles1_official_seed1_k5,2,13,公車 / bus (13),33,forest,forest (33),60.0,False,False,False
vehicles_1,車輛 1,official,vehicles1_official_seed1_k5,2,13,公車 / bus (13),34,fox,fox (34),75.0,False,False,False
vehicles_1,車輛 1,official,vehicles1_official_seed1_k5,2,13,公車 / bus (13),35,girl,girl (35),51.0,False,False,False
vehicles_1,車輛 1,official,vehicles1_official_seed1_k5,2,13,公車 / bus (13),36,hamster,hamster (36),80.0,False,False,False
vehicles_1,車輛 1,official,vehicles1_official_seed1_k5,2,13,公車 / bus (13),37,house,house (37),79.0,False,False,False
vehicles_1,車輛 1,official,vehicles1_official_seed1_k5,2,13,公車 / bus (13),38,kangaroo,袋鼠 / kangaroo (38),64.0,False,False,False
vehicles_1,車輛 1,official,vehicles1_official_seed1_k5,2,13,公車 / bus (13),39,keyboard,keyboard (39),78.0,False,False,False
vehicles_1,車輛 1,official,vehicles1_official_seed1_k5,2,13,公車 / bus (13),40,lamp,lamp (40),65.0,False,False,False
vehicles_1,車輛 1,official,vehicles1_official_seed1_k5,2,13,公車 / bus (13),41,lawn_mower,lawn_mower (41),88.0,False,False,False
vehicles_1,車輛 1,official,vehicles1_official_seed1_k5,2,13,公車 / bus (13),42,leopard,leopard (42),74.0,False,False,False
vehicles_1,車輛 1,official,vehicles1_official_seed1_k5,2,13,公車 / bus (13),43,lion,lion (43),83.0,False,False,False
vehicles_1,車輛 1,official,vehicles1_official_seed1_k5,2,13,公車 / bus (13),44,lizard,lizard (44),50.0,False,False,False
vehicles_1,車輛 1,official,vehicles1_official_seed1_k5,2,13,公車 / bus (13),45,lobster,lobster (45),65.0,False,False,False
vehicles_1,車輛 1,official,vehicles1_official_seed1_k5,2,13,公車 / bus (13),46,man,man (46),50.0,False,False,False
vehicles_1,車輛 1,official,vehicles1_official_seed1_k5,2,13,公車 / bus (13),47,maple_tree,maple_tree (47),63.0,False,False,False
vehicles_1,車輛 1,official,vehicles1_official_seed1_k5,2,13,公車 / bus (13),48,motorcycle,摩托車 / motorcycle (48),93.0,False,False,True
vehicles_1,車輛 1,official,vehicles1_official_seed1_k5,2,13,公車 / bus (13),49,mountain,mountain (49),84.0,False,False,False
vehicles_1,車輛 1,official,vehicles1_official_seed1_k5,2,13,公車 / bus (13),50,mouse,mouse (50),51.0,False,False,False
vehicles_1,車輛 1,official,vehicles1_official_seed1_k5,2,13,公車 / bus (13),51,mushroom,mushroom (51),68.0,False,False,False
vehicles_1,車輛 1,official,vehicles1_official_seed1_k5,2,13,公車 / bus (13),52,oak_tree,oak_tree (52),64.0,False,False,False
vehicles_1,車輛 1,official,vehicles1_official_seed1_k5,2,13,公車 / bus (13),53,orange,orange (53),88.0,False,False,False
vehicles_1,車輛 1,official,vehicles1_official_seed1_k5,2,13,公車 / bus (13),54,orchid,蘭花 / orchid (54),83.0,False,False,False
vehicles_1,車輛 1,official,vehicles1_official_seed1_k5,2,13,公車 / bus (13),55,otter,otter (55),41.0,False,False,False
vehicles_1,車輛 1,official,vehicles1_official_seed1_k5,2,13,公車 / bus (13),56,palm_tree,palm_tree (56),86.0,False,False,False
vehicles_1,車輛 1,official,vehicles1_official_seed1_k5,2,13,公車 / bus (13),57,pear,pear (57),76.0,False,False,False
vehicles_1,車輛 1,official,vehicles1_official_seed1_k5,2,13,公車 / bus (13),58,pickup_truck,皮卡車 / pickup_truck (58),90.0,False,False,True
vehicles_1,車輛 1,official,vehicles1_official_seed1_k5,2,13,公車 / bus (13),59,pine_tree,pine_tree (59),70.0,False,False,False
vehicles_1,車輛 1,official,vehicles1_official_seed1_k5,2,13,公車 / bus (13),60,plain,plain (60),88.0,False,False,False
vehicles_1,車輛 1,official,vehicles1_official_seed1_k5,2,13,公車 / bus (13),61,plate,plate (61),68.0,False,False,False
vehicles_1,車輛 1,official,vehicles1_official_seed1_k5,2,13,公車 / bus (13),62,poppy,罌粟花 / poppy (62),81.0,False,False,False
vehicles_1,車輛 1,official,vehicles1_official_seed1_k5,2,13,公車 / bus (13),63,porcupine,porcupine (63),70.0,False,False,False
vehicles_1,車輛 1,official,vehicles1_official_seed1_k5,2,13,公車 / bus (13),64,possum,possum (64),52.0,False,False,False
vehicles_1,車輛 1,official,vehicles1_official_seed1_k5,2,13,公車 / bus (13),65,rabbit,rabbit (65),58.0,False,False,False
vehicles_1,車輛 1,official,vehicles1_official_seed1_k5,2,13,公車 / bus (13),66,raccoon,raccoon (66),80.0,False,False,False
vehicles_1,車輛 1,official,vehicles1_official_seed1_k5,2,13,公車 / bus (13),67,ray,ray (67),57.0,False,False,False
vehicles_1,車輛 1,official,vehicles1_official_seed1_k5,2,13,公車 / bus (13),68,road,road (68),92.0,False,False,False
vehicles_1,車輛 1,official,vehicles1_official_seed1_k5,2,13,公車 / bus (13),69,rocket,rocket (69),78.0,False,False,False
vehicles_1,車輛 1,official,vehicles1_official_seed1_k5,2,13,公車 / bus (13),70,rose,玫瑰 / rose (70),73.0,False,False,False
vehicles_1,車輛 1,official,vehicles1_official_seed1_k5,2,13,公車 / bus (13),71,sea,sea (71),79.0,False,False,False
vehicles_1,車輛 1,official,vehicles1_official_seed1_k5,2,13,公車 / bus (13),72,seal,seal (72),45.0,False,False,False
vehicles_1,車輛 1,official,vehicles1_official_seed1_k5,2,13,公車 / bus (13),73,shark,shark (73),58.0,False,False,False
vehicles_1,車輛 1,official,vehicles1_official_seed1_k5,2,13,公車 / bus (13),74,shrew,shrew (74),50.0,False,False,False
vehicles_1,車輛 1,official,vehicles1_official_seed1_k5,2,13,公車 / bus (13),75,skunk,skunk (75),89.0,False,False,False
vehicles_1,車輛 1,official,vehicles1_official_seed1_k5,2,13,公車 / bus (13),76,skyscraper,skyscraper (76),89.0,False,False,False
vehicles_1,車輛 1,official,vehicles1_official_seed1_k5,2,13,公車 / bus (13),77,snail,snail (77),62.0,False,False,False
vehicles_1,車輛 1,official,vehicles1_official_seed1_k5,2,13,公車 / bus (13),78,snake,snake (78),60.0,False,False,False
vehicles_1,車輛 1,official,vehicles1_official_seed1_k5,2,13,公車 / bus (13),79,spider,spider (79),73.0,False,False,False
vehicles_1,車輛 1,official,vehicles1_official_seed1_k5,2,13,公車 / bus (13),80,squirrel,squirrel (80),56.0,False,False,False
vehicles_1,車輛 1,official,vehicles1_official_seed1_k5,2,13,公車 / bus (13),81,streetcar,streetcar (81),81.0,False,False,False
vehicles_1,車輛 1,official,vehicles1_official_seed1_k5,2,13,公車 / bus (13),82,sunflower,向日葵 / sunflower (82),94.0,False,False,False
vehicles_1,車輛 1,official,vehicles1_official_seed1_k5,2,13,公車 / bus (13),83,sweet_pepper,sweet_pepper (83),68.0,False,False,False
vehicles_1,車輛 1,official,vehicles1_official_seed1_k5,2,13,公車 / bus (13),84,table,table (84),70.0,False,False,False
vehicles_1,車輛 1,official,vehicles1_official_seed1_k5,2,13,公車 / bus (13),85,tank,tank (85),71.0,False,False,False
vehicles_1,車輛 1,official,vehicles1_official_seed1_k5,2,13,公車 / bus (13),86,telephone,telephone (86),66.0,False,False,False
vehicles_1,車輛 1,official,vehicles1_official_seed1_k5,2,13,公車 / bus (13),87,television,television (87),83.0,False,False,False
vehicles_1,車輛 1,official,vehicles1_official_seed1_k5,2,13,公車 / bus (13),88,tiger,tiger (88),77.0,False,False,False
vehicles_1,車輛 1,official,vehicles1_official_seed1_k5,2,13,公車 / bus (13),89,tractor,tractor (89),83.0,False,False,False
vehicles_1,車輛 1,official,vehicles1_official_seed1_k5,2,13,公車 / bus (13),90,train,火車 / train (90),81.0,False,False,True
vehicles_1,車輛 1,official,vehicles1_official_seed1_k5,2,13,公車 / bus (13),91,trout,trout (91),76.0,False,False,False
vehicles_1,車輛 1,official,vehicles1_official_seed1_k5,2,13,公車 / bus (13),92,tulip,鬱金香 / tulip (92),60.0,False,False,False
vehicles_1,車輛 1,official,vehicles1_official_seed1_k5,2,13,公車 / bus (13),93,turtle,turtle (93),57.0,False,False,False
vehicles_1,車輛 1,official,vehicles1_official_seed1_k5,2,13,公車 / bus (13),94,wardrobe,wardrobe (94),91.0,False,False,False
vehicles_1,車輛 1,official,vehicles1_official_seed1_k5,2,13,公車 / bus (13),95,whale,whale (95),74.0,False,False,False
vehicles_1,車輛 1,official,vehicles1_official_seed1_k5,2,13,公車 / bus (13),96,willow_tree,willow_tree (96),63.0,False,False,False
vehicles_1,車輛 1,official,vehicles1_official_seed1_k5,2,13,公車 / bus (13),97,wolf,wolf (97),76.0,False,False,False
vehicles_1,車輛 1,official,vehicles1_official_seed1_k5,2,13,公車 / bus (13),98,woman,woman (98),47.0,False,False,False
vehicles_1,車輛 1,official,vehicles1_official_seed1_k5,2,13,公車 / bus (13),99,worm,worm (99),70.0,False,False,False
vehicles_1,車輛 1,official,vehicles1_official_seed1_k5,3,48,摩托車 / motorcycle (48),0,apple,apple (0),89.0,False,False,False
vehicles_1,車輛 1,official,vehicles1_official_seed1_k5,3,48,摩托車 / motorcycle (48),1,aquarium_fish,aquarium_fish (1),81.0,False,False,False
vehicles_1,車輛 1,official,vehicles1_official_seed1_k5,3,48,摩托車 / motorcycle (48),2,baby,baby (2),61.0,False,False,False
vehicles_1,車輛 1,official,vehicles1_official_seed1_k5,3,48,摩托車 / motorcycle (48),3,bear,bear (3),51.0,False,False,False
vehicles_1,車輛 1,official,vehicles1_official_seed1_k5,3,48,摩托車 / motorcycle (48),4,beaver,beaver (4),55.0,False,False,False
vehicles_1,車輛 1,official,vehicles1_official_seed1_k5,3,48,摩托車 / motorcycle (48),5,bed,bed (5),74.0,False,False,False
vehicles_1,車輛 1,official,vehicles1_official_seed1_k5,3,48,摩托車 / motorcycle (48),6,bee,bee (6),80.0,False,False,False
vehicles_1,車輛 1,official,vehicles1_official_seed1_k5,3,48,摩托車 / motorcycle (48),7,beetle,beetle (7),75.0,False,False,False
vehicles_1,車輛 1,official,vehicles1_official_seed1_k5,3,48,摩托車 / motorcycle (48),8,bicycle,腳踏車 / bicycle (8),29.0,True,False,True
vehicles_1,車輛 1,official,vehicles1_official_seed1_k5,3,48,摩托車 / motorcycle (48),9,bottle,bottle (9),82.0,False,False,False
vehicles_1,車輛 1,official,vehicles1_official_seed1_k5,3,48,摩托車 / motorcycle (48),10,bowl,bowl (10),49.0,False,False,False
vehicles_1,車輛 1,official,vehicles1_official_seed1_k5,3,48,摩托車 / motorcycle (48),11,boy,boy (11),48.0,False,False,False
vehicles_1,車輛 1,official,vehicles1_official_seed1_k5,3,48,摩托車 / motorcycle (48),12,bridge,bridge (12),76.0,False,False,False
vehicles_1,車輛 1,official,vehicles1_official_seed1_k5,3,48,摩托車 / motorcycle (48),13,bus,公車 / bus (13),0.0,True,False,True
vehicles_1,車輛 1,official,vehicles1_official_seed1_k5,3,48,摩托車 / motorcycle (48),14,butterfly,butterfly (14),52.0,False,False,False
vehicles_1,車輛 1,official,vehicles1_official_seed1_k5,3,48,摩托車 / motorcycle (48),15,camel,駱駝 / camel (15),75.0,False,False,False
vehicles_1,車輛 1,official,vehicles1_official_seed1_k5,3,48,摩托車 / motorcycle (48),16,can,can (16),79.0,False,False,False
vehicles_1,車輛 1,official,vehicles1_official_seed1_k5,3,48,摩托車 / motorcycle (48),17,castle,castle (17),83.0,False,False,False
vehicles_1,車輛 1,official,vehicles1_official_seed1_k5,3,48,摩托車 / motorcycle (48),18,caterpillar,caterpillar (18),63.0,False,False,False
vehicles_1,車輛 1,official,vehicles1_official_seed1_k5,3,48,摩托車 / motorcycle (48),19,cattle,牛 / cattle (19),60.0,False,False,False
vehicles_1,車輛 1,official,vehicles1_official_seed1_k5,3,48,摩托車 / motorcycle (48),20,chair,chair (20),86.0,False,False,False
vehicles_1,車輛 1,official,vehicles1_official_seed1_k5,3,48,摩托車 / motorcycle (48),21,chimpanzee,黑猩猩 / chimpanzee (21),87.0,False,False,False
vehicles_1,車輛 1,official,vehicles1_official_seed1_k5,3,48,摩托車 / motorcycle (48),22,clock,clock (22),67.0,False,False,False
vehicles_1,車輛 1,official,vehicles1_official_seed1_k5,3,48,摩托車 / motorcycle (48),23,cloud,cloud (23),81.0,False,False,False
vehicles_1,車輛 1,official,vehicles1_official_seed1_k5,3,48,摩托車 / motorcycle (48),24,cockroach,cockroach (24),78.0,False,False,False
vehicles_1,車輛 1,official,vehicles1_official_seed1_k5,3,48,摩托車 / motorcycle (48),25,couch,couch (25),55.0,False,False,False
vehicles_1,車輛 1,official,vehicles1_official_seed1_k5,3,48,摩托車 / motorcycle (48),26,crab,crab (26),62.0,False,False,False
vehicles_1,車輛 1,official,vehicles1_official_seed1_k5,3,48,摩托車 / motorcycle (48),27,crocodile,crocodile (27),56.0,False,False,False
vehicles_1,車輛 1,official,vehicles1_official_seed1_k5,3,48,摩托車 / motorcycle (48),28,cup,cup (28),74.0,False,False,False
vehicles_1,車輛 1,official,vehicles1_official_seed1_k5,3,48,摩托車 / motorcycle (48),29,dinosaur,dinosaur (29),65.0,False,False,False
vehicles_1,車輛 1,official,vehicles1_official_seed1_k5,3,48,摩托車 / motorcycle (48),30,dolphin,dolphin (30),67.0,False,False,False
vehicles_1,車輛 1,official,vehicles1_official_seed1_k5,3,48,摩托車 / motorcycle (48),31,elephant,大象 / elephant (31),67.0,False,False,False
vehicles_1,車輛 1,official,vehicles1_official_seed1_k5,3,48,摩托車 / motorcycle (48),32,flatfish,flatfish (32),63.0,False,False,False
vehicles_1,車輛 1,official,vehicles1_official_seed1_k5,3,48,摩托車 / motorcycle (48),33,forest,forest (33),61.0,False,False,False
vehicles_1,車輛 1,official,vehicles1_official_seed1_k5,3,48,摩托車 / motorcycle (48),34,fox,fox (34),74.0,False,False,False
vehicles_1,車輛 1,official,vehicles1_official_seed1_k5,3,48,摩托車 / motorcycle (48),35,girl,girl (35),48.0,False,False,False
vehicles_1,車輛 1,official,vehicles1_official_seed1_k5,3,48,摩托車 / motorcycle (48),36,hamster,hamster (36),78.0,False,False,False
vehicles_1,車輛 1,official,vehicles1_official_seed1_k5,3,48,摩托車 / motorcycle (48),37,house,house (37),80.0,False,False,False
vehicles_1,車輛 1,official,vehicles1_official_seed1_k5,3,48,摩托車 / motorcycle (48),38,kangaroo,袋鼠 / kangaroo (38),64.0,False,False,False
vehicles_1,車輛 1,official,vehicles1_official_seed1_k5,3,48,摩托車 / motorcycle (48),39,keyboard,keyboard (39),78.0,False,False,False
vehicles_1,車輛 1,official,vehicles1_official_seed1_k5,3,48,摩托車 / motorcycle (48),40,lamp,lamp (40),63.0,False,False,False
vehicles_1,車輛 1,official,vehicles1_official_seed1_k5,3,48,摩托車 / motorcycle (48),41,lawn_mower,lawn_mower (41),87.0,False,False,False
vehicles_1,車輛 1,official,vehicles1_official_seed1_k5,3,48,摩托車 / motorcycle (48),42,leopard,leopard (42),72.0,False,False,False
vehicles_1,車輛 1,official,vehicles1_official_seed1_k5,3,48,摩托車 / motorcycle (48),43,lion,lion (43),82.0,False,False,False
vehicles_1,車輛 1,official,vehicles1_official_seed1_k5,3,48,摩托車 / motorcycle (48),44,lizard,lizard (44),45.0,False,False,False
vehicles_1,車輛 1,official,vehicles1_official_seed1_k5,3,48,摩托車 / motorcycle (48),45,lobster,lobster (45),65.0,False,False,False
vehicles_1,車輛 1,official,vehicles1_official_seed1_k5,3,48,摩托車 / motorcycle (48),46,man,man (46),50.0,False,False,False
vehicles_1,車輛 1,official,vehicles1_official_seed1_k5,3,48,摩托車 / motorcycle (48),47,maple_tree,maple_tree (47),65.0,False,False,False
vehicles_1,車輛 1,official,vehicles1_official_seed1_k5,3,48,摩托車 / motorcycle (48),48,motorcycle,摩托車 / motorcycle (48),0.0,True,True,True
vehicles_1,車輛 1,official,vehicles1_official_seed1_k5,3,48,摩托車 / motorcycle (48),49,mountain,mountain (49),84.0,False,False,False
vehicles_1,車輛 1,official,vehicles1_official_seed1_k5,3,48,摩托車 / motorcycle (48),50,mouse,mouse (50),53.0,False,False,False
vehicles_1,車輛 1,official,vehicles1_official_seed1_k5,3,48,摩托車 / motorcycle (48),51,mushroom,mushroom (51),70.0,False,False,False
vehicles_1,車輛 1,official,vehicles1_official_seed1_k5,3,48,摩托車 / motorcycle (48),52,oak_tree,oak_tree (52),68.0,False,False,False
vehicles_1,車輛 1,official,vehicles1_official_seed1_k5,3,48,摩托車 / motorcycle (48),53,orange,orange (53),90.0,False,False,False
vehicles_1,車輛 1,official,vehicles1_official_seed1_k5,3,48,摩托車 / motorcycle (48),54,orchid,蘭花 / orchid (54),83.0,False,False,False
vehicles_1,車輛 1,official,vehicles1_official_seed1_k5,3,48,摩托車 / motorcycle (48),55,otter,otter (55),41.0,False,False,False
vehicles_1,車輛 1,official,vehicles1_official_seed1_k5,3,48,摩托車 / motorcycle (48),56,palm_tree,palm_tree (56),88.0,False,False,False
vehicles_1,車輛 1,official,vehicles1_official_seed1_k5,3,48,摩托車 / motorcycle (48),57,pear,pear (57),76.0,False,False,False
vehicles_1,車輛 1,official,vehicles1_official_seed1_k5,3,48,摩托車 / motorcycle (48),58,pickup_truck,皮卡車 / pickup_truck (58),88.0,False,False,True
vehicles_1,車輛 1,official,vehicles1_official_seed1_k5,3,48,摩托車 / motorcycle (48),59,pine_tree,pine_tree (59),71.0,False,False,False
vehicles_1,車輛 1,official,vehicles1_official_seed1_k5,3,48,摩托車 / motorcycle (48),60,plain,plain (60),86.0,False,False,False
vehicles_1,車輛 1,official,vehicles1_official_seed1_k5,3,48,摩托車 / motorcycle (48),61,plate,plate (61),67.0,False,False,False
vehicles_1,車輛 1,official,vehicles1_official_seed1_k5,3,48,摩托車 / motorcycle (48),62,poppy,罌粟花 / poppy (62),81.0,False,False,False
vehicles_1,車輛 1,official,vehicles1_official_seed1_k5,3,48,摩托車 / motorcycle (48),63,porcupine,porcupine (63),70.0,False,False,False
vehicles_1,車輛 1,official,vehicles1_official_seed1_k5,3,48,摩托車 / motorcycle (48),64,possum,possum (64),52.0,False,False,False
vehicles_1,車輛 1,official,vehicles1_official_seed1_k5,3,48,摩托車 / motorcycle (48),65,rabbit,rabbit (65),57.0,False,False,False
vehicles_1,車輛 1,official,vehicles1_official_seed1_k5,3,48,摩托車 / motorcycle (48),66,raccoon,raccoon (66),79.0,False,False,False
vehicles_1,車輛 1,official,vehicles1_official_seed1_k5,3,48,摩托車 / motorcycle (48),67,ray,ray (67),57.0,False,False,False
vehicles_1,車輛 1,official,vehicles1_official_seed1_k5,3,48,摩托車 / motorcycle (48),68,road,road (68),92.0,False,False,False
vehicles_1,車輛 1,official,vehicles1_official_seed1_k5,3,48,摩托車 / motorcycle (48),69,rocket,rocket (69),78.0,False,False,False
vehicles_1,車輛 1,official,vehicles1_official_seed1_k5,3,48,摩托車 / motorcycle (48),70,rose,玫瑰 / rose (70),73.0,False,False,False
vehicles_1,車輛 1,official,vehicles1_official_seed1_k5,3,48,摩托車 / motorcycle (48),71,sea,sea (71),78.0,False,False,False
vehicles_1,車輛 1,official,vehicles1_official_seed1_k5,3,48,摩托車 / motorcycle (48),72,seal,seal (72),46.0,False,False,False
vehicles_1,車輛 1,official,vehicles1_official_seed1_k5,3,48,摩托車 / motorcycle (48),73,shark,shark (73),58.0,False,False,False
vehicles_1,車輛 1,official,vehicles1_official_seed1_k5,3,48,摩托車 / motorcycle (48),74,shrew,shrew (74),50.0,False,False,False
vehicles_1,車輛 1,official,vehicles1_official_seed1_k5,3,48,摩托車 / motorcycle (48),75,skunk,skunk (75),87.0,False,False,False
vehicles_1,車輛 1,official,vehicles1_official_seed1_k5,3,48,摩托車 / motorcycle (48),76,skyscraper,skyscraper (76),89.0,False,False,False
vehicles_1,車輛 1,official,vehicles1_official_seed1_k5,3,48,摩托車 / motorcycle (48),77,snail,snail (77),64.0,False,False,False
vehicles_1,車輛 1,official,vehicles1_official_seed1_k5,3,48,摩托車 / motorcycle (48),78,snake,snake (78),62.0,False,False,False
vehicles_1,車輛 1,official,vehicles1_official_seed1_k5,3,48,摩托車 / motorcycle (48),79,spider,spider (79),72.0,False,False,False
vehicles_1,車輛 1,official,vehicles1_official_seed1_k5,3,48,摩托車 / motorcycle (48),80,squirrel,squirrel (80),54.0,False,False,False
vehicles_1,車輛 1,official,vehicles1_official_seed1_k5,3,48,摩托車 / motorcycle (48),81,streetcar,streetcar (81),77.0,False,False,False
vehicles_1,車輛 1,official,vehicles1_official_seed1_k5,3,48,摩托車 / motorcycle (48),82,sunflower,向日葵 / sunflower (82),91.0,False,False,False
vehicles_1,車輛 1,official,vehicles1_official_seed1_k5,3,48,摩托車 / motorcycle (48),83,sweet_pepper,sweet_pepper (83),67.0,False,False,False
vehicles_1,車輛 1,official,vehicles1_official_seed1_k5,3,48,摩托車 / motorcycle (48),84,table,table (84),67.0,False,False,False
vehicles_1,車輛 1,official,vehicles1_official_seed1_k5,3,48,摩托車 / motorcycle (48),85,tank,tank (85),72.0,False,False,False
vehicles_1,車輛 1,official,vehicles1_official_seed1_k5,3,48,摩托車 / motorcycle (48),86,telephone,telephone (86),67.0,False,False,False
vehicles_1,車輛 1,official,vehicles1_official_seed1_k5,3,48,摩托車 / motorcycle (48),87,television,television (87),81.0,False,False,False
vehicles_1,車輛 1,official,vehicles1_official_seed1_k5,3,48,摩托車 / motorcycle (48),88,tiger,tiger (88),79.0,False,False,False
vehicles_1,車輛 1,official,vehicles1_official_seed1_k5,3,48,摩托車 / motorcycle (48),89,tractor,tractor (89),83.0,False,False,False
vehicles_1,車輛 1,official,vehicles1_official_seed1_k5,3,48,摩托車 / motorcycle (48),90,train,火車 / train (90),84.0,False,False,True
vehicles_1,車輛 1,official,vehicles1_official_seed1_k5,3,48,摩托車 / motorcycle (48),91,trout,trout (91),79.0,False,False,False
vehicles_1,車輛 1,official,vehicles1_official_seed1_k5,3,48,摩托車 / motorcycle (48),92,tulip,鬱金香 / tulip (92),58.0,False,False,False
vehicles_1,車輛 1,official,vehicles1_official_seed1_k5,3,48,摩托車 / motorcycle (48),93,turtle,turtle (93),58.0,False,False,False
vehicles_1,車輛 1,official,vehicles1_official_seed1_k5,3,48,摩托車 / motorcycle (48),94,wardrobe,wardrobe (94),90.0,False,False,False
vehicles_1,車輛 1,official,vehicles1_official_seed1_k5,3,48,摩托車 / motorcycle (48),95,whale,whale (95),73.0,False,False,False
vehicles_1,車輛 1,official,vehicles1_official_seed1_k5,3,48,摩托車 / motorcycle (48),96,willow_tree,willow_tree (96),63.0,False,False,False
vehicles_1,車輛 1,official,vehicles1_official_seed1_k5,3,48,摩托車 / motorcycle (48),97,wolf,wolf (97),75.0,False,False,False
vehicles_1,車輛 1,official,vehicles1_official_seed1_k5,3,48,摩托車 / motorcycle (48),98,woman,woman (98),49.0,False,False,False
vehicles_1,車輛 1,official,vehicles1_official_seed1_k5,3,48,摩托車 / motorcycle (48),99,worm,worm (99),72.0,False,False,False
vehicles_1,車輛 1,official,vehicles1_official_seed1_k5,4,58,皮卡車 / pickup_truck (58),0,apple,apple (0),89.0,False,False,False
vehicles_1,車輛 1,official,vehicles1_official_seed1_k5,4,58,皮卡車 / pickup_truck (58),1,aquarium_fish,aquarium_fish (1),79.0,False,False,False
vehicles_1,車輛 1,official,vehicles1_official_seed1_k5,4,58,皮卡車 / pickup_truck (58),2,baby,baby (2),63.0,False,False,False
vehicles_1,車輛 1,official,vehicles1_official_seed1_k5,4,58,皮卡車 / pickup_truck (58),3,bear,bear (3),51.0,False,False,False
vehicles_1,車輛 1,official,vehicles1_official_seed1_k5,4,58,皮卡車 / pickup_truck (58),4,beaver,beaver (4),57.0,False,False,False
vehicles_1,車輛 1,official,vehicles1_official_seed1_k5,4,58,皮卡車 / pickup_truck (58),5,bed,bed (5),75.0,False,False,False
vehicles_1,車輛 1,official,vehicles1_official_seed1_k5,4,58,皮卡車 / pickup_truck (58),6,bee,bee (6),80.0,False,False,False
vehicles_1,車輛 1,official,vehicles1_official_seed1_k5,4,58,皮卡車 / pickup_truck (58),7,beetle,beetle (7),74.0,False,False,False
vehicles_1,車輛 1,official,vehicles1_official_seed1_k5,4,58,皮卡車 / pickup_truck (58),8,bicycle,腳踏車 / bicycle (8),41.0,True,False,True
vehicles_1,車輛 1,official,vehicles1_official_seed1_k5,4,58,皮卡車 / pickup_truck (58),9,bottle,bottle (9),79.0,False,False,False
vehicles_1,車輛 1,official,vehicles1_official_seed1_k5,4,58,皮卡車 / pickup_truck (58),10,bowl,bowl (10),47.0,False,False,False
vehicles_1,車輛 1,official,vehicles1_official_seed1_k5,4,58,皮卡車 / pickup_truck (58),11,boy,boy (11),51.0,False,False,False
vehicles_1,車輛 1,official,vehicles1_official_seed1_k5,4,58,皮卡車 / pickup_truck (58),12,bridge,bridge (12),78.0,False,False,False
vehicles_1,車輛 1,official,vehicles1_official_seed1_k5,4,58,皮卡車 / pickup_truck (58),13,bus,公車 / bus (13),0.0,True,False,True
vehicles_1,車輛 1,official,vehicles1_official_seed1_k5,4,58,皮卡車 / pickup_truck (58),14,butterfly,butterfly (14),54.0,False,False,False
vehicles_1,車輛 1,official,vehicles1_official_seed1_k5,4,58,皮卡車 / pickup_truck (58),15,camel,駱駝 / camel (15),74.0,False,False,False
vehicles_1,車輛 1,official,vehicles1_official_seed1_k5,4,58,皮卡車 / pickup_truck (58),16,can,can (16),77.0,False,False,False
vehicles_1,車輛 1,official,vehicles1_official_seed1_k5,4,58,皮卡車 / pickup_truck (58),17,castle,castle (17),84.0,False,False,False
vehicles_1,車輛 1,official,vehicles1_official_seed1_k5,4,58,皮卡車 / pickup_truck (58),18,caterpillar,caterpillar (18),66.0,False,False,False
vehicles_1,車輛 1,official,vehicles1_official_seed1_k5,4,58,皮卡車 / pickup_truck (58),19,cattle,牛 / cattle (19),64.0,False,False,False
vehicles_1,車輛 1,official,vehicles1_official_seed1_k5,4,58,皮卡車 / pickup_truck (58),20,chair,chair (20),86.0,False,False,False
vehicles_1,車輛 1,official,vehicles1_official_seed1_k5,4,58,皮卡車 / pickup_truck (58),21,chimpanzee,黑猩猩 / chimpanzee (21),85.0,False,False,False
vehicles_1,車輛 1,official,vehicles1_official_seed1_k5,4,58,皮卡車 / pickup_truck (58),22,clock,clock (22),70.0,False,False,False
vehicles_1,車輛 1,official,vehicles1_official_seed1_k5,4,58,皮卡車 / pickup_truck (58),23,cloud,cloud (23),82.0,False,False,False
vehicles_1,車輛 1,official,vehicles1_official_seed1_k5,4,58,皮卡車 / pickup_truck (58),24,cockroach,cockroach (24),78.0,False,False,False
vehicles_1,車輛 1,official,vehicles1_official_seed1_k5,4,58,皮卡車 / pickup_truck (58),25,couch,couch (25),55.0,False,False,False
vehicles_1,車輛 1,official,vehicles1_official_seed1_k5,4,58,皮卡車 / pickup_truck (58),26,crab,crab (26),62.0,False,False,False
vehicles_1,車輛 1,official,vehicles1_official_seed1_k5,4,58,皮卡車 / pickup_truck (58),27,crocodile,crocodile (27),56.0,False,False,False
vehicles_1,車輛 1,official,vehicles1_official_seed1_k5,4,58,皮卡車 / pickup_truck (58),28,cup,cup (28),72.0,False,False,False
vehicles_1,車輛 1,official,vehicles1_official_seed1_k5,4,58,皮卡車 / pickup_truck (58),29,dinosaur,dinosaur (29),67.0,False,False,False
vehicles_1,車輛 1,official,vehicles1_official_seed1_k5,4,58,皮卡車 / pickup_truck (58),30,dolphin,dolphin (30),71.0,False,False,False
vehicles_1,車輛 1,official,vehicles1_official_seed1_k5,4,58,皮卡車 / pickup_truck (58),31,elephant,大象 / elephant (31),67.0,False,False,False
vehicles_1,車輛 1,official,vehicles1_official_seed1_k5,4,58,皮卡車 / pickup_truck (58),32,flatfish,flatfish (32),64.0,False,False,False
vehicles_1,車輛 1,official,vehicles1_official_seed1_k5,4,58,皮卡車 / pickup_truck (58),33,forest,forest (33),62.0,False,False,False
vehicles_1,車輛 1,official,vehicles1_official_seed1_k5,4,58,皮卡車 / pickup_truck (58),34,fox,fox (34),73.0,False,False,False
vehicles_1,車輛 1,official,vehicles1_official_seed1_k5,4,58,皮卡車 / pickup_truck (58),35,girl,girl (35),49.0,False,False,False
vehicles_1,車輛 1,official,vehicles1_official_seed1_k5,4,58,皮卡車 / pickup_truck (58),36,hamster,hamster (36),83.0,False,False,False
vehicles_1,車輛 1,official,vehicles1_official_seed1_k5,4,58,皮卡車 / pickup_truck (58),37,house,house (37),79.0,False,False,False
vehicles_1,車輛 1,official,vehicles1_official_seed1_k5,4,58,皮卡車 / pickup_truck (58),38,kangaroo,袋鼠 / kangaroo (38),64.0,False,False,False
vehicles_1,車輛 1,official,vehicles1_official_seed1_k5,4,58,皮卡車 / pickup_truck (58),39,keyboard,keyboard (39),79.0,False,False,False
vehicles_1,車輛 1,official,vehicles1_official_seed1_k5,4,58,皮卡車 / pickup_truck (58),40,lamp,lamp (40),65.0,False,False,False
vehicles_1,車輛 1,official,vehicles1_official_seed1_k5,4,58,皮卡車 / pickup_truck (58),41,lawn_mower,lawn_mower (41),88.0,False,False,False
vehicles_1,車輛 1,official,vehicles1_official_seed1_k5,4,58,皮卡車 / pickup_truck (58),42,leopard,leopard (42),73.0,False,False,False
vehicles_1,車輛 1,official,vehicles1_official_seed1_k5,4,58,皮卡車 / pickup_truck (58),43,lion,lion (43),84.0,False,False,False
vehicles_1,車輛 1,official,vehicles1_official_seed1_k5,4,58,皮卡車 / pickup_truck (58),44,lizard,lizard (44),40.0,False,False,False
vehicles_1,車輛 1,official,vehicles1_official_seed1_k5,4,58,皮卡車 / pickup_truck (58),45,lobster,lobster (45),65.0,False,False,False
vehicles_1,車輛 1,official,vehicles1_official_seed1_k5,4,58,皮卡車 / pickup_truck (58),46,man,man (46),51.0,False,False,False
vehicles_1,車輛 1,official,vehicles1_official_seed1_k5,4,58,皮卡車 / pickup_truck (58),47,maple_tree,maple_tree (47),65.0,False,False,False
vehicles_1,車輛 1,official,vehicles1_official_seed1_k5,4,58,皮卡車 / pickup_truck (58),48,motorcycle,摩托車 / motorcycle (48),0.0,True,False,True
vehicles_1,車輛 1,official,vehicles1_official_seed1_k5,4,58,皮卡車 / pickup_truck (58),49,mountain,mountain (49),85.0,False,False,False
vehicles_1,車輛 1,official,vehicles1_official_seed1_k5,4,58,皮卡車 / pickup_truck (58),50,mouse,mouse (50),53.0,False,False,False
vehicles_1,車輛 1,official,vehicles1_official_seed1_k5,4,58,皮卡車 / pickup_truck (58),51,mushroom,mushroom (51),67.0,False,False,False
vehicles_1,車輛 1,official,vehicles1_official_seed1_k5,4,58,皮卡車 / pickup_truck (58),52,oak_tree,oak_tree (52),66.0,False,False,False
vehicles_1,車輛 1,official,vehicles1_official_seed1_k5,4,58,皮卡車 / pickup_truck (58),53,orange,orange (53),89.0,False,False,False
vehicles_1,車輛 1,official,vehicles1_official_seed1_k5,4,58,皮卡車 / pickup_truck (58),54,orchid,蘭花 / orchid (54),82.0,False,False,False
vehicles_1,車輛 1,official,vehicles1_official_seed1_k5,4,58,皮卡車 / pickup_truck (58),55,otter,otter (55),42.0,False,False,False
vehicles_1,車輛 1,official,vehicles1_official_seed1_k5,4,58,皮卡車 / pickup_truck (58),56,palm_tree,palm_tree (56),89.0,False,False,False
vehicles_1,車輛 1,official,vehicles1_official_seed1_k5,4,58,皮卡車 / pickup_truck (58),57,pear,pear (57),77.0,False,False,False
vehicles_1,車輛 1,official,vehicles1_official_seed1_k5,4,58,皮卡車 / pickup_truck (58),58,pickup_truck,皮卡車 / pickup_truck (58),0.0,True,True,True
vehicles_1,車輛 1,official,vehicles1_official_seed1_k5,4,58,皮卡車 / pickup_truck (58),59,pine_tree,pine_tree (59),69.0,False,False,False
vehicles_1,車輛 1,official,vehicles1_official_seed1_k5,4,58,皮卡車 / pickup_truck (58),60,plain,plain (60),85.0,False,False,False
vehicles_1,車輛 1,official,vehicles1_official_seed1_k5,4,58,皮卡車 / pickup_truck (58),61,plate,plate (61),67.0,False,False,False
vehicles_1,車輛 1,official,vehicles1_official_seed1_k5,4,58,皮卡車 / pickup_truck (58),62,poppy,罌粟花 / poppy (62),81.0,False,False,False
vehicles_1,車輛 1,official,vehicles1_official_seed1_k5,4,58,皮卡車 / pickup_truck (58),63,porcupine,porcupine (63),68.0,False,False,False
vehicles_1,車輛 1,official,vehicles1_official_seed1_k5,4,58,皮卡車 / pickup_truck (58),64,possum,possum (64),51.0,False,False,False
vehicles_1,車輛 1,official,vehicles1_official_seed1_k5,4,58,皮卡車 / pickup_truck (58),65,rabbit,rabbit (65),56.0,False,False,False
vehicles_1,車輛 1,official,vehicles1_official_seed1_k5,4,58,皮卡車 / pickup_truck (58),66,raccoon,raccoon (66),80.0,False,False,False
vehicles_1,車輛 1,official,vehicles1_official_seed1_k5,4,58,皮卡車 / pickup_truck (58),67,ray,ray (67),57.0,False,False,False
vehicles_1,車輛 1,official,vehicles1_official_seed1_k5,4,58,皮卡車 / pickup_truck (58),68,road,road (68),92.0,False,False,False
vehicles_1,車輛 1,official,vehicles1_official_seed1_k5,4,58,皮卡車 / pickup_truck (58),69,rocket,rocket (69),79.0,False,False,False
vehicles_1,車輛 1,official,vehicles1_official_seed1_k5,4,58,皮卡車 / pickup_truck (58),70,rose,玫瑰 / rose (70),72.0,False,False,False
vehicles_1,車輛 1,official,vehicles1_official_seed1_k5,4,58,皮卡車 / pickup_truck (58),71,sea,sea (71),80.0,False,False,False
vehicles_1,車輛 1,official,vehicles1_official_seed1_k5,4,58,皮卡車 / pickup_truck (58),72,seal,seal (72),42.0,False,False,False
vehicles_1,車輛 1,official,vehicles1_official_seed1_k5,4,58,皮卡車 / pickup_truck (58),73,shark,shark (73),59.0,False,False,False
vehicles_1,車輛 1,official,vehicles1_official_seed1_k5,4,58,皮卡車 / pickup_truck (58),74,shrew,shrew (74),49.0,False,False,False
vehicles_1,車輛 1,official,vehicles1_official_seed1_k5,4,58,皮卡車 / pickup_truck (58),75,skunk,skunk (75),88.0,False,False,False
vehicles_1,車輛 1,official,vehicles1_official_seed1_k5,4,58,皮卡車 / pickup_truck (58),76,skyscraper,skyscraper (76),89.0,False,False,False
vehicles_1,車輛 1,official,vehicles1_official_seed1_k5,4,58,皮卡車 / pickup_truck (58),77,snail,snail (77),66.0,False,False,False
vehicles_1,車輛 1,official,vehicles1_official_seed1_k5,4,58,皮卡車 / pickup_truck (58),78,snake,snake (78),61.0,False,False,False
vehicles_1,車輛 1,official,vehicles1_official_seed1_k5,4,58,皮卡車 / pickup_truck (58),79,spider,spider (79),73.0,False,False,False
vehicles_1,車輛 1,official,vehicles1_official_seed1_k5,4,58,皮卡車 / pickup_truck (58),80,squirrel,squirrel (80),53.0,False,False,False
vehicles_1,車輛 1,official,vehicles1_official_seed1_k5,4,58,皮卡車 / pickup_truck (58),81,streetcar,streetcar (81),78.0,False,False,False
vehicles_1,車輛 1,official,vehicles1_official_seed1_k5,4,58,皮卡車 / pickup_truck (58),82,sunflower,向日葵 / sunflower (82),91.0,False,False,False
vehicles_1,車輛 1,official,vehicles1_official_seed1_k5,4,58,皮卡車 / pickup_truck (58),83,sweet_pepper,sweet_pepper (83),68.0,False,False,False
vehicles_1,車輛 1,official,vehicles1_official_seed1_k5,4,58,皮卡車 / pickup_truck (58),84,table,table (84),70.0,False,False,False
vehicles_1,車輛 1,official,vehicles1_official_seed1_k5,4,58,皮卡車 / pickup_truck (58),85,tank,tank (85),74.0,False,False,False
vehicles_1,車輛 1,official,vehicles1_official_seed1_k5,4,58,皮卡車 / pickup_truck (58),86,telephone,telephone (86),67.0,False,False,False
vehicles_1,車輛 1,official,vehicles1_official_seed1_k5,4,58,皮卡車 / pickup_truck (58),87,television,television (87),78.0,False,False,False
vehicles_1,車輛 1,official,vehicles1_official_seed1_k5,4,58,皮卡車 / pickup_truck (58),88,tiger,tiger (88),80.0,False,False,False
vehicles_1,車輛 1,official,vehicles1_official_seed1_k5,4,58,皮卡車 / pickup_truck (58),89,tractor,tractor (89),88.0,False,False,False
vehicles_1,車輛 1,official,vehicles1_official_seed1_k5,4,58,皮卡車 / pickup_truck (58),90,train,火車 / train (90),84.0,False,False,True
vehicles_1,車輛 1,official,vehicles1_official_seed1_k5,4,58,皮卡車 / pickup_truck (58),91,trout,trout (91),78.0,False,False,False
vehicles_1,車輛 1,official,vehicles1_official_seed1_k5,4,58,皮卡車 / pickup_truck (58),92,tulip,鬱金香 / tulip (92),59.0,False,False,False
vehicles_1,車輛 1,official,vehicles1_official_seed1_k5,4,58,皮卡車 / pickup_truck (58),93,turtle,turtle (93),60.0,False,False,False
vehicles_1,車輛 1,official,vehicles1_official_seed1_k5,4,58,皮卡車 / pickup_truck (58),94,wardrobe,wardrobe (94),91.0,False,False,False
vehicles_1,車輛 1,official,vehicles1_official_seed1_k5,4,58,皮卡車 / pickup_truck (58),95,whale,whale (95),73.0,False,False,False
vehicles_1,車輛 1,official,vehicles1_official_seed1_k5,4,58,皮卡車 / pickup_truck (58),96,willow_tree,willow_tree (96),63.0,False,False,False
vehicles_1,車輛 1,official,vehicles1_official_seed1_k5,4,58,皮卡車 / pickup_truck (58),97,wolf,wolf (97),76.0,False,False,False
vehicles_1,車輛 1,official,vehicles1_official_seed1_k5,4,58,皮卡車 / pickup_truck (58),98,woman,woman (98),52.0,False,False,False
vehicles_1,車輛 1,official,vehicles1_official_seed1_k5,4,58,皮卡車 / pickup_truck (58),99,worm,worm (99),73.0,False,False,False
vehicles_1,車輛 1,official,vehicles1_official_seed1_k5,5,90,火車 / train (90),0,apple,apple (0),89.0,False,False,False
vehicles_1,車輛 1,official,vehicles1_official_seed1_k5,5,90,火車 / train (90),1,aquarium_fish,aquarium_fish (1),80.0,False,False,False
vehicles_1,車輛 1,official,vehicles1_official_seed1_k5,5,90,火車 / train (90),2,baby,baby (2),60.0,False,False,False
vehicles_1,車輛 1,official,vehicles1_official_seed1_k5,5,90,火車 / train (90),3,bear,bear (3),49.0,False,False,False
vehicles_1,車輛 1,official,vehicles1_official_seed1_k5,5,90,火車 / train (90),4,beaver,beaver (4),59.0,False,False,False
vehicles_1,車輛 1,official,vehicles1_official_seed1_k5,5,90,火車 / train (90),5,bed,bed (5),74.0,False,False,False
vehicles_1,車輛 1,official,vehicles1_official_seed1_k5,5,90,火車 / train (90),6,bee,bee (6),79.0,False,False,False
vehicles_1,車輛 1,official,vehicles1_official_seed1_k5,5,90,火車 / train (90),7,beetle,beetle (7),76.0,False,False,False
vehicles_1,車輛 1,official,vehicles1_official_seed1_k5,5,90,火車 / train (90),8,bicycle,腳踏車 / bicycle (8),43.0,True,False,True
vehicles_1,車輛 1,official,vehicles1_official_seed1_k5,5,90,火車 / train (90),9,bottle,bottle (9),79.0,False,False,False
vehicles_1,車輛 1,official,vehicles1_official_seed1_k5,5,90,火車 / train (90),10,bowl,bowl (10),44.0,False,False,False
vehicles_1,車輛 1,official,vehicles1_official_seed1_k5,5,90,火車 / train (90),11,boy,boy (11),47.0,False,False,False
vehicles_1,車輛 1,official,vehicles1_official_seed1_k5,5,90,火車 / train (90),12,bridge,bridge (12),79.0,False,False,False
vehicles_1,車輛 1,official,vehicles1_official_seed1_k5,5,90,火車 / train (90),13,bus,公車 / bus (13),0.0,True,False,True
vehicles_1,車輛 1,official,vehicles1_official_seed1_k5,5,90,火車 / train (90),14,butterfly,butterfly (14),55.0,False,False,False
vehicles_1,車輛 1,official,vehicles1_official_seed1_k5,5,90,火車 / train (90),15,camel,駱駝 / camel (15),72.0,False,False,False
vehicles_1,車輛 1,official,vehicles1_official_seed1_k5,5,90,火車 / train (90),16,can,can (16),74.0,False,False,False
vehicles_1,車輛 1,official,vehicles1_official_seed1_k5,5,90,火車 / train (90),17,castle,castle (17),83.0,False,False,False
vehicles_1,車輛 1,official,vehicles1_official_seed1_k5,5,90,火車 / train (90),18,caterpillar,caterpillar (18),69.0,False,False,False
vehicles_1,車輛 1,official,vehicles1_official_seed1_k5,5,90,火車 / train (90),19,cattle,牛 / cattle (19),65.0,False,False,False
vehicles_1,車輛 1,official,vehicles1_official_seed1_k5,5,90,火車 / train (90),20,chair,chair (20),87.0,False,False,False
vehicles_1,車輛 1,official,vehicles1_official_seed1_k5,5,90,火車 / train (90),21,chimpanzee,黑猩猩 / chimpanzee (21),84.0,False,False,False
vehicles_1,車輛 1,official,vehicles1_official_seed1_k5,5,90,火車 / train (90),22,clock,clock (22),67.0,False,False,False
vehicles_1,車輛 1,official,vehicles1_official_seed1_k5,5,90,火車 / train (90),23,cloud,cloud (23),82.0,False,False,False
vehicles_1,車輛 1,official,vehicles1_official_seed1_k5,5,90,火車 / train (90),24,cockroach,cockroach (24),79.0,False,False,False
vehicles_1,車輛 1,official,vehicles1_official_seed1_k5,5,90,火車 / train (90),25,couch,couch (25),55.0,False,False,False
vehicles_1,車輛 1,official,vehicles1_official_seed1_k5,5,90,火車 / train (90),26,crab,crab (26),67.0,False,False,False
vehicles_1,車輛 1,official,vehicles1_official_seed1_k5,5,90,火車 / train (90),27,crocodile,crocodile (27),54.0,False,False,False
vehicles_1,車輛 1,official,vehicles1_official_seed1_k5,5,90,火車 / train (90),28,cup,cup (28),74.0,False,False,False
vehicles_1,車輛 1,official,vehicles1_official_seed1_k5,5,90,火車 / train (90),29,dinosaur,dinosaur (29),65.0,False,False,False
vehicles_1,車輛 1,official,vehicles1_official_seed1_k5,5,90,火車 / train (90),30,dolphin,dolphin (30),68.0,False,False,False
vehicles_1,車輛 1,official,vehicles1_official_seed1_k5,5,90,火車 / train (90),31,elephant,大象 / elephant (31),68.0,False,False,False
vehicles_1,車輛 1,official,vehicles1_official_seed1_k5,5,90,火車 / train (90),32,flatfish,flatfish (32),65.0,False,False,False
vehicles_1,車輛 1,official,vehicles1_official_seed1_k5,5,90,火車 / train (90),33,forest,forest (33),63.0,False,False,False
vehicles_1,車輛 1,official,vehicles1_official_seed1_k5,5,90,火車 / train (90),34,fox,fox (34),74.0,False,False,False
vehicles_1,車輛 1,official,vehicles1_official_seed1_k5,5,90,火車 / train (90),35,girl,girl (35),49.0,False,False,False
vehicles_1,車輛 1,official,vehicles1_official_seed1_k5,5,90,火車 / train (90),36,hamster,hamster (36),82.0,False,False,False
vehicles_1,車輛 1,official,vehicles1_official_seed1_k5,5,90,火車 / train (90),37,house,house (37),77.0,False,False,False
vehicles_1,車輛 1,official,vehicles1_official_seed1_k5,5,90,火車 / train (90),38,kangaroo,袋鼠 / kangaroo (38),63.0,False,False,False
vehicles_1,車輛 1,official,vehicles1_official_seed1_k5,5,90,火車 / train (90),39,keyboard,keyboard (39),79.0,False,False,False
vehicles_1,車輛 1,official,vehicles1_official_seed1_k5,5,90,火車 / train (90),40,lamp,lamp (40),62.0,False,False,False
vehicles_1,車輛 1,official,vehicles1_official_seed1_k5,5,90,火車 / train (90),41,lawn_mower,lawn_mower (41),87.0,False,False,False
vehicles_1,車輛 1,official,vehicles1_official_seed1_k5,5,90,火車 / train (90),42,leopard,leopard (42),74.0,False,False,False
vehicles_1,車輛 1,official,vehicles1_official_seed1_k5,5,90,火車 / train (90),43,lion,lion (43),83.0,False,False,False
vehicles_1,車輛 1,official,vehicles1_official_seed1_k5,5,90,火車 / train (90),44,lizard,lizard (44),46.0,False,False,False
vehicles_1,車輛 1,official,vehicles1_official_seed1_k5,5,90,火車 / train (90),45,lobster,lobster (45),62.0,False,False,False
vehicles_1,車輛 1,official,vehicles1_official_seed1_k5,5,90,火車 / train (90),46,man,man (46),49.0,False,False,False
vehicles_1,車輛 1,official,vehicles1_official_seed1_k5,5,90,火車 / train (90),47,maple_tree,maple_tree (47),64.0,False,False,False
vehicles_1,車輛 1,official,vehicles1_official_seed1_k5,5,90,火車 / train (90),48,motorcycle,摩托車 / motorcycle (48),0.0,True,False,True
vehicles_1,車輛 1,official,vehicles1_official_seed1_k5,5,90,火車 / train (90),49,mountain,mountain (49),84.0,False,False,False
vehicles_1,車輛 1,official,vehicles1_official_seed1_k5,5,90,火車 / train (90),50,mouse,mouse (50),53.0,False,False,False
vehicles_1,車輛 1,official,vehicles1_official_seed1_k5,5,90,火車 / train (90),51,mushroom,mushroom (51),71.0,False,False,False
vehicles_1,車輛 1,official,vehicles1_official_seed1_k5,5,90,火車 / train (90),52,oak_tree,oak_tree (52),69.0,False,False,False
vehicles_1,車輛 1,official,vehicles1_official_seed1_k5,5,90,火車 / train (90),53,orange,orange (53),88.0,False,False,False
vehicles_1,車輛 1,official,vehicles1_official_seed1_k5,5,90,火車 / train (90),54,orchid,蘭花 / orchid (54),80.0,False,False,False
vehicles_1,車輛 1,official,vehicles1_official_seed1_k5,5,90,火車 / train (90),55,otter,otter (55),43.0,False,False,False
vehicles_1,車輛 1,official,vehicles1_official_seed1_k5,5,90,火車 / train (90),56,palm_tree,palm_tree (56),88.0,False,False,False
vehicles_1,車輛 1,official,vehicles1_official_seed1_k5,5,90,火車 / train (90),57,pear,pear (57),79.0,False,False,False
vehicles_1,車輛 1,official,vehicles1_official_seed1_k5,5,90,火車 / train (90),58,pickup_truck,皮卡車 / pickup_truck (58),0.0,True,False,True
vehicles_1,車輛 1,official,vehicles1_official_seed1_k5,5,90,火車 / train (90),59,pine_tree,pine_tree (59),70.0,False,False,False
vehicles_1,車輛 1,official,vehicles1_official_seed1_k5,5,90,火車 / train (90),60,plain,plain (60),86.0,False,False,False
vehicles_1,車輛 1,official,vehicles1_official_seed1_k5,5,90,火車 / train (90),61,plate,plate (61),68.0,False,False,False
vehicles_1,車輛 1,official,vehicles1_official_seed1_k5,5,90,火車 / train (90),62,poppy,罌粟花 / poppy (62),81.0,False,False,False
vehicles_1,車輛 1,official,vehicles1_official_seed1_k5,5,90,火車 / train (90),63,porcupine,porcupine (63),71.0,False,False,False
vehicles_1,車輛 1,official,vehicles1_official_seed1_k5,5,90,火車 / train (90),64,possum,possum (64),51.0,False,False,False
vehicles_1,車輛 1,official,vehicles1_official_seed1_k5,5,90,火車 / train (90),65,rabbit,rabbit (65),59.0,False,False,False
vehicles_1,車輛 1,official,vehicles1_official_seed1_k5,5,90,火車 / train (90),66,raccoon,raccoon (66),78.0,False,False,False
vehicles_1,車輛 1,official,vehicles1_official_seed1_k5,5,90,火車 / train (90),67,ray,ray (67),55.0,False,False,False
vehicles_1,車輛 1,official,vehicles1_official_seed1_k5,5,90,火車 / train (90),68,road,road (68),93.0,False,False,False
vehicles_1,車輛 1,official,vehicles1_official_seed1_k5,5,90,火車 / train (90),69,rocket,rocket (69),80.0,False,False,False
vehicles_1,車輛 1,official,vehicles1_official_seed1_k5,5,90,火車 / train (90),70,rose,玫瑰 / rose (70),70.0,False,False,False
vehicles_1,車輛 1,official,vehicles1_official_seed1_k5,5,90,火車 / train (90),71,sea,sea (71),80.0,False,False,False
vehicles_1,車輛 1,official,vehicles1_official_seed1_k5,5,90,火車 / train (90),72,seal,seal (72),44.0,False,False,False
vehicles_1,車輛 1,official,vehicles1_official_seed1_k5,5,90,火車 / train (90),73,shark,shark (73),56.0,False,False,False
vehicles_1,車輛 1,official,vehicles1_official_seed1_k5,5,90,火車 / train (90),74,shrew,shrew (74),47.0,False,False,False
vehicles_1,車輛 1,official,vehicles1_official_seed1_k5,5,90,火車 / train (90),75,skunk,skunk (75),92.0,False,False,False
vehicles_1,車輛 1,official,vehicles1_official_seed1_k5,5,90,火車 / train (90),76,skyscraper,skyscraper (76),88.0,False,False,False
vehicles_1,車輛 1,official,vehicles1_official_seed1_k5,5,90,火車 / train (90),77,snail,snail (77),66.0,False,False,False
vehicles_1,車輛 1,official,vehicles1_official_seed1_k5,5,90,火車 / train (90),78,snake,snake (78),61.0,False,False,False
vehicles_1,車輛 1,official,vehicles1_official_seed1_k5,5,90,火車 / train (90),79,spider,spider (79),73.0,False,False,False
vehicles_1,車輛 1,official,vehicles1_official_seed1_k5,5,90,火車 / train (90),80,squirrel,squirrel (80),56.0,False,False,False
vehicles_1,車輛 1,official,vehicles1_official_seed1_k5,5,90,火車 / train (90),81,streetcar,streetcar (81),82.0,False,False,False
vehicles_1,車輛 1,official,vehicles1_official_seed1_k5,5,90,火車 / train (90),82,sunflower,向日葵 / sunflower (82),90.0,False,False,False
vehicles_1,車輛 1,official,vehicles1_official_seed1_k5,5,90,火車 / train (90),83,sweet_pepper,sweet_pepper (83),66.0,False,False,False
vehicles_1,車輛 1,official,vehicles1_official_seed1_k5,5,90,火車 / train (90),84,table,table (84),70.0,False,False,False
vehicles_1,車輛 1,official,vehicles1_official_seed1_k5,5,90,火車 / train (90),85,tank,tank (85),79.0,False,False,False
vehicles_1,車輛 1,official,vehicles1_official_seed1_k5,5,90,火車 / train (90),86,telephone,telephone (86),67.0,False,False,False
vehicles_1,車輛 1,official,vehicles1_official_seed1_k5,5,90,火車 / train (90),87,television,television (87),77.0,False,False,False
vehicles_1,車輛 1,official,vehicles1_official_seed1_k5,5,90,火車 / train (90),88,tiger,tiger (88),81.0,False,False,False
vehicles_1,車輛 1,official,vehicles1_official_seed1_k5,5,90,火車 / train (90),89,tractor,tractor (89),88.0,False,False,False
vehicles_1,車輛 1,official,vehicles1_official_seed1_k5,5,90,火車 / train (90),90,train,火車 / train (90),0.0,True,True,True
vehicles_1,車輛 1,official,vehicles1_official_seed1_k5,5,90,火車 / train (90),91,trout,trout (91),76.0,False,False,False
vehicles_1,車輛 1,official,vehicles1_official_seed1_k5,5,90,火車 / train (90),92,tulip,鬱金香 / tulip (92),60.0,False,False,False
vehicles_1,車輛 1,official,vehicles1_official_seed1_k5,5,90,火車 / train (90),93,turtle,turtle (93),57.0,False,False,False
vehicles_1,車輛 1,official,vehicles1_official_seed1_k5,5,90,火車 / train (90),94,wardrobe,wardrobe (94),91.0,False,False,False
vehicles_1,車輛 1,official,vehicles1_official_seed1_k5,5,90,火車 / train (90),95,whale,whale (95),74.0,False,False,False
vehicles_1,車輛 1,official,vehicles1_official_seed1_k5,5,90,火車 / train (90),96,willow_tree,willow_tree (96),61.0,False,False,False
vehicles_1,車輛 1,official,vehicles1_official_seed1_k5,5,90,火車 / train (90),97,wolf,wolf (97),75.0,False,False,False
vehicles_1,車輛 1,official,vehicles1_official_seed1_k5,5,90,火車 / train (90),98,woman,woman (98),52.0,False,False,False
vehicles_1,車輛 1,official,vehicles1_official_seed1_k5,5,90,火車 / train (90),99,worm,worm (99),72.0,False,False,False
vehicles_1,車輛 1,random,vehicles1_random_seed1_k5,1,48,摩托車 / motorcycle (48),0,apple,apple (0),88.0,False,False,False
vehicles_1,車輛 1,random,vehicles1_random_seed1_k5,1,48,摩托車 / motorcycle (48),1,aquarium_fish,aquarium_fish (1),83.0,False,False,False
vehicles_1,車輛 1,random,vehicles1_random_seed1_k5,1,48,摩托車 / motorcycle (48),2,baby,baby (2),59.0,False,False,False
vehicles_1,車輛 1,random,vehicles1_random_seed1_k5,1,48,摩托車 / motorcycle (48),3,bear,bear (3),49.0,False,False,False
vehicles_1,車輛 1,random,vehicles1_random_seed1_k5,1,48,摩托車 / motorcycle (48),4,beaver,beaver (4),55.0,False,False,False
vehicles_1,車輛 1,random,vehicles1_random_seed1_k5,1,48,摩托車 / motorcycle (48),5,bed,bed (5),71.0,False,False,False
vehicles_1,車輛 1,random,vehicles1_random_seed1_k5,1,48,摩托車 / motorcycle (48),6,bee,bee (6),75.0,False,False,False
vehicles_1,車輛 1,random,vehicles1_random_seed1_k5,1,48,摩托車 / motorcycle (48),7,beetle,beetle (7),74.0,False,False,False
vehicles_1,車輛 1,random,vehicles1_random_seed1_k5,1,48,摩托車 / motorcycle (48),8,bicycle,腳踏車 / bicycle (8),84.0,False,False,True
vehicles_1,車輛 1,random,vehicles1_random_seed1_k5,1,48,摩托車 / motorcycle (48),9,bottle,bottle (9),79.0,False,False,False
vehicles_1,車輛 1,random,vehicles1_random_seed1_k5,1,48,摩托車 / motorcycle (48),10,bowl,bowl (10),48.0,False,False,False
vehicles_1,車輛 1,random,vehicles1_random_seed1_k5,1,48,摩托車 / motorcycle (48),11,boy,boy (11),48.0,False,False,False
vehicles_1,車輛 1,random,vehicles1_random_seed1_k5,1,48,摩托車 / motorcycle (48),12,bridge,bridge (12),77.0,False,False,False
vehicles_1,車輛 1,random,vehicles1_random_seed1_k5,1,48,摩托車 / motorcycle (48),13,bus,公車 / bus (13),65.0,False,False,True
vehicles_1,車輛 1,random,vehicles1_random_seed1_k5,1,48,摩托車 / motorcycle (48),14,butterfly,butterfly (14),50.0,False,False,False
vehicles_1,車輛 1,random,vehicles1_random_seed1_k5,1,48,摩托車 / motorcycle (48),15,camel,駱駝 / camel (15),75.0,False,False,False
vehicles_1,車輛 1,random,vehicles1_random_seed1_k5,1,48,摩托車 / motorcycle (48),16,can,can (16),80.0,False,False,False
vehicles_1,車輛 1,random,vehicles1_random_seed1_k5,1,48,摩托車 / motorcycle (48),17,castle,castle (17),80.0,False,False,False
vehicles_1,車輛 1,random,vehicles1_random_seed1_k5,1,48,摩托車 / motorcycle (48),18,caterpillar,caterpillar (18),64.0,False,False,False
vehicles_1,車輛 1,random,vehicles1_random_seed1_k5,1,48,摩托車 / motorcycle (48),19,cattle,牛 / cattle (19),63.0,False,False,False
vehicles_1,車輛 1,random,vehicles1_random_seed1_k5,1,48,摩托車 / motorcycle (48),20,chair,chair (20),84.0,False,False,False
vehicles_1,車輛 1,random,vehicles1_random_seed1_k5,1,48,摩托車 / motorcycle (48),21,chimpanzee,黑猩猩 / chimpanzee (21),85.0,False,False,False
vehicles_1,車輛 1,random,vehicles1_random_seed1_k5,1,48,摩托車 / motorcycle (48),22,clock,clock (22),65.0,False,False,False
vehicles_1,車輛 1,random,vehicles1_random_seed1_k5,1,48,摩托車 / motorcycle (48),23,cloud,cloud (23),81.0,False,False,False
vehicles_1,車輛 1,random,vehicles1_random_seed1_k5,1,48,摩托車 / motorcycle (48),24,cockroach,cockroach (24),77.0,False,False,False
vehicles_1,車輛 1,random,vehicles1_random_seed1_k5,1,48,摩托車 / motorcycle (48),25,couch,couch (25),56.0,False,False,False
vehicles_1,車輛 1,random,vehicles1_random_seed1_k5,1,48,摩托車 / motorcycle (48),26,crab,crab (26),63.0,False,False,False
vehicles_1,車輛 1,random,vehicles1_random_seed1_k5,1,48,摩托車 / motorcycle (48),27,crocodile,crocodile (27),57.0,False,False,False
vehicles_1,車輛 1,random,vehicles1_random_seed1_k5,1,48,摩托車 / motorcycle (48),28,cup,cup (28),75.0,False,False,False
vehicles_1,車輛 1,random,vehicles1_random_seed1_k5,1,48,摩托車 / motorcycle (48),29,dinosaur,dinosaur (29),64.0,False,False,False
vehicles_1,車輛 1,random,vehicles1_random_seed1_k5,1,48,摩托車 / motorcycle (48),30,dolphin,dolphin (30),66.0,False,False,False
vehicles_1,車輛 1,random,vehicles1_random_seed1_k5,1,48,摩托車 / motorcycle (48),31,elephant,大象 / elephant (31),66.0,False,False,False
vehicles_1,車輛 1,random,vehicles1_random_seed1_k5,1,48,摩托車 / motorcycle (48),32,flatfish,flatfish (32),62.0,False,False,False
vehicles_1,車輛 1,random,vehicles1_random_seed1_k5,1,48,摩托車 / motorcycle (48),33,forest,forest (33),59.0,False,False,False
vehicles_1,車輛 1,random,vehicles1_random_seed1_k5,1,48,摩托車 / motorcycle (48),34,fox,fox (34),75.0,False,False,False
vehicles_1,車輛 1,random,vehicles1_random_seed1_k5,1,48,摩托車 / motorcycle (48),35,girl,girl (35),50.0,False,False,False
vehicles_1,車輛 1,random,vehicles1_random_seed1_k5,1,48,摩托車 / motorcycle (48),36,hamster,hamster (36),83.0,False,False,False
vehicles_1,車輛 1,random,vehicles1_random_seed1_k5,1,48,摩托車 / motorcycle (48),37,house,house (37),78.0,False,False,False
vehicles_1,車輛 1,random,vehicles1_random_seed1_k5,1,48,摩托車 / motorcycle (48),38,kangaroo,袋鼠 / kangaroo (38),65.0,False,False,False
vehicles_1,車輛 1,random,vehicles1_random_seed1_k5,1,48,摩托車 / motorcycle (48),39,keyboard,keyboard (39),78.0,False,False,False
vehicles_1,車輛 1,random,vehicles1_random_seed1_k5,1,48,摩托車 / motorcycle (48),40,lamp,lamp (40),60.0,False,False,False
vehicles_1,車輛 1,random,vehicles1_random_seed1_k5,1,48,摩托車 / motorcycle (48),41,lawn_mower,lawn_mower (41),87.0,False,False,False
vehicles_1,車輛 1,random,vehicles1_random_seed1_k5,1,48,摩托車 / motorcycle (48),42,leopard,leopard (42),72.0,False,False,False
vehicles_1,車輛 1,random,vehicles1_random_seed1_k5,1,48,摩托車 / motorcycle (48),43,lion,lion (43),83.0,False,False,False
vehicles_1,車輛 1,random,vehicles1_random_seed1_k5,1,48,摩托車 / motorcycle (48),44,lizard,lizard (44),46.0,False,False,False
vehicles_1,車輛 1,random,vehicles1_random_seed1_k5,1,48,摩托車 / motorcycle (48),45,lobster,lobster (45),64.0,False,False,False
vehicles_1,車輛 1,random,vehicles1_random_seed1_k5,1,48,摩托車 / motorcycle (48),46,man,man (46),49.0,False,False,False
vehicles_1,車輛 1,random,vehicles1_random_seed1_k5,1,48,摩托車 / motorcycle (48),47,maple_tree,maple_tree (47),67.0,False,False,False
vehicles_1,車輛 1,random,vehicles1_random_seed1_k5,1,48,摩托車 / motorcycle (48),48,motorcycle,摩托車 / motorcycle (48),0.0,True,True,True
vehicles_1,車輛 1,random,vehicles1_random_seed1_k5,1,48,摩托車 / motorcycle (48),49,mountain,mountain (49),84.0,False,False,False
vehicles_1,車輛 1,random,vehicles1_random_seed1_k5,1,48,摩托車 / motorcycle (48),50,mouse,mouse (50),53.0,False,False,False
vehicles_1,車輛 1,random,vehicles1_random_seed1_k5,1,48,摩托車 / motorcycle (48),51,mushroom,mushroom (51),70.0,False,False,False
vehicles_1,車輛 1,random,vehicles1_random_seed1_k5,1,48,摩托車 / motorcycle (48),52,oak_tree,oak_tree (52),66.0,False,False,False
vehicles_1,車輛 1,random,vehicles1_random_seed1_k5,1,48,摩托車 / motorcycle (48),53,orange,orange (53),89.0,False,False,False
vehicles_1,車輛 1,random,vehicles1_random_seed1_k5,1,48,摩托車 / motorcycle (48),54,orchid,蘭花 / orchid (54),79.0,False,False,False
vehicles_1,車輛 1,random,vehicles1_random_seed1_k5,1,48,摩托車 / motorcycle (48),55,otter,otter (55),41.0,False,False,False
vehicles_1,車輛 1,random,vehicles1_random_seed1_k5,1,48,摩托車 / motorcycle (48),56,palm_tree,palm_tree (56),88.0,False,False,False
vehicles_1,車輛 1,random,vehicles1_random_seed1_k5,1,48,摩托車 / motorcycle (48),57,pear,pear (57),75.0,False,False,False
vehicles_1,車輛 1,random,vehicles1_random_seed1_k5,1,48,摩托車 / motorcycle (48),58,pickup_truck,皮卡車 / pickup_truck (58),87.0,False,False,True
vehicles_1,車輛 1,random,vehicles1_random_seed1_k5,1,48,摩托車 / motorcycle (48),59,pine_tree,pine_tree (59),68.0,False,False,False
vehicles_1,車輛 1,random,vehicles1_random_seed1_k5,1,48,摩托車 / motorcycle (48),60,plain,plain (60),86.0,False,False,False
vehicles_1,車輛 1,random,vehicles1_random_seed1_k5,1,48,摩托車 / motorcycle (48),61,plate,plate (61),65.0,False,False,False
vehicles_1,車輛 1,random,vehicles1_random_seed1_k5,1,48,摩托車 / motorcycle (48),62,poppy,罌粟花 / poppy (62),78.0,False,False,False
vehicles_1,車輛 1,random,vehicles1_random_seed1_k5,1,48,摩托車 / motorcycle (48),63,porcupine,porcupine (63),66.0,False,False,False
vehicles_1,車輛 1,random,vehicles1_random_seed1_k5,1,48,摩托車 / motorcycle (48),64,possum,possum (64),52.0,False,False,False
vehicles_1,車輛 1,random,vehicles1_random_seed1_k5,1,48,摩托車 / motorcycle (48),65,rabbit,rabbit (65),56.0,False,False,False
vehicles_1,車輛 1,random,vehicles1_random_seed1_k5,1,48,摩托車 / motorcycle (48),66,raccoon,raccoon (66),79.0,False,False,False
vehicles_1,車輛 1,random,vehicles1_random_seed1_k5,1,48,摩托車 / motorcycle (48),67,ray,ray (67),58.0,False,False,False
vehicles_1,車輛 1,random,vehicles1_random_seed1_k5,1,48,摩托車 / motorcycle (48),68,road,road (68),92.0,False,False,False
vehicles_1,車輛 1,random,vehicles1_random_seed1_k5,1,48,摩托車 / motorcycle (48),69,rocket,rocket (69),81.0,False,False,False
vehicles_1,車輛 1,random,vehicles1_random_seed1_k5,1,48,摩托車 / motorcycle (48),70,rose,玫瑰 / rose (70),72.0,False,False,False
vehicles_1,車輛 1,random,vehicles1_random_seed1_k5,1,48,摩托車 / motorcycle (48),71,sea,sea (71),77.0,False,False,False
vehicles_1,車輛 1,random,vehicles1_random_seed1_k5,1,48,摩托車 / motorcycle (48),72,seal,seal (72),43.0,False,False,False
vehicles_1,車輛 1,random,vehicles1_random_seed1_k5,1,48,摩托車 / motorcycle (48),73,shark,shark (73),55.0,False,False,False
vehicles_1,車輛 1,random,vehicles1_random_seed1_k5,1,48,摩托車 / motorcycle (48),74,shrew,shrew (74),51.0,False,False,False
vehicles_1,車輛 1,random,vehicles1_random_seed1_k5,1,48,摩托車 / motorcycle (48),75,skunk,skunk (75),92.0,False,False,False
vehicles_1,車輛 1,random,vehicles1_random_seed1_k5,1,48,摩托車 / motorcycle (48),76,skyscraper,skyscraper (76),89.0,False,False,False
vehicles_1,車輛 1,random,vehicles1_random_seed1_k5,1,48,摩托車 / motorcycle (48),77,snail,snail (77),65.0,False,False,False
vehicles_1,車輛 1,random,vehicles1_random_seed1_k5,1,48,摩托車 / motorcycle (48),78,snake,snake (78),61.0,False,False,False
vehicles_1,車輛 1,random,vehicles1_random_seed1_k5,1,48,摩托車 / motorcycle (48),79,spider,spider (79),73.0,False,False,False
vehicles_1,車輛 1,random,vehicles1_random_seed1_k5,1,48,摩托車 / motorcycle (48),80,squirrel,squirrel (80),55.0,False,False,False
vehicles_1,車輛 1,random,vehicles1_random_seed1_k5,1,48,摩托車 / motorcycle (48),81,streetcar,streetcar (81),74.0,False,False,False
vehicles_1,車輛 1,random,vehicles1_random_seed1_k5,1,48,摩托車 / motorcycle (48),82,sunflower,向日葵 / sunflower (82),92.0,False,False,False
vehicles_1,車輛 1,random,vehicles1_random_seed1_k5,1,48,摩托車 / motorcycle (48),83,sweet_pepper,sweet_pepper (83),69.0,False,False,False
vehicles_1,車輛 1,random,vehicles1_random_seed1_k5,1,48,摩托車 / motorcycle (48),84,table,table (84),71.0,False,False,False
vehicles_1,車輛 1,random,vehicles1_random_seed1_k5,1,48,摩托車 / motorcycle (48),85,tank,tank (85),71.0,False,False,False
vehicles_1,車輛 1,random,vehicles1_random_seed1_k5,1,48,摩托車 / motorcycle (48),86,telephone,telephone (86),67.0,False,False,False
vehicles_1,車輛 1,random,vehicles1_random_seed1_k5,1,48,摩托車 / motorcycle (48),87,television,television (87),78.0,False,False,False
vehicles_1,車輛 1,random,vehicles1_random_seed1_k5,1,48,摩托車 / motorcycle (48),88,tiger,tiger (88),81.0,False,False,False
vehicles_1,車輛 1,random,vehicles1_random_seed1_k5,1,48,摩托車 / motorcycle (48),89,tractor,tractor (89),84.0,False,False,False
vehicles_1,車輛 1,random,vehicles1_random_seed1_k5,1,48,摩托車 / motorcycle (48),90,train,火車 / train (90),84.0,False,False,True
vehicles_1,車輛 1,random,vehicles1_random_seed1_k5,1,48,摩托車 / motorcycle (48),91,trout,trout (91),77.0,False,False,False
vehicles_1,車輛 1,random,vehicles1_random_seed1_k5,1,48,摩托車 / motorcycle (48),92,tulip,鬱金香 / tulip (92),59.0,False,False,False
vehicles_1,車輛 1,random,vehicles1_random_seed1_k5,1,48,摩托車 / motorcycle (48),93,turtle,turtle (93),58.0,False,False,False
vehicles_1,車輛 1,random,vehicles1_random_seed1_k5,1,48,摩托車 / motorcycle (48),94,wardrobe,wardrobe (94),91.0,False,False,False
vehicles_1,車輛 1,random,vehicles1_random_seed1_k5,1,48,摩托車 / motorcycle (48),95,whale,whale (95),75.0,False,False,False
vehicles_1,車輛 1,random,vehicles1_random_seed1_k5,1,48,摩托車 / motorcycle (48),96,willow_tree,willow_tree (96),64.0,False,False,False
vehicles_1,車輛 1,random,vehicles1_random_seed1_k5,1,48,摩托車 / motorcycle (48),97,wolf,wolf (97),76.0,False,False,False
vehicles_1,車輛 1,random,vehicles1_random_seed1_k5,1,48,摩托車 / motorcycle (48),98,woman,woman (98),52.0,False,False,False
vehicles_1,車輛 1,random,vehicles1_random_seed1_k5,1,48,摩托車 / motorcycle (48),99,worm,worm (99),74.0,False,False,False
vehicles_1,車輛 1,random,vehicles1_random_seed1_k5,2,8,腳踏車 / bicycle (8),0,apple,apple (0),89.0,False,False,False
vehicles_1,車輛 1,random,vehicles1_random_seed1_k5,2,8,腳踏車 / bicycle (8),1,aquarium_fish,aquarium_fish (1),79.0,False,False,False
vehicles_1,車輛 1,random,vehicles1_random_seed1_k5,2,8,腳踏車 / bicycle (8),2,baby,baby (2),59.0,False,False,False
vehicles_1,車輛 1,random,vehicles1_random_seed1_k5,2,8,腳踏車 / bicycle (8),3,bear,bear (3),50.0,False,False,False
vehicles_1,車輛 1,random,vehicles1_random_seed1_k5,2,8,腳踏車 / bicycle (8),4,beaver,beaver (4),56.0,False,False,False
vehicles_1,車輛 1,random,vehicles1_random_seed1_k5,2,8,腳踏車 / bicycle (8),5,bed,bed (5),70.0,False,False,False
vehicles_1,車輛 1,random,vehicles1_random_seed1_k5,2,8,腳踏車 / bicycle (8),6,bee,bee (6),76.0,False,False,False
vehicles_1,車輛 1,random,vehicles1_random_seed1_k5,2,8,腳踏車 / bicycle (8),7,beetle,beetle (7),77.0,False,False,False
vehicles_1,車輛 1,random,vehicles1_random_seed1_k5,2,8,腳踏車 / bicycle (8),8,bicycle,腳踏車 / bicycle (8),2.0,True,True,True
vehicles_1,車輛 1,random,vehicles1_random_seed1_k5,2,8,腳踏車 / bicycle (8),9,bottle,bottle (9),83.0,False,False,False
vehicles_1,車輛 1,random,vehicles1_random_seed1_k5,2,8,腳踏車 / bicycle (8),10,bowl,bowl (10),45.0,False,False,False
vehicles_1,車輛 1,random,vehicles1_random_seed1_k5,2,8,腳踏車 / bicycle (8),11,boy,boy (11),46.0,False,False,False
vehicles_1,車輛 1,random,vehicles1_random_seed1_k5,2,8,腳踏車 / bicycle (8),12,bridge,bridge (12),80.0,False,False,False
vehicles_1,車輛 1,random,vehicles1_random_seed1_k5,2,8,腳踏車 / bicycle (8),13,bus,公車 / bus (13),65.0,False,False,True
vehicles_1,車輛 1,random,vehicles1_random_seed1_k5,2,8,腳踏車 / bicycle (8),14,butterfly,butterfly (14),52.0,False,False,False
vehicles_1,車輛 1,random,vehicles1_random_seed1_k5,2,8,腳踏車 / bicycle (8),15,camel,駱駝 / camel (15),75.0,False,False,False
vehicles_1,車輛 1,random,vehicles1_random_seed1_k5,2,8,腳踏車 / bicycle (8),16,can,can (16),76.0,False,False,False
vehicles_1,車輛 1,random,vehicles1_random_seed1_k5,2,8,腳踏車 / bicycle (8),17,castle,castle (17),82.0,False,False,False
vehicles_1,車輛 1,random,vehicles1_random_seed1_k5,2,8,腳踏車 / bicycle (8),18,caterpillar,caterpillar (18),64.0,False,False,False
vehicles_1,車輛 1,random,vehicles1_random_seed1_k5,2,8,腳踏車 / bicycle (8),19,cattle,牛 / cattle (19),65.0,False,False,False
vehicles_1,車輛 1,random,vehicles1_random_seed1_k5,2,8,腳踏車 / bicycle (8),20,chair,chair (20),86.0,False,False,False
vehicles_1,車輛 1,random,vehicles1_random_seed1_k5,2,8,腳踏車 / bicycle (8),21,chimpanzee,黑猩猩 / chimpanzee (21),85.0,False,False,False
vehicles_1,車輛 1,random,vehicles1_random_seed1_k5,2,8,腳踏車 / bicycle (8),22,clock,clock (22),68.0,False,False,False
vehicles_1,車輛 1,random,vehicles1_random_seed1_k5,2,8,腳踏車 / bicycle (8),23,cloud,cloud (23),82.0,False,False,False
vehicles_1,車輛 1,random,vehicles1_random_seed1_k5,2,8,腳踏車 / bicycle (8),24,cockroach,cockroach (24),78.0,False,False,False
vehicles_1,車輛 1,random,vehicles1_random_seed1_k5,2,8,腳踏車 / bicycle (8),25,couch,couch (25),56.0,False,False,False
vehicles_1,車輛 1,random,vehicles1_random_seed1_k5,2,8,腳踏車 / bicycle (8),26,crab,crab (26),65.0,False,False,False
vehicles_1,車輛 1,random,vehicles1_random_seed1_k5,2,8,腳踏車 / bicycle (8),27,crocodile,crocodile (27),56.0,False,False,False
vehicles_1,車輛 1,random,vehicles1_random_seed1_k5,2,8,腳踏車 / bicycle (8),28,cup,cup (28),74.0,False,False,False
vehicles_1,車輛 1,random,vehicles1_random_seed1_k5,2,8,腳踏車 / bicycle (8),29,dinosaur,dinosaur (29),63.0,False,False,False
vehicles_1,車輛 1,random,vehicles1_random_seed1_k5,2,8,腳踏車 / bicycle (8),30,dolphin,dolphin (30),66.0,False,False,False
vehicles_1,車輛 1,random,vehicles1_random_seed1_k5,2,8,腳踏車 / bicycle (8),31,elephant,大象 / elephant (31),66.0,False,False,False
vehicles_1,車輛 1,random,vehicles1_random_seed1_k5,2,8,腳踏車 / bicycle (8),32,flatfish,flatfish (32),62.0,False,False,False
vehicles_1,車輛 1,random,vehicles1_random_seed1_k5,2,8,腳踏車 / bicycle (8),33,forest,forest (33),59.0,False,False,False
vehicles_1,車輛 1,random,vehicles1_random_seed1_k5,2,8,腳踏車 / bicycle (8),34,fox,fox (34),75.0,False,False,False
vehicles_1,車輛 1,random,vehicles1_random_seed1_k5,2,8,腳踏車 / bicycle (8),35,girl,girl (35),49.0,False,False,False
vehicles_1,車輛 1,random,vehicles1_random_seed1_k5,2,8,腳踏車 / bicycle (8),36,hamster,hamster (36),83.0,False,False,False
vehicles_1,車輛 1,random,vehicles1_random_seed1_k5,2,8,腳踏車 / bicycle (8),37,house,house (37),77.0,False,False,False
vehicles_1,車輛 1,random,vehicles1_random_seed1_k5,2,8,腳踏車 / bicycle (8),38,kangaroo,袋鼠 / kangaroo (38),65.0,False,False,False
vehicles_1,車輛 1,random,vehicles1_random_seed1_k5,2,8,腳踏車 / bicycle (8),39,keyboard,keyboard (39),78.0,False,False,False
vehicles_1,車輛 1,random,vehicles1_random_seed1_k5,2,8,腳踏車 / bicycle (8),40,lamp,lamp (40),60.0,False,False,False
vehicles_1,車輛 1,random,vehicles1_random_seed1_k5,2,8,腳踏車 / bicycle (8),41,lawn_mower,lawn_mower (41),88.0,False,False,False
vehicles_1,車輛 1,random,vehicles1_random_seed1_k5,2,8,腳踏車 / bicycle (8),42,leopard,leopard (42),73.0,False,False,False
vehicles_1,車輛 1,random,vehicles1_random_seed1_k5,2,8,腳踏車 / bicycle (8),43,lion,lion (43),84.0,False,False,False
vehicles_1,車輛 1,random,vehicles1_random_seed1_k5,2,8,腳踏車 / bicycle (8),44,lizard,lizard (44),44.0,False,False,False
vehicles_1,車輛 1,random,vehicles1_random_seed1_k5,2,8,腳踏車 / bicycle (8),45,lobster,lobster (45),64.0,False,False,False
vehicles_1,車輛 1,random,vehicles1_random_seed1_k5,2,8,腳踏車 / bicycle (8),46,man,man (46),53.0,False,False,False
vehicles_1,車輛 1,random,vehicles1_random_seed1_k5,2,8,腳踏車 / bicycle (8),47,maple_tree,maple_tree (47),65.0,False,False,False
vehicles_1,車輛 1,random,vehicles1_random_seed1_k5,2,8,腳踏車 / bicycle (8),48,motorcycle,摩托車 / motorcycle (48),0.0,True,False,True
vehicles_1,車輛 1,random,vehicles1_random_seed1_k5,2,8,腳踏車 / bicycle (8),49,mountain,mountain (49),82.0,False,False,False
vehicles_1,車輛 1,random,vehicles1_random_seed1_k5,2,8,腳踏車 / bicycle (8),50,mouse,mouse (50),54.0,False,False,False
vehicles_1,車輛 1,random,vehicles1_random_seed1_k5,2,8,腳踏車 / bicycle (8),51,mushroom,mushroom (51),70.0,False,False,False
vehicles_1,車輛 1,random,vehicles1_random_seed1_k5,2,8,腳踏車 / bicycle (8),52,oak_tree,oak_tree (52),64.0,False,False,False
vehicles_1,車輛 1,random,vehicles1_random_seed1_k5,2,8,腳踏車 / bicycle (8),53,orange,orange (53),91.0,False,False,False
vehicles_1,車輛 1,random,vehicles1_random_seed1_k5,2,8,腳踏車 / bicycle (8),54,orchid,蘭花 / orchid (54),82.0,False,False,False
vehicles_1,車輛 1,random,vehicles1_random_seed1_k5,2,8,腳踏車 / bicycle (8),55,otter,otter (55),39.0,False,False,False
vehicles_1,車輛 1,random,vehicles1_random_seed1_k5,2,8,腳踏車 / bicycle (8),56,palm_tree,palm_tree (56),87.0,False,False,False
vehicles_1,車輛 1,random,vehicles1_random_seed1_k5,2,8,腳踏車 / bicycle (8),57,pear,pear (57),76.0,False,False,False
vehicles_1,車輛 1,random,vehicles1_random_seed1_k5,2,8,腳踏車 / bicycle (8),58,pickup_truck,皮卡車 / pickup_truck (58),87.0,False,False,True
vehicles_1,車輛 1,random,vehicles1_random_seed1_k5,2,8,腳踏車 / bicycle (8),59,pine_tree,pine_tree (59),70.0,False,False,False
vehicles_1,車輛 1,random,vehicles1_random_seed1_k5,2,8,腳踏車 / bicycle (8),60,plain,plain (60),86.0,False,False,False
vehicles_1,車輛 1,random,vehicles1_random_seed1_k5,2,8,腳踏車 / bicycle (8),61,plate,plate (61),69.0,False,False,False
vehicles_1,車輛 1,random,vehicles1_random_seed1_k5,2,8,腳踏車 / bicycle (8),62,poppy,罌粟花 / poppy (62),80.0,False,False,False
vehicles_1,車輛 1,random,vehicles1_random_seed1_k5,2,8,腳踏車 / bicycle (8),63,porcupine,porcupine (63),70.0,False,False,False
vehicles_1,車輛 1,random,vehicles1_random_seed1_k5,2,8,腳踏車 / bicycle (8),64,possum,possum (64),51.0,False,False,False
vehicles_1,車輛 1,random,vehicles1_random_seed1_k5,2,8,腳踏車 / bicycle (8),65,rabbit,rabbit (65),56.0,False,False,False
vehicles_1,車輛 1,random,vehicles1_random_seed1_k5,2,8,腳踏車 / bicycle (8),66,raccoon,raccoon (66),81.0,False,False,False
vehicles_1,車輛 1,random,vehicles1_random_seed1_k5,2,8,腳踏車 / bicycle (8),67,ray,ray (67),56.0,False,False,False
vehicles_1,車輛 1,random,vehicles1_random_seed1_k5,2,8,腳踏車 / bicycle (8),68,road,road (68),94.0,False,False,False
vehicles_1,車輛 1,random,vehicles1_random_seed1_k5,2,8,腳踏車 / bicycle (8),69,rocket,rocket (69),81.0,False,False,False
vehicles_1,車輛 1,random,vehicles1_random_seed1_k5,2,8,腳踏車 / bicycle (8),70,rose,玫瑰 / rose (70),71.0,False,False,False
vehicles_1,車輛 1,random,vehicles1_random_seed1_k5,2,8,腳踏車 / bicycle (8),71,sea,sea (71),78.0,False,False,False
vehicles_1,車輛 1,random,vehicles1_random_seed1_k5,2,8,腳踏車 / bicycle (8),72,seal,seal (72),44.0,False,False,False
vehicles_1,車輛 1,random,vehicles1_random_seed1_k5,2,8,腳踏車 / bicycle (8),73,shark,shark (73),60.0,False,False,False
vehicles_1,車輛 1,random,vehicles1_random_seed1_k5,2,8,腳踏車 / bicycle (8),74,shrew,shrew (74),47.0,False,False,False
vehicles_1,車輛 1,random,vehicles1_random_seed1_k5,2,8,腳踏車 / bicycle (8),75,skunk,skunk (75),90.0,False,False,False
vehicles_1,車輛 1,random,vehicles1_random_seed1_k5,2,8,腳踏車 / bicycle (8),76,skyscraper,skyscraper (76),88.0,False,False,False
vehicles_1,車輛 1,random,vehicles1_random_seed1_k5,2,8,腳踏車 / bicycle (8),77,snail,snail (77),64.0,False,False,False
vehicles_1,車輛 1,random,vehicles1_random_seed1_k5,2,8,腳踏車 / bicycle (8),78,snake,snake (78),61.0,False,False,False
vehicles_1,車輛 1,random,vehicles1_random_seed1_k5,2,8,腳踏車 / bicycle (8),79,spider,spider (79),69.0,False,False,False
vehicles_1,車輛 1,random,vehicles1_random_seed1_k5,2,8,腳踏車 / bicycle (8),80,squirrel,squirrel (80),52.0,False,False,False
vehicles_1,車輛 1,random,vehicles1_random_seed1_k5,2,8,腳踏車 / bicycle (8),81,streetcar,streetcar (81),77.0,False,False,False
vehicles_1,車輛 1,random,vehicles1_random_seed1_k5,2,8,腳踏車 / bicycle (8),82,sunflower,向日葵 / sunflower (82),91.0,False,False,False
vehicles_1,車輛 1,random,vehicles1_random_seed1_k5,2,8,腳踏車 / bicycle (8),83,sweet_pepper,sweet_pepper (83),69.0,False,False,False
vehicles_1,車輛 1,random,vehicles1_random_seed1_k5,2,8,腳踏車 / bicycle (8),84,table,table (84),70.0,False,False,False
vehicles_1,車輛 1,random,vehicles1_random_seed1_k5,2,8,腳踏車 / bicycle (8),85,tank,tank (85),72.0,False,False,False
vehicles_1,車輛 1,random,vehicles1_random_seed1_k5,2,8,腳踏車 / bicycle (8),86,telephone,telephone (86),69.0,False,False,False
vehicles_1,車輛 1,random,vehicles1_random_seed1_k5,2,8,腳踏車 / bicycle (8),87,television,television (87),80.0,False,False,False
vehicles_1,車輛 1,random,vehicles1_random_seed1_k5,2,8,腳踏車 / bicycle (8),88,tiger,tiger (88),79.0,False,False,False
vehicles_1,車輛 1,random,vehicles1_random_seed1_k5,2,8,腳踏車 / bicycle (8),89,tractor,tractor (89),85.0,False,False,False
vehicles_1,車輛 1,random,vehicles1_random_seed1_k5,2,8,腳踏車 / bicycle (8),90,train,火車 / train (90),85.0,False,False,True
vehicles_1,車輛 1,random,vehicles1_random_seed1_k5,2,8,腳踏車 / bicycle (8),91,trout,trout (91),77.0,False,False,False
vehicles_1,車輛 1,random,vehicles1_random_seed1_k5,2,8,腳踏車 / bicycle (8),92,tulip,鬱金香 / tulip (92),62.0,False,False,False
vehicles_1,車輛 1,random,vehicles1_random_seed1_k5,2,8,腳踏車 / bicycle (8),93,turtle,turtle (93),59.0,False,False,False
vehicles_1,車輛 1,random,vehicles1_random_seed1_k5,2,8,腳踏車 / bicycle (8),94,wardrobe,wardrobe (94),90.0,False,False,False
vehicles_1,車輛 1,random,vehicles1_random_seed1_k5,2,8,腳踏車 / bicycle (8),95,whale,whale (95),75.0,False,False,False
vehicles_1,車輛 1,random,vehicles1_random_seed1_k5,2,8,腳踏車 / bicycle (8),96,willow_tree,willow_tree (96),65.0,False,False,False
vehicles_1,車輛 1,random,vehicles1_random_seed1_k5,2,8,腳踏車 / bicycle (8),97,wolf,wolf (97),76.0,False,False,False
vehicles_1,車輛 1,random,vehicles1_random_seed1_k5,2,8,腳踏車 / bicycle (8),98,woman,woman (98),49.0,False,False,False
vehicles_1,車輛 1,random,vehicles1_random_seed1_k5,2,8,腳踏車 / bicycle (8),99,worm,worm (99),71.0,False,False,False
vehicles_1,車輛 1,random,vehicles1_random_seed1_k5,3,90,火車 / train (90),0,apple,apple (0),89.0,False,False,False
vehicles_1,車輛 1,random,vehicles1_random_seed1_k5,3,90,火車 / train (90),1,aquarium_fish,aquarium_fish (1),79.0,False,False,False
vehicles_1,車輛 1,random,vehicles1_random_seed1_k5,3,90,火車 / train (90),2,baby,baby (2),59.0,False,False,False
vehicles_1,車輛 1,random,vehicles1_random_seed1_k5,3,90,火車 / train (90),3,bear,bear (3),52.0,False,False,False
vehicles_1,車輛 1,random,vehicles1_random_seed1_k5,3,90,火車 / train (90),4,beaver,beaver (4),53.0,False,False,False
vehicles_1,車輛 1,random,vehicles1_random_seed1_k5,3,90,火車 / train (90),5,bed,bed (5),70.0,False,False,False
vehicles_1,車輛 1,random,vehicles1_random_seed1_k5,3,90,火車 / train (90),6,bee,bee (6),78.0,False,False,False
vehicles_1,車輛 1,random,vehicles1_random_seed1_k5,3,90,火車 / train (90),7,beetle,beetle (7),71.0,False,False,False
vehicles_1,車輛 1,random,vehicles1_random_seed1_k5,3,90,火車 / train (90),8,bicycle,腳踏車 / bicycle (8),29.0,True,False,True
vehicles_1,車輛 1,random,vehicles1_random_seed1_k5,3,90,火車 / train (90),9,bottle,bottle (9),81.0,False,False,False
vehicles_1,車輛 1,random,vehicles1_random_seed1_k5,3,90,火車 / train (90),10,bowl,bowl (10),46.0,False,False,False
vehicles_1,車輛 1,random,vehicles1_random_seed1_k5,3,90,火車 / train (90),11,boy,boy (11),47.0,False,False,False
vehicles_1,車輛 1,random,vehicles1_random_seed1_k5,3,90,火車 / train (90),12,bridge,bridge (12),80.0,False,False,False
vehicles_1,車輛 1,random,vehicles1_random_seed1_k5,3,90,火車 / train (90),13,bus,公車 / bus (13),64.0,False,False,True
vehicles_1,車輛 1,random,vehicles1_random_seed1_k5,3,90,火車 / train (90),14,butterfly,butterfly (14),53.0,False,False,False
vehicles_1,車輛 1,random,vehicles1_random_seed1_k5,3,90,火車 / train (90),15,camel,駱駝 / camel (15),74.0,False,False,False
vehicles_1,車輛 1,random,vehicles1_random_seed1_k5,3,90,火車 / train (90),16,can,can (16),75.0,False,False,False
vehicles_1,車輛 1,random,vehicles1_random_seed1_k5,3,90,火車 / train (90),17,castle,castle (17),82.0,False,False,False
vehicles_1,車輛 1,random,vehicles1_random_seed1_k5,3,90,火車 / train (90),18,caterpillar,caterpillar (18),68.0,False,False,False
vehicles_1,車輛 1,random,vehicles1_random_seed1_k5,3,90,火車 / train (90),19,cattle,牛 / cattle (19),66.0,False,False,False
vehicles_1,車輛 1,random,vehicles1_random_seed1_k5,3,90,火車 / train (90),20,chair,chair (20),86.0,False,False,False
vehicles_1,車輛 1,random,vehicles1_random_seed1_k5,3,90,火車 / train (90),21,chimpanzee,黑猩猩 / chimpanzee (21),84.0,False,False,False
vehicles_1,車輛 1,random,vehicles1_random_seed1_k5,3,90,火車 / train (90),22,clock,clock (22),66.0,False,False,False
vehicles_1,車輛 1,random,vehicles1_random_seed1_k5,3,90,火車 / train (90),23,cloud,cloud (23),81.0,False,False,False
vehicles_1,車輛 1,random,vehicles1_random_seed1_k5,3,90,火車 / train (90),24,cockroach,cockroach (24),79.0,False,False,False
vehicles_1,車輛 1,random,vehicles1_random_seed1_k5,3,90,火車 / train (90),25,couch,couch (25),58.0,False,False,False
vehicles_1,車輛 1,random,vehicles1_random_seed1_k5,3,90,火車 / train (90),26,crab,crab (26),64.0,False,False,False
vehicles_1,車輛 1,random,vehicles1_random_seed1_k5,3,90,火車 / train (90),27,crocodile,crocodile (27),52.0,False,False,False
vehicles_1,車輛 1,random,vehicles1_random_seed1_k5,3,90,火車 / train (90),28,cup,cup (28),75.0,False,False,False
vehicles_1,車輛 1,random,vehicles1_random_seed1_k5,3,90,火車 / train (90),29,dinosaur,dinosaur (29),65.0,False,False,False
vehicles_1,車輛 1,random,vehicles1_random_seed1_k5,3,90,火車 / train (90),30,dolphin,dolphin (30),67.0,False,False,False
vehicles_1,車輛 1,random,vehicles1_random_seed1_k5,3,90,火車 / train (90),31,elephant,大象 / elephant (31),66.0,False,False,False
vehicles_1,車輛 1,random,vehicles1_random_seed1_k5,3,90,火車 / train (90),32,flatfish,flatfish (32),62.0,False,False,False
vehicles_1,車輛 1,random,vehicles1_random_seed1_k5,3,90,火車 / train (90),33,forest,forest (33),59.0,False,False,False
vehicles_1,車輛 1,random,vehicles1_random_seed1_k5,3,90,火車 / train (90),34,fox,fox (34),74.0,False,False,False
vehicles_1,車輛 1,random,vehicles1_random_seed1_k5,3,90,火車 / train (90),35,girl,girl (35),47.0,False,False,False
vehicles_1,車輛 1,random,vehicles1_random_seed1_k5,3,90,火車 / train (90),36,hamster,hamster (36),80.0,False,False,False
vehicles_1,車輛 1,random,vehicles1_random_seed1_k5,3,90,火車 / train (90),37,house,house (37),75.0,False,False,False
vehicles_1,車輛 1,random,vehicles1_random_seed1_k5,3,90,火車 / train (90),38,kangaroo,袋鼠 / kangaroo (38),64.0,False,False,False
vehicles_1,車輛 1,random,vehicles1_random_seed1_k5,3,90,火車 / train (90),39,keyboard,keyboard (39),79.0,False,False,False
vehicles_1,車輛 1,random,vehicles1_random_seed1_k5,3,90,火車 / train (90),40,lamp,lamp (40),59.0,False,False,False
vehicles_1,車輛 1,random,vehicles1_random_seed1_k5,3,90,火車 / train (90),41,lawn_mower,lawn_mower (41),87.0,False,False,False
vehicles_1,車輛 1,random,vehicles1_random_seed1_k5,3,90,火車 / train (90),42,leopard,leopard (42),74.0,False,False,False
vehicles_1,車輛 1,random,vehicles1_random_seed1_k5,3,90,火車 / train (90),43,lion,lion (43),84.0,False,False,False
vehicles_1,車輛 1,random,vehicles1_random_seed1_k5,3,90,火車 / train (90),44,lizard,lizard (44),47.0,False,False,False
vehicles_1,車輛 1,random,vehicles1_random_seed1_k5,3,90,火車 / train (90),45,lobster,lobster (45),66.0,False,False,False
vehicles_1,車輛 1,random,vehicles1_random_seed1_k5,3,90,火車 / train (90),46,man,man (46),48.0,False,False,False
vehicles_1,車輛 1,random,vehicles1_random_seed1_k5,3,90,火車 / train (90),47,maple_tree,maple_tree (47),69.0,False,False,False
vehicles_1,車輛 1,random,vehicles1_random_seed1_k5,3,90,火車 / train (90),48,motorcycle,摩托車 / motorcycle (48),0.0,True,False,True
vehicles_1,車輛 1,random,vehicles1_random_seed1_k5,3,90,火車 / train (90),49,mountain,mountain (49),84.0,False,False,False
vehicles_1,車輛 1,random,vehicles1_random_seed1_k5,3,90,火車 / train (90),50,mouse,mouse (50),51.0,False,False,False
vehicles_1,車輛 1,random,vehicles1_random_seed1_k5,3,90,火車 / train (90),51,mushroom,mushroom (51),71.0,False,False,False
vehicles_1,車輛 1,random,vehicles1_random_seed1_k5,3,90,火車 / train (90),52,oak_tree,oak_tree (52),69.0,False,False,False
vehicles_1,車輛 1,random,vehicles1_random_seed1_k5,3,90,火車 / train (90),53,orange,orange (53),90.0,False,False,False
vehicles_1,車輛 1,random,vehicles1_random_seed1_k5,3,90,火車 / train (90),54,orchid,蘭花 / orchid (54),81.0,False,False,False
vehicles_1,車輛 1,random,vehicles1_random_seed1_k5,3,90,火車 / train (90),55,otter,otter (55),44.0,False,False,False
vehicles_1,車輛 1,random,vehicles1_random_seed1_k5,3,90,火車 / train (90),56,palm_tree,palm_tree (56),87.0,False,False,False
vehicles_1,車輛 1,random,vehicles1_random_seed1_k5,3,90,火車 / train (90),57,pear,pear (57),77.0,False,False,False
vehicles_1,車輛 1,random,vehicles1_random_seed1_k5,3,90,火車 / train (90),58,pickup_truck,皮卡車 / pickup_truck (58),87.0,False,False,True
vehicles_1,車輛 1,random,vehicles1_random_seed1_k5,3,90,火車 / train (90),59,pine_tree,pine_tree (59),72.0,False,False,False
vehicles_1,車輛 1,random,vehicles1_random_seed1_k5,3,90,火車 / train (90),60,plain,plain (60),84.0,False,False,False
vehicles_1,車輛 1,random,vehicles1_random_seed1_k5,3,90,火車 / train (90),61,plate,plate (61),70.0,False,False,False
vehicles_1,車輛 1,random,vehicles1_random_seed1_k5,3,90,火車 / train (90),62,poppy,罌粟花 / poppy (62),80.0,False,False,False
vehicles_1,車輛 1,random,vehicles1_random_seed1_k5,3,90,火車 / train (90),63,porcupine,porcupine (63),72.0,False,False,False
vehicles_1,車輛 1,random,vehicles1_random_seed1_k5,3,90,火車 / train (90),64,possum,possum (64),49.0,False,False,False
vehicles_1,車輛 1,random,vehicles1_random_seed1_k5,3,90,火車 / train (90),65,rabbit,rabbit (65),57.0,False,False,False
vehicles_1,車輛 1,random,vehicles1_random_seed1_k5,3,90,火車 / train (90),66,raccoon,raccoon (66),79.0,False,False,False
vehicles_1,車輛 1,random,vehicles1_random_seed1_k5,3,90,火車 / train (90),67,ray,ray (67),56.0,False,False,False
vehicles_1,車輛 1,random,vehicles1_random_seed1_k5,3,90,火車 / train (90),68,road,road (68),93.0,False,False,False
vehicles_1,車輛 1,random,vehicles1_random_seed1_k5,3,90,火車 / train (90),69,rocket,rocket (69),77.0,False,False,False
vehicles_1,車輛 1,random,vehicles1_random_seed1_k5,3,90,火車 / train (90),70,rose,玫瑰 / rose (70),71.0,False,False,False
vehicles_1,車輛 1,random,vehicles1_random_seed1_k5,3,90,火車 / train (90),71,sea,sea (71),77.0,False,False,False
vehicles_1,車輛 1,random,vehicles1_random_seed1_k5,3,90,火車 / train (90),72,seal,seal (72),42.0,False,False,False
vehicles_1,車輛 1,random,vehicles1_random_seed1_k5,3,90,火車 / train (90),73,shark,shark (73),57.0,False,False,False
vehicles_1,車輛 1,random,vehicles1_random_seed1_k5,3,90,火車 / train (90),74,shrew,shrew (74),47.0,False,False,False
vehicles_1,車輛 1,random,vehicles1_random_seed1_k5,3,90,火車 / train (90),75,skunk,skunk (75),88.0,False,False,False
vehicles_1,車輛 1,random,vehicles1_random_seed1_k5,3,90,火車 / train (90),76,skyscraper,skyscraper (76),86.0,False,False,False
vehicles_1,車輛 1,random,vehicles1_random_seed1_k5,3,90,火車 / train (90),77,snail,snail (77),65.0,False,False,False
vehicles_1,車輛 1,random,vehicles1_random_seed1_k5,3,90,火車 / train (90),78,snake,snake (78),59.0,False,False,False
vehicles_1,車輛 1,random,vehicles1_random_seed1_k5,3,90,火車 / train (90),79,spider,spider (79),70.0,False,False,False
vehicles_1,車輛 1,random,vehicles1_random_seed1_k5,3,90,火車 / train (90),80,squirrel,squirrel (80),57.0,False,False,False
vehicles_1,車輛 1,random,vehicles1_random_seed1_k5,3,90,火車 / train (90),81,streetcar,streetcar (81),76.0,False,False,False
vehicles_1,車輛 1,random,vehicles1_random_seed1_k5,3,90,火車 / train (90),82,sunflower,向日葵 / sunflower (82),91.0,False,False,False
vehicles_1,車輛 1,random,vehicles1_random_seed1_k5,3,90,火車 / train (90),83,sweet_pepper,sweet_pepper (83),66.0,False,False,False
vehicles_1,車輛 1,random,vehicles1_random_seed1_k5,3,90,火車 / train (90),84,table,table (84),70.0,False,False,False
vehicles_1,車輛 1,random,vehicles1_random_seed1_k5,3,90,火車 / train (90),85,tank,tank (85),78.0,False,False,False
vehicles_1,車輛 1,random,vehicles1_random_seed1_k5,3,90,火車 / train (90),86,telephone,telephone (86),69.0,False,False,False
vehicles_1,車輛 1,random,vehicles1_random_seed1_k5,3,90,火車 / train (90),87,television,television (87),78.0,False,False,False
vehicles_1,車輛 1,random,vehicles1_random_seed1_k5,3,90,火車 / train (90),88,tiger,tiger (88),80.0,False,False,False
vehicles_1,車輛 1,random,vehicles1_random_seed1_k5,3,90,火車 / train (90),89,tractor,tractor (89),85.0,False,False,False
vehicles_1,車輛 1,random,vehicles1_random_seed1_k5,3,90,火車 / train (90),90,train,火車 / train (90),0.0,True,True,True
vehicles_1,車輛 1,random,vehicles1_random_seed1_k5,3,90,火車 / train (90),91,trout,trout (91),78.0,False,False,False
vehicles_1,車輛 1,random,vehicles1_random_seed1_k5,3,90,火車 / train (90),92,tulip,鬱金香 / tulip (92),61.0,False,False,False
vehicles_1,車輛 1,random,vehicles1_random_seed1_k5,3,90,火車 / train (90),93,turtle,turtle (93),59.0,False,False,False
vehicles_1,車輛 1,random,vehicles1_random_seed1_k5,3,90,火車 / train (90),94,wardrobe,wardrobe (94),91.0,False,False,False
vehicles_1,車輛 1,random,vehicles1_random_seed1_k5,3,90,火車 / train (90),95,whale,whale (95),75.0,False,False,False
vehicles_1,車輛 1,random,vehicles1_random_seed1_k5,3,90,火車 / train (90),96,willow_tree,willow_tree (96),64.0,False,False,False
vehicles_1,車輛 1,random,vehicles1_random_seed1_k5,3,90,火車 / train (90),97,wolf,wolf (97),76.0,False,False,False
vehicles_1,車輛 1,random,vehicles1_random_seed1_k5,3,90,火車 / train (90),98,woman,woman (98),52.0,False,False,False
vehicles_1,車輛 1,random,vehicles1_random_seed1_k5,3,90,火車 / train (90),99,worm,worm (99),71.0,False,False,False
vehicles_1,車輛 1,random,vehicles1_random_seed1_k5,4,13,公車 / bus (13),0,apple,apple (0),88.0,False,False,False
vehicles_1,車輛 1,random,vehicles1_random_seed1_k5,4,13,公車 / bus (13),1,aquarium_fish,aquarium_fish (1),79.0,False,False,False
vehicles_1,車輛 1,random,vehicles1_random_seed1_k5,4,13,公車 / bus (13),2,baby,baby (2),61.0,False,False,False
vehicles_1,車輛 1,random,vehicles1_random_seed1_k5,4,13,公車 / bus (13),3,bear,bear (3),51.0,False,False,False
vehicles_1,車輛 1,random,vehicles1_random_seed1_k5,4,13,公車 / bus (13),4,beaver,beaver (4),60.0,False,False,False
vehicles_1,車輛 1,random,vehicles1_random_seed1_k5,4,13,公車 / bus (13),5,bed,bed (5),71.0,False,False,False
vehicles_1,車輛 1,random,vehicles1_random_seed1_k5,4,13,公車 / bus (13),6,bee,bee (6),79.0,False,False,False
vehicles_1,車輛 1,random,vehicles1_random_seed1_k5,4,13,公車 / bus (13),7,beetle,beetle (7),78.0,False,False,False
vehicles_1,車輛 1,random,vehicles1_random_seed1_k5,4,13,公車 / bus (13),8,bicycle,腳踏車 / bicycle (8),41.0,True,False,True
vehicles_1,車輛 1,random,vehicles1_random_seed1_k5,4,13,公車 / bus (13),9,bottle,bottle (9),80.0,False,False,False
vehicles_1,車輛 1,random,vehicles1_random_seed1_k5,4,13,公車 / bus (13),10,bowl,bowl (10),45.0,False,False,False
vehicles_1,車輛 1,random,vehicles1_random_seed1_k5,4,13,公車 / bus (13),11,boy,boy (11),45.0,False,False,False
vehicles_1,車輛 1,random,vehicles1_random_seed1_k5,4,13,公車 / bus (13),12,bridge,bridge (12),79.0,False,False,False
vehicles_1,車輛 1,random,vehicles1_random_seed1_k5,4,13,公車 / bus (13),13,bus,公車 / bus (13),0.0,True,True,True
vehicles_1,車輛 1,random,vehicles1_random_seed1_k5,4,13,公車 / bus (13),14,butterfly,butterfly (14),53.0,False,False,False
vehicles_1,車輛 1,random,vehicles1_random_seed1_k5,4,13,公車 / bus (13),15,camel,駱駝 / camel (15),73.0,False,False,False
vehicles_1,車輛 1,random,vehicles1_random_seed1_k5,4,13,公車 / bus (13),16,can,can (16),80.0,False,False,False
vehicles_1,車輛 1,random,vehicles1_random_seed1_k5,4,13,公車 / bus (13),17,castle,castle (17),80.0,False,False,False
vehicles_1,車輛 1,random,vehicles1_random_seed1_k5,4,13,公車 / bus (13),18,caterpillar,caterpillar (18),66.0,False,False,False
vehicles_1,車輛 1,random,vehicles1_random_seed1_k5,4,13,公車 / bus (13),19,cattle,牛 / cattle (19),67.0,False,False,False
vehicles_1,車輛 1,random,vehicles1_random_seed1_k5,4,13,公車 / bus (13),20,chair,chair (20),86.0,False,False,False
vehicles_1,車輛 1,random,vehicles1_random_seed1_k5,4,13,公車 / bus (13),21,chimpanzee,黑猩猩 / chimpanzee (21),86.0,False,False,False
vehicles_1,車輛 1,random,vehicles1_random_seed1_k5,4,13,公車 / bus (13),22,clock,clock (22),65.0,False,False,False
vehicles_1,車輛 1,random,vehicles1_random_seed1_k5,4,13,公車 / bus (13),23,cloud,cloud (23),82.0,False,False,False
vehicles_1,車輛 1,random,vehicles1_random_seed1_k5,4,13,公車 / bus (13),24,cockroach,cockroach (24),78.0,False,False,False
vehicles_1,車輛 1,random,vehicles1_random_seed1_k5,4,13,公車 / bus (13),25,couch,couch (25),54.0,False,False,False
vehicles_1,車輛 1,random,vehicles1_random_seed1_k5,4,13,公車 / bus (13),26,crab,crab (26),64.0,False,False,False
vehicles_1,車輛 1,random,vehicles1_random_seed1_k5,4,13,公車 / bus (13),27,crocodile,crocodile (27),54.0,False,False,False
vehicles_1,車輛 1,random,vehicles1_random_seed1_k5,4,13,公車 / bus (13),28,cup,cup (28),73.0,False,False,False
vehicles_1,車輛 1,random,vehicles1_random_seed1_k5,4,13,公車 / bus (13),29,dinosaur,dinosaur (29),65.0,False,False,False
vehicles_1,車輛 1,random,vehicles1_random_seed1_k5,4,13,公車 / bus (13),30,dolphin,dolphin (30),69.0,False,False,False
vehicles_1,車輛 1,random,vehicles1_random_seed1_k5,4,13,公車 / bus (13),31,elephant,大象 / elephant (31),67.0,False,False,False
vehicles_1,車輛 1,random,vehicles1_random_seed1_k5,4,13,公車 / bus (13),32,flatfish,flatfish (32),66.0,False,False,False
vehicles_1,車輛 1,random,vehicles1_random_seed1_k5,4,13,公車 / bus (13),33,forest,forest (33),59.0,False,False,False
vehicles_1,車輛 1,random,vehicles1_random_seed1_k5,4,13,公車 / bus (13),34,fox,fox (34),77.0,False,False,False
vehicles_1,車輛 1,random,vehicles1_random_seed1_k5,4,13,公車 / bus (13),35,girl,girl (35),49.0,False,False,False
vehicles_1,車輛 1,random,vehicles1_random_seed1_k5,4,13,公車 / bus (13),36,hamster,hamster (36),80.0,False,False,False
vehicles_1,車輛 1,random,vehicles1_random_seed1_k5,4,13,公車 / bus (13),37,house,house (37),77.0,False,False,False
vehicles_1,車輛 1,random,vehicles1_random_seed1_k5,4,13,公車 / bus (13),38,kangaroo,袋鼠 / kangaroo (38),64.0,False,False,False
vehicles_1,車輛 1,random,vehicles1_random_seed1_k5,4,13,公車 / bus (13),39,keyboard,keyboard (39),78.0,False,False,False
vehicles_1,車輛 1,random,vehicles1_random_seed1_k5,4,13,公車 / bus (13),40,lamp,lamp (40),61.0,False,False,False
vehicles_1,車輛 1,random,vehicles1_random_seed1_k5,4,13,公車 / bus (13),41,lawn_mower,lawn_mower (41),90.0,False,False,False
vehicles_1,車輛 1,random,vehicles1_random_seed1_k5,4,13,公車 / bus (13),42,leopard,leopard (42),72.0,False,False,False
vehicles_1,車輛 1,random,vehicles1_random_seed1_k5,4,13,公車 / bus (13),43,lion,lion (43),83.0,False,False,False
vehicles_1,車輛 1,random,vehicles1_random_seed1_k5,4,13,公車 / bus (13),44,lizard,lizard (44),47.0,False,False,False
vehicles_1,車輛 1,random,vehicles1_random_seed1_k5,4,13,公車 / bus (13),45,lobster,lobster (45),66.0,False,False,False
vehicles_1,車輛 1,random,vehicles1_random_seed1_k5,4,13,公車 / bus (13),46,man,man (46),52.0,False,False,False
vehicles_1,車輛 1,random,vehicles1_random_seed1_k5,4,13,公車 / bus (13),47,maple_tree,maple_tree (47),65.0,False,False,False
vehicles_1,車輛 1,random,vehicles1_random_seed1_k5,4,13,公車 / bus (13),48,motorcycle,摩托車 / motorcycle (48),0.0,True,False,True
vehicles_1,車輛 1,random,vehicles1_random_seed1_k5,4,13,公車 / bus (13),49,mountain,mountain (49),86.0,False,False,False
vehicles_1,車輛 1,random,vehicles1_random_seed1_k5,4,13,公車 / bus (13),50,mouse,mouse (50),52.0,False,False,False
vehicles_1,車輛 1,random,vehicles1_random_seed1_k5,4,13,公車 / bus (13),51,mushroom,mushroom (51),72.0,False,False,False
vehicles_1,車輛 1,random,vehicles1_random_seed1_k5,4,13,公車 / bus (13),52,oak_tree,oak_tree (52),66.0,False,False,False
vehicles_1,車輛 1,random,vehicles1_random_seed1_k5,4,13,公車 / bus (13),53,orange,orange (53),89.0,False,False,False
vehicles_1,車輛 1,random,vehicles1_random_seed1_k5,4,13,公車 / bus (13),54,orchid,蘭花 / orchid (54),82.0,False,False,False
vehicles_1,車輛 1,random,vehicles1_random_seed1_k5,4,13,公車 / bus (13),55,otter,otter (55),42.0,False,False,False
vehicles_1,車輛 1,random,vehicles1_random_seed1_k5,4,13,公車 / bus (13),56,palm_tree,palm_tree (56),86.0,False,False,False
vehicles_1,車輛 1,random,vehicles1_random_seed1_k5,4,13,公車 / bus (13),57,pear,pear (57),76.0,False,False,False
vehicles_1,車輛 1,random,vehicles1_random_seed1_k5,4,13,公車 / bus (13),58,pickup_truck,皮卡車 / pickup_truck (58),88.0,False,False,True
vehicles_1,車輛 1,random,vehicles1_random_seed1_k5,4,13,公車 / bus (13),59,pine_tree,pine_tree (59),69.0,False,False,False
vehicles_1,車輛 1,random,vehicles1_random_seed1_k5,4,13,公車 / bus (13),60,plain,plain (60),88.0,False,False,False
vehicles_1,車輛 1,random,vehicles1_random_seed1_k5,4,13,公車 / bus (13),61,plate,plate (61),67.0,False,False,False
vehicles_1,車輛 1,random,vehicles1_random_seed1_k5,4,13,公車 / bus (13),62,poppy,罌粟花 / poppy (62),81.0,False,False,False
vehicles_1,車輛 1,random,vehicles1_random_seed1_k5,4,13,公車 / bus (13),63,porcupine,porcupine (63),70.0,False,False,False
vehicles_1,車輛 1,random,vehicles1_random_seed1_k5,4,13,公車 / bus (13),64,possum,possum (64),52.0,False,False,False
vehicles_1,車輛 1,random,vehicles1_random_seed1_k5,4,13,公車 / bus (13),65,rabbit,rabbit (65),58.0,False,False,False
vehicles_1,車輛 1,random,vehicles1_random_seed1_k5,4,13,公車 / bus (13),66,raccoon,raccoon (66),81.0,False,False,False
vehicles_1,車輛 1,random,vehicles1_random_seed1_k5,4,13,公車 / bus (13),67,ray,ray (67),58.0,False,False,False
vehicles_1,車輛 1,random,vehicles1_random_seed1_k5,4,13,公車 / bus (13),68,road,road (68),92.0,False,False,False
vehicles_1,車輛 1,random,vehicles1_random_seed1_k5,4,13,公車 / bus (13),69,rocket,rocket (69),81.0,False,False,False
vehicles_1,車輛 1,random,vehicles1_random_seed1_k5,4,13,公車 / bus (13),70,rose,玫瑰 / rose (70),71.0,False,False,False
vehicles_1,車輛 1,random,vehicles1_random_seed1_k5,4,13,公車 / bus (13),71,sea,sea (71),78.0,False,False,False
vehicles_1,車輛 1,random,vehicles1_random_seed1_k5,4,13,公車 / bus (13),72,seal,seal (72),42.0,False,False,False
vehicles_1,車輛 1,random,vehicles1_random_seed1_k5,4,13,公車 / bus (13),73,shark,shark (73),63.0,False,False,False
vehicles_1,車輛 1,random,vehicles1_random_seed1_k5,4,13,公車 / bus (13),74,shrew,shrew (74),47.0,False,False,False
vehicles_1,車輛 1,random,vehicles1_random_seed1_k5,4,13,公車 / bus (13),75,skunk,skunk (75),88.0,False,False,False
vehicles_1,車輛 1,random,vehicles1_random_seed1_k5,4,13,公車 / bus (13),76,skyscraper,skyscraper (76),87.0,False,False,False
vehicles_1,車輛 1,random,vehicles1_random_seed1_k5,4,13,公車 / bus (13),77,snail,snail (77),64.0,False,False,False
vehicles_1,車輛 1,random,vehicles1_random_seed1_k5,4,13,公車 / bus (13),78,snake,snake (78),61.0,False,False,False
vehicles_1,車輛 1,random,vehicles1_random_seed1_k5,4,13,公車 / bus (13),79,spider,spider (79),70.0,False,False,False
vehicles_1,車輛 1,random,vehicles1_random_seed1_k5,4,13,公車 / bus (13),80,squirrel,squirrel (80),58.0,False,False,False
vehicles_1,車輛 1,random,vehicles1_random_seed1_k5,4,13,公車 / bus (13),81,streetcar,streetcar (81),78.0,False,False,False
vehicles_1,車輛 1,random,vehicles1_random_seed1_k5,4,13,公車 / bus (13),82,sunflower,向日葵 / sunflower (82),93.0,False,False,False
vehicles_1,車輛 1,random,vehicles1_random_seed1_k5,4,13,公車 / bus (13),83,sweet_pepper,sweet_pepper (83),70.0,False,False,False
vehicles_1,車輛 1,random,vehicles1_random_seed1_k5,4,13,公車 / bus (13),84,table,table (84),69.0,False,False,False
vehicles_1,車輛 1,random,vehicles1_random_seed1_k5,4,13,公車 / bus (13),85,tank,tank (85),74.0,False,False,False
vehicles_1,車輛 1,random,vehicles1_random_seed1_k5,4,13,公車 / bus (13),86,telephone,telephone (86),69.0,False,False,False
vehicles_1,車輛 1,random,vehicles1_random_seed1_k5,4,13,公車 / bus (13),87,television,television (87),81.0,False,False,False
vehicles_1,車輛 1,random,vehicles1_random_seed1_k5,4,13,公車 / bus (13),88,tiger,tiger (88),78.0,False,False,False
vehicles_1,車輛 1,random,vehicles1_random_seed1_k5,4,13,公車 / bus (13),89,tractor,tractor (89),86.0,False,False,False
vehicles_1,車輛 1,random,vehicles1_random_seed1_k5,4,13,公車 / bus (13),90,train,火車 / train (90),0.0,True,False,True
vehicles_1,車輛 1,random,vehicles1_random_seed1_k5,4,13,公車 / bus (13),91,trout,trout (91),78.0,False,False,False
vehicles_1,車輛 1,random,vehicles1_random_seed1_k5,4,13,公車 / bus (13),92,tulip,鬱金香 / tulip (92),62.0,False,False,False
vehicles_1,車輛 1,random,vehicles1_random_seed1_k5,4,13,公車 / bus (13),93,turtle,turtle (93),59.0,False,False,False
vehicles_1,車輛 1,random,vehicles1_random_seed1_k5,4,13,公車 / bus (13),94,wardrobe,wardrobe (94),91.0,False,False,False
vehicles_1,車輛 1,random,vehicles1_random_seed1_k5,4,13,公車 / bus (13),95,whale,whale (95),73.0,False,False,False
vehicles_1,車輛 1,random,vehicles1_random_seed1_k5,4,13,公車 / bus (13),96,willow_tree,willow_tree (96),63.0,False,False,False
vehicles_1,車輛 1,random,vehicles1_random_seed1_k5,4,13,公車 / bus (13),97,wolf,wolf (97),76.0,False,False,False
vehicles_1,車輛 1,random,vehicles1_random_seed1_k5,4,13,公車 / bus (13),98,woman,woman (98),47.0,False,False,False
vehicles_1,車輛 1,random,vehicles1_random_seed1_k5,4,13,公車 / bus (13),99,worm,worm (99),68.0,False,False,False
vehicles_1,車輛 1,random,vehicles1_random_seed1_k5,5,58,皮卡車 / pickup_truck (58),0,apple,apple (0),89.0,False,False,False
vehicles_1,車輛 1,random,vehicles1_random_seed1_k5,5,58,皮卡車 / pickup_truck (58),1,aquarium_fish,aquarium_fish (1),80.0,False,False,False
vehicles_1,車輛 1,random,vehicles1_random_seed1_k5,5,58,皮卡車 / pickup_truck (58),2,baby,baby (2),62.0,False,False,False
vehicles_1,車輛 1,random,vehicles1_random_seed1_k5,5,58,皮卡車 / pickup_truck (58),3,bear,bear (3),56.0,False,False,False
vehicles_1,車輛 1,random,vehicles1_random_seed1_k5,5,58,皮卡車 / pickup_truck (58),4,beaver,beaver (4),56.0,False,False,False
vehicles_1,車輛 1,random,vehicles1_random_seed1_k5,5,58,皮卡車 / pickup_truck (58),5,bed,bed (5),73.0,False,False,False
vehicles_1,車輛 1,random,vehicles1_random_seed1_k5,5,58,皮卡車 / pickup_truck (58),6,bee,bee (6),79.0,False,False,False
vehicles_1,車輛 1,random,vehicles1_random_seed1_k5,5,58,皮卡車 / pickup_truck (58),7,beetle,beetle (7),76.0,False,False,False
vehicles_1,車輛 1,random,vehicles1_random_seed1_k5,5,58,皮卡車 / pickup_truck (58),8,bicycle,腳踏車 / bicycle (8),40.0,True,False,True
vehicles_1,車輛 1,random,vehicles1_random_seed1_k5,5,58,皮卡車 / pickup_truck (58),9,bottle,bottle (9),80.0,False,False,False
vehicles_1,車輛 1,random,vehicles1_random_seed1_k5,5,58,皮卡車 / pickup_truck (58),10,bowl,bowl (10),48.0,False,False,False
vehicles_1,車輛 1,random,vehicles1_random_seed1_k5,5,58,皮卡車 / pickup_truck (58),11,boy,boy (11),46.0,False,False,False
vehicles_1,車輛 1,random,vehicles1_random_seed1_k5,5,58,皮卡車 / pickup_truck (58),12,bridge,bridge (12),80.0,False,False,False
vehicles_1,車輛 1,random,vehicles1_random_seed1_k5,5,58,皮卡車 / pickup_truck (58),13,bus,公車 / bus (13),0.0,True,False,True
vehicles_1,車輛 1,random,vehicles1_random_seed1_k5,5,58,皮卡車 / pickup_truck (58),14,butterfly,butterfly (14),56.0,False,False,False
vehicles_1,車輛 1,random,vehicles1_random_seed1_k5,5,58,皮卡車 / pickup_truck (58),15,camel,駱駝 / camel (15),74.0,False,False,False
vehicles_1,車輛 1,random,vehicles1_random_seed1_k5,5,58,皮卡車 / pickup_truck (58),16,can,can (16),76.0,False,False,False
vehicles_1,車輛 1,random,vehicles1_random_seed1_k5,5,58,皮卡車 / pickup_truck (58),17,castle,castle (17),81.0,False,False,False
vehicles_1,車輛 1,random,vehicles1_random_seed1_k5,5,58,皮卡車 / pickup_truck (58),18,caterpillar,caterpillar (18),65.0,False,False,False
vehicles_1,車輛 1,random,vehicles1_random_seed1_k5,5,58,皮卡車 / pickup_truck (58),19,cattle,牛 / cattle (19),67.0,False,False,False
vehicles_1,車輛 1,random,vehicles1_random_seed1_k5,5,58,皮卡車 / pickup_truck (58),20,chair,chair (20),86.0,False,False,False
vehicles_1,車輛 1,random,vehicles1_random_seed1_k5,5,58,皮卡車 / pickup_truck (58),21,chimpanzee,黑猩猩 / chimpanzee (21),85.0,False,False,False
vehicles_1,車輛 1,random,vehicles1_random_seed1_k5,5,58,皮卡車 / pickup_truck (58),22,clock,clock (22),69.0,False,False,False
vehicles_1,車輛 1,random,vehicles1_random_seed1_k5,5,58,皮卡車 / pickup_truck (58),23,cloud,cloud (23),82.0,False,False,False
vehicles_1,車輛 1,random,vehicles1_random_seed1_k5,5,58,皮卡車 / pickup_truck (58),24,cockroach,cockroach (24),78.0,False,False,False
vehicles_1,車輛 1,random,vehicles1_random_seed1_k5,5,58,皮卡車 / pickup_truck (58),25,couch,couch (25),55.0,False,False,False
vehicles_1,車輛 1,random,vehicles1_random_seed1_k5,5,58,皮卡車 / pickup_truck (58),26,crab,crab (26),65.0,False,False,False
vehicles_1,車輛 1,random,vehicles1_random_seed1_k5,5,58,皮卡車 / pickup_truck (58),27,crocodile,crocodile (27),56.0,False,False,False
vehicles_1,車輛 1,random,vehicles1_random_seed1_k5,5,58,皮卡車 / pickup_truck (58),28,cup,cup (28),70.0,False,False,False
vehicles_1,車輛 1,random,vehicles1_random_seed1_k5,5,58,皮卡車 / pickup_truck (58),29,dinosaur,dinosaur (29),65.0,False,False,False
vehicles_1,車輛 1,random,vehicles1_random_seed1_k5,5,58,皮卡車 / pickup_truck (58),30,dolphin,dolphin (30),69.0,False,False,False
vehicles_1,車輛 1,random,vehicles1_random_seed1_k5,5,58,皮卡車 / pickup_truck (58),31,elephant,大象 / elephant (31),67.0,False,False,False
vehicles_1,車輛 1,random,vehicles1_random_seed1_k5,5,58,皮卡車 / pickup_truck (58),32,flatfish,flatfish (32),67.0,False,False,False
vehicles_1,車輛 1,random,vehicles1_random_seed1_k5,5,58,皮卡車 / pickup_truck (58),33,forest,forest (33),58.0,False,False,False
vehicles_1,車輛 1,random,vehicles1_random_seed1_k5,5,58,皮卡車 / pickup_truck (58),34,fox,fox (34),76.0,False,False,False
vehicles_1,車輛 1,random,vehicles1_random_seed1_k5,5,58,皮卡車 / pickup_truck (58),35,girl,girl (35),52.0,False,False,False
vehicles_1,車輛 1,random,vehicles1_random_seed1_k5,5,58,皮卡車 / pickup_truck (58),36,hamster,hamster (36),83.0,False,False,False
vehicles_1,車輛 1,random,vehicles1_random_seed1_k5,5,58,皮卡車 / pickup_truck (58),37,house,house (37),76.0,False,False,False
vehicles_1,車輛 1,random,vehicles1_random_seed1_k5,5,58,皮卡車 / pickup_truck (58),38,kangaroo,袋鼠 / kangaroo (38),65.0,False,False,False
vehicles_1,車輛 1,random,vehicles1_random_seed1_k5,5,58,皮卡車 / pickup_truck (58),39,keyboard,keyboard (39),79.0,False,False,False
vehicles_1,車輛 1,random,vehicles1_random_seed1_k5,5,58,皮卡車 / pickup_truck (58),40,lamp,lamp (40),64.0,False,False,False
vehicles_1,車輛 1,random,vehicles1_random_seed1_k5,5,58,皮卡車 / pickup_truck (58),41,lawn_mower,lawn_mower (41),90.0,False,False,False
vehicles_1,車輛 1,random,vehicles1_random_seed1_k5,5,58,皮卡車 / pickup_truck (58),42,leopard,leopard (42),74.0,False,False,False
vehicles_1,車輛 1,random,vehicles1_random_seed1_k5,5,58,皮卡車 / pickup_truck (58),43,lion,lion (43),83.0,False,False,False
vehicles_1,車輛 1,random,vehicles1_random_seed1_k5,5,58,皮卡車 / pickup_truck (58),44,lizard,lizard (44),39.0,False,False,False
vehicles_1,車輛 1,random,vehicles1_random_seed1_k5,5,58,皮卡車 / pickup_truck (58),45,lobster,lobster (45),65.0,False,False,False
vehicles_1,車輛 1,random,vehicles1_random_seed1_k5,5,58,皮卡車 / pickup_truck (58),46,man,man (46),49.0,False,False,False
vehicles_1,車輛 1,random,vehicles1_random_seed1_k5,5,58,皮卡車 / pickup_truck (58),47,maple_tree,maple_tree (47),65.0,False,False,False
vehicles_1,車輛 1,random,vehicles1_random_seed1_k5,5,58,皮卡車 / pickup_truck (58),48,motorcycle,摩托車 / motorcycle (48),0.0,True,False,True
vehicles_1,車輛 1,random,vehicles1_random_seed1_k5,5,58,皮卡車 / pickup_truck (58),49,mountain,mountain (49),86.0,False,False,False
vehicles_1,車輛 1,random,vehicles1_random_seed1_k5,5,58,皮卡車 / pickup_truck (58),50,mouse,mouse (50),56.0,False,False,False
vehicles_1,車輛 1,random,vehicles1_random_seed1_k5,5,58,皮卡車 / pickup_truck (58),51,mushroom,mushroom (51),71.0,False,False,False
vehicles_1,車輛 1,random,vehicles1_random_seed1_k5,5,58,皮卡車 / pickup_truck (58),52,oak_tree,oak_tree (52),64.0,False,False,False
vehicles_1,車輛 1,random,vehicles1_random_seed1_k5,5,58,皮卡車 / pickup_truck (58),53,orange,orange (53),89.0,False,False,False
vehicles_1,車輛 1,random,vehicles1_random_seed1_k5,5,58,皮卡車 / pickup_truck (58),54,orchid,蘭花 / orchid (54),83.0,False,False,False
vehicles_1,車輛 1,random,vehicles1_random_seed1_k5,5,58,皮卡車 / pickup_truck (58),55,otter,otter (55),41.0,False,False,False
vehicles_1,車輛 1,random,vehicles1_random_seed1_k5,5,58,皮卡車 / pickup_truck (58),56,palm_tree,palm_tree (56),88.0,False,False,False
vehicles_1,車輛 1,random,vehicles1_random_seed1_k5,5,58,皮卡車 / pickup_truck (58),57,pear,pear (57),77.0,False,False,False
vehicles_1,車輛 1,random,vehicles1_random_seed1_k5,5,58,皮卡車 / pickup_truck (58),58,pickup_truck,皮卡車 / pickup_truck (58),0.0,True,True,True
vehicles_1,車輛 1,random,vehicles1_random_seed1_k5,5,58,皮卡車 / pickup_truck (58),59,pine_tree,pine_tree (59),69.0,False,False,False
vehicles_1,車輛 1,random,vehicles1_random_seed1_k5,5,58,皮卡車 / pickup_truck (58),60,plain,plain (60),87.0,False,False,False
vehicles_1,車輛 1,random,vehicles1_random_seed1_k5,5,58,皮卡車 / pickup_truck (58),61,plate,plate (61),66.0,False,False,False
vehicles_1,車輛 1,random,vehicles1_random_seed1_k5,5,58,皮卡車 / pickup_truck (58),62,poppy,罌粟花 / poppy (62),79.0,False,False,False
vehicles_1,車輛 1,random,vehicles1_random_seed1_k5,5,58,皮卡車 / pickup_truck (58),63,porcupine,porcupine (63),70.0,False,False,False
vehicles_1,車輛 1,random,vehicles1_random_seed1_k5,5,58,皮卡車 / pickup_truck (58),64,possum,possum (64),50.0,False,False,False
vehicles_1,車輛 1,random,vehicles1_random_seed1_k5,5,58,皮卡車 / pickup_truck (58),65,rabbit,rabbit (65),59.0,False,False,False
vehicles_1,車輛 1,random,vehicles1_random_seed1_k5,5,58,皮卡車 / pickup_truck (58),66,raccoon,raccoon (66),79.0,False,False,False
vehicles_1,車輛 1,random,vehicles1_random_seed1_k5,5,58,皮卡車 / pickup_truck (58),67,ray,ray (67),56.0,False,False,False
vehicles_1,車輛 1,random,vehicles1_random_seed1_k5,5,58,皮卡車 / pickup_truck (58),68,road,road (68),92.0,False,False,False
vehicles_1,車輛 1,random,vehicles1_random_seed1_k5,5,58,皮卡車 / pickup_truck (58),69,rocket,rocket (69),76.0,False,False,False
vehicles_1,車輛 1,random,vehicles1_random_seed1_k5,5,58,皮卡車 / pickup_truck (58),70,rose,玫瑰 / rose (70),72.0,False,False,False
vehicles_1,車輛 1,random,vehicles1_random_seed1_k5,5,58,皮卡車 / pickup_truck (58),71,sea,sea (71),77.0,False,False,False
vehicles_1,車輛 1,random,vehicles1_random_seed1_k5,5,58,皮卡車 / pickup_truck (58),72,seal,seal (72),42.0,False,False,False
vehicles_1,車輛 1,random,vehicles1_random_seed1_k5,5,58,皮卡車 / pickup_truck (58),73,shark,shark (73),63.0,False,False,False
vehicles_1,車輛 1,random,vehicles1_random_seed1_k5,5,58,皮卡車 / pickup_truck (58),74,shrew,shrew (74),49.0,False,False,False
vehicles_1,車輛 1,random,vehicles1_random_seed1_k5,5,58,皮卡車 / pickup_truck (58),75,skunk,skunk (75),91.0,False,False,False
vehicles_1,車輛 1,random,vehicles1_random_seed1_k5,5,58,皮卡車 / pickup_truck (58),76,skyscraper,skyscraper (76),87.0,False,False,False
vehicles_1,車輛 1,random,vehicles1_random_seed1_k5,5,58,皮卡車 / pickup_truck (58),77,snail,snail (77),66.0,False,False,False
vehicles_1,車輛 1,random,vehicles1_random_seed1_k5,5,58,皮卡車 / pickup_truck (58),78,snake,snake (78),61.0,False,False,False
vehicles_1,車輛 1,random,vehicles1_random_seed1_k5,5,58,皮卡車 / pickup_truck (58),79,spider,spider (79),75.0,False,False,False
vehicles_1,車輛 1,random,vehicles1_random_seed1_k5,5,58,皮卡車 / pickup_truck (58),80,squirrel,squirrel (80),57.0,False,False,False
vehicles_1,車輛 1,random,vehicles1_random_seed1_k5,5,58,皮卡車 / pickup_truck (58),81,streetcar,streetcar (81),84.0,False,False,False
vehicles_1,車輛 1,random,vehicles1_random_seed1_k5,5,58,皮卡車 / pickup_truck (58),82,sunflower,向日葵 / sunflower (82),92.0,False,False,False
vehicles_1,車輛 1,random,vehicles1_random_seed1_k5,5,58,皮卡車 / pickup_truck (58),83,sweet_pepper,sweet_pepper (83),68.0,False,False,False
vehicles_1,車輛 1,random,vehicles1_random_seed1_k5,5,58,皮卡車 / pickup_truck (58),84,table,table (84),72.0,False,False,False
vehicles_1,車輛 1,random,vehicles1_random_seed1_k5,5,58,皮卡車 / pickup_truck (58),85,tank,tank (85),71.0,False,False,False
vehicles_1,車輛 1,random,vehicles1_random_seed1_k5,5,58,皮卡車 / pickup_truck (58),86,telephone,telephone (86),69.0,False,False,False
vehicles_1,車輛 1,random,vehicles1_random_seed1_k5,5,58,皮卡車 / pickup_truck (58),87,television,television (87),77.0,False,False,False
vehicles_1,車輛 1,random,vehicles1_random_seed1_k5,5,58,皮卡車 / pickup_truck (58),88,tiger,tiger (88),79.0,False,False,False
vehicles_1,車輛 1,random,vehicles1_random_seed1_k5,5,58,皮卡車 / pickup_truck (58),89,tractor,tractor (89),87.0,False,False,False
vehicles_1,車輛 1,random,vehicles1_random_seed1_k5,5,58,皮卡車 / pickup_truck (58),90,train,火車 / train (90),0.0,True,False,True
vehicles_1,車輛 1,random,vehicles1_random_seed1_k5,5,58,皮卡車 / pickup_truck (58),91,trout,trout (91),78.0,False,False,False
vehicles_1,車輛 1,random,vehicles1_random_seed1_k5,5,58,皮卡車 / pickup_truck (58),92,tulip,鬱金香 / tulip (92),61.0,False,False,False
vehicles_1,車輛 1,random,vehicles1_random_seed1_k5,5,58,皮卡車 / pickup_truck (58),93,turtle,turtle (93),59.0,False,False,False
vehicles_1,車輛 1,random,vehicles1_random_seed1_k5,5,58,皮卡車 / pickup_truck (58),94,wardrobe,wardrobe (94),92.0,False,False,False
vehicles_1,車輛 1,random,vehicles1_random_seed1_k5,5,58,皮卡車 / pickup_truck (58),95,whale,whale (95),74.0,False,False,False
vehicles_1,車輛 1,random,vehicles1_random_seed1_k5,5,58,皮卡車 / pickup_truck (58),96,willow_tree,willow_tree (96),63.0,False,False,False
vehicles_1,車輛 1,random,vehicles1_random_seed1_k5,5,58,皮卡車 / pickup_truck (58),97,wolf,wolf (97),77.0,False,False,False
vehicles_1,車輛 1,random,vehicles1_random_seed1_k5,5,58,皮卡車 / pickup_truck (58),98,woman,woman (98),52.0,False,False,False
vehicles_1,車輛 1,random,vehicles1_random_seed1_k5,5,58,皮卡車 / pickup_truck (58),99,worm,worm (99),73.0,False,False,False
vehicles_1,車輛 1,hardfirst,vehicles1_hardfirst_seed1_k5,1,13,公車 / bus (13),0,apple,apple (0),89.0,False,False,False
vehicles_1,車輛 1,hardfirst,vehicles1_hardfirst_seed1_k5,1,13,公車 / bus (13),1,aquarium_fish,aquarium_fish (1),80.0,False,False,False
vehicles_1,車輛 1,hardfirst,vehicles1_hardfirst_seed1_k5,1,13,公車 / bus (13),2,baby,baby (2),60.0,False,False,False
vehicles_1,車輛 1,hardfirst,vehicles1_hardfirst_seed1_k5,1,13,公車 / bus (13),3,bear,bear (3),48.0,False,False,False
vehicles_1,車輛 1,hardfirst,vehicles1_hardfirst_seed1_k5,1,13,公車 / bus (13),4,beaver,beaver (4),61.0,False,False,False
vehicles_1,車輛 1,hardfirst,vehicles1_hardfirst_seed1_k5,1,13,公車 / bus (13),5,bed,bed (5),70.0,False,False,False
vehicles_1,車輛 1,hardfirst,vehicles1_hardfirst_seed1_k5,1,13,公車 / bus (13),6,bee,bee (6),78.0,False,False,False
vehicles_1,車輛 1,hardfirst,vehicles1_hardfirst_seed1_k5,1,13,公車 / bus (13),7,beetle,beetle (7),72.0,False,False,False
vehicles_1,車輛 1,hardfirst,vehicles1_hardfirst_seed1_k5,1,13,公車 / bus (13),8,bicycle,腳踏車 / bicycle (8),83.0,False,False,True
vehicles_1,車輛 1,hardfirst,vehicles1_hardfirst_seed1_k5,1,13,公車 / bus (13),9,bottle,bottle (9),79.0,False,False,False
vehicles_1,車輛 1,hardfirst,vehicles1_hardfirst_seed1_k5,1,13,公車 / bus (13),10,bowl,bowl (10),51.0,False,False,False
vehicles_1,車輛 1,hardfirst,vehicles1_hardfirst_seed1_k5,1,13,公車 / bus (13),11,boy,boy (11),47.0,False,False,False
vehicles_1,車輛 1,hardfirst,vehicles1_hardfirst_seed1_k5,1,13,公車 / bus (13),12,bridge,bridge (12),76.0,False,False,False
vehicles_1,車輛 1,hardfirst,vehicles1_hardfirst_seed1_k5,1,13,公車 / bus (13),13,bus,公車 / bus (13),0.0,True,True,True
vehicles_1,車輛 1,hardfirst,vehicles1_hardfirst_seed1_k5,1,13,公車 / bus (13),14,butterfly,butterfly (14),53.0,False,False,False
vehicles_1,車輛 1,hardfirst,vehicles1_hardfirst_seed1_k5,1,13,公車 / bus (13),15,camel,駱駝 / camel (15),74.0,False,False,False
vehicles_1,車輛 1,hardfirst,vehicles1_hardfirst_seed1_k5,1,13,公車 / bus (13),16,can,can (16),78.0,False,False,False
vehicles_1,車輛 1,hardfirst,vehicles1_hardfirst_seed1_k5,1,13,公車 / bus (13),17,castle,castle (17),80.0,False,False,False
vehicles_1,車輛 1,hardfirst,vehicles1_hardfirst_seed1_k5,1,13,公車 / bus (13),18,caterpillar,caterpillar (18),66.0,False,False,False
vehicles_1,車輛 1,hardfirst,vehicles1_hardfirst_seed1_k5,1,13,公車 / bus (13),19,cattle,牛 / cattle (19),62.0,False,False,False
vehicles_1,車輛 1,hardfirst,vehicles1_hardfirst_seed1_k5,1,13,公車 / bus (13),20,chair,chair (20),85.0,False,False,False
vehicles_1,車輛 1,hardfirst,vehicles1_hardfirst_seed1_k5,1,13,公車 / bus (13),21,chimpanzee,黑猩猩 / chimpanzee (21),88.0,False,False,False
vehicles_1,車輛 1,hardfirst,vehicles1_hardfirst_seed1_k5,1,13,公車 / bus (13),22,clock,clock (22),69.0,False,False,False
vehicles_1,車輛 1,hardfirst,vehicles1_hardfirst_seed1_k5,1,13,公車 / bus (13),23,cloud,cloud (23),81.0,False,False,False
vehicles_1,車輛 1,hardfirst,vehicles1_hardfirst_seed1_k5,1,13,公車 / bus (13),24,cockroach,cockroach (24),80.0,False,False,False
vehicles_1,車輛 1,hardfirst,vehicles1_hardfirst_seed1_k5,1,13,公車 / bus (13),25,couch,couch (25),56.0,False,False,False
vehicles_1,車輛 1,hardfirst,vehicles1_hardfirst_seed1_k5,1,13,公車 / bus (13),26,crab,crab (26),62.0,False,False,False
vehicles_1,車輛 1,hardfirst,vehicles1_hardfirst_seed1_k5,1,13,公車 / bus (13),27,crocodile,crocodile (27),56.0,False,False,False
vehicles_1,車輛 1,hardfirst,vehicles1_hardfirst_seed1_k5,1,13,公車 / bus (13),28,cup,cup (28),73.0,False,False,False
vehicles_1,車輛 1,hardfirst,vehicles1_hardfirst_seed1_k5,1,13,公車 / bus (13),29,dinosaur,dinosaur (29),64.0,False,False,False
vehicles_1,車輛 1,hardfirst,vehicles1_hardfirst_seed1_k5,1,13,公車 / bus (13),30,dolphin,dolphin (30),71.0,False,False,False
vehicles_1,車輛 1,hardfirst,vehicles1_hardfirst_seed1_k5,1,13,公車 / bus (13),31,elephant,大象 / elephant (31),68.0,False,False,False
vehicles_1,車輛 1,hardfirst,vehicles1_hardfirst_seed1_k5,1,13,公車 / bus (13),32,flatfish,flatfish (32),65.0,False,False,False
vehicles_1,車輛 1,hardfirst,vehicles1_hardfirst_seed1_k5,1,13,公車 / bus (13),33,forest,forest (33),61.0,False,False,False
vehicles_1,車輛 1,hardfirst,vehicles1_hardfirst_seed1_k5,1,13,公車 / bus (13),34,fox,fox (34),76.0,False,False,False
vehicles_1,車輛 1,hardfirst,vehicles1_hardfirst_seed1_k5,1,13,公車 / bus (13),35,girl,girl (35),51.0,False,False,False
vehicles_1,車輛 1,hardfirst,vehicles1_hardfirst_seed1_k5,1,13,公車 / bus (13),36,hamster,hamster (36),80.0,False,False,False
vehicles_1,車輛 1,hardfirst,vehicles1_hardfirst_seed1_k5,1,13,公車 / bus (13),37,house,house (37),77.0,False,False,False
vehicles_1,車輛 1,hardfirst,vehicles1_hardfirst_seed1_k5,1,13,公車 / bus (13),38,kangaroo,袋鼠 / kangaroo (38),64.0,False,False,False
vehicles_1,車輛 1,hardfirst,vehicles1_hardfirst_seed1_k5,1,13,公車 / bus (13),39,keyboard,keyboard (39),78.0,False,False,False
vehicles_1,車輛 1,hardfirst,vehicles1_hardfirst_seed1_k5,1,13,公車 / bus (13),40,lamp,lamp (40),61.0,False,False,False
vehicles_1,車輛 1,hardfirst,vehicles1_hardfirst_seed1_k5,1,13,公車 / bus (13),41,lawn_mower,lawn_mower (41),89.0,False,False,False
vehicles_1,車輛 1,hardfirst,vehicles1_hardfirst_seed1_k5,1,13,公車 / bus (13),42,leopard,leopard (42),70.0,False,False,False
vehicles_1,車輛 1,hardfirst,vehicles1_hardfirst_seed1_k5,1,13,公車 / bus (13),43,lion,lion (43),84.0,False,False,False
vehicles_1,車輛 1,hardfirst,vehicles1_hardfirst_seed1_k5,1,13,公車 / bus (13),44,lizard,lizard (44),46.0,False,False,False
vehicles_1,車輛 1,hardfirst,vehicles1_hardfirst_seed1_k5,1,13,公車 / bus (13),45,lobster,lobster (45),63.0,False,False,False
vehicles_1,車輛 1,hardfirst,vehicles1_hardfirst_seed1_k5,1,13,公車 / bus (13),46,man,man (46),48.0,False,False,False
vehicles_1,車輛 1,hardfirst,vehicles1_hardfirst_seed1_k5,1,13,公車 / bus (13),47,maple_tree,maple_tree (47),63.0,False,False,False
vehicles_1,車輛 1,hardfirst,vehicles1_hardfirst_seed1_k5,1,13,公車 / bus (13),48,motorcycle,摩托車 / motorcycle (48),91.0,False,False,True
vehicles_1,車輛 1,hardfirst,vehicles1_hardfirst_seed1_k5,1,13,公車 / bus (13),49,mountain,mountain (49),83.0,False,False,False
vehicles_1,車輛 1,hardfirst,vehicles1_hardfirst_seed1_k5,1,13,公車 / bus (13),50,mouse,mouse (50),54.0,False,False,False
vehicles_1,車輛 1,hardfirst,vehicles1_hardfirst_seed1_k5,1,13,公車 / bus (13),51,mushroom,mushroom (51),71.0,False,False,False
vehicles_1,車輛 1,hardfirst,vehicles1_hardfirst_seed1_k5,1,13,公車 / bus (13),52,oak_tree,oak_tree (52),66.0,False,False,False
vehicles_1,車輛 1,hardfirst,vehicles1_hardfirst_seed1_k5,1,13,公車 / bus (13),53,orange,orange (53),88.0,False,False,False
vehicles_1,車輛 1,hardfirst,vehicles1_hardfirst_seed1_k5,1,13,公車 / bus (13),54,orchid,蘭花 / orchid (54),81.0,False,False,False
vehicles_1,車輛 1,hardfirst,vehicles1_hardfirst_seed1_k5,1,13,公車 / bus (13),55,otter,otter (55),41.0,False,False,False
vehicles_1,車輛 1,hardfirst,vehicles1_hardfirst_seed1_k5,1,13,公車 / bus (13),56,palm_tree,palm_tree (56),89.0,False,False,False
vehicles_1,車輛 1,hardfirst,vehicles1_hardfirst_seed1_k5,1,13,公車 / bus (13),57,pear,pear (57),78.0,False,False,False
vehicles_1,車輛 1,hardfirst,vehicles1_hardfirst_seed1_k5,1,13,公車 / bus (13),58,pickup_truck,皮卡車 / pickup_truck (58),87.0,False,False,True
vehicles_1,車輛 1,hardfirst,vehicles1_hardfirst_seed1_k5,1,13,公車 / bus (13),59,pine_tree,pine_tree (59),69.0,False,False,False
vehicles_1,車輛 1,hardfirst,vehicles1_hardfirst_seed1_k5,1,13,公車 / bus (13),60,plain,plain (60),85.0,False,False,False
vehicles_1,車輛 1,hardfirst,vehicles1_hardfirst_seed1_k5,1,13,公車 / bus (13),61,plate,plate (61),67.0,False,False,False
vehicles_1,車輛 1,hardfirst,vehicles1_hardfirst_seed1_k5,1,13,公車 / bus (13),62,poppy,罌粟花 / poppy (62),81.0,False,False,False
vehicles_1,車輛 1,hardfirst,vehicles1_hardfirst_seed1_k5,1,13,公車 / bus (13),63,porcupine,porcupine (63),71.0,False,False,False
vehicles_1,車輛 1,hardfirst,vehicles1_hardfirst_seed1_k5,1,13,公車 / bus (13),64,possum,possum (64),52.0,False,False,False
vehicles_1,車輛 1,hardfirst,vehicles1_hardfirst_seed1_k5,1,13,公車 / bus (13),65,rabbit,rabbit (65),59.0,False,False,False
vehicles_1,車輛 1,hardfirst,vehicles1_hardfirst_seed1_k5,1,13,公車 / bus (13),66,raccoon,raccoon (66),79.0,False,False,False
vehicles_1,車輛 1,hardfirst,vehicles1_hardfirst_seed1_k5,1,13,公車 / bus (13),67,ray,ray (67),58.0,False,False,False
vehicles_1,車輛 1,hardfirst,vehicles1_hardfirst_seed1_k5,1,13,公車 / bus (13),68,road,road (68),92.0,False,False,False
vehicles_1,車輛 1,hardfirst,vehicles1_hardfirst_seed1_k5,1,13,公車 / bus (13),69,rocket,rocket (69),81.0,False,False,False
vehicles_1,車輛 1,hardfirst,vehicles1_hardfirst_seed1_k5,1,13,公車 / bus (13),70,rose,玫瑰 / rose (70),70.0,False,False,False
vehicles_1,車輛 1,hardfirst,vehicles1_hardfirst_seed1_k5,1,13,公車 / bus (13),71,sea,sea (71),79.0,False,False,False
vehicles_1,車輛 1,hardfirst,vehicles1_hardfirst_seed1_k5,1,13,公車 / bus (13),72,seal,seal (72),45.0,False,False,False
vehicles_1,車輛 1,hardfirst,vehicles1_hardfirst_seed1_k5,1,13,公車 / bus (13),73,shark,shark (73),59.0,False,False,False
vehicles_1,車輛 1,hardfirst,vehicles1_hardfirst_seed1_k5,1,13,公車 / bus (13),74,shrew,shrew (74),49.0,False,False,False
vehicles_1,車輛 1,hardfirst,vehicles1_hardfirst_seed1_k5,1,13,公車 / bus (13),75,skunk,skunk (75),91.0,False,False,False
vehicles_1,車輛 1,hardfirst,vehicles1_hardfirst_seed1_k5,1,13,公車 / bus (13),76,skyscraper,skyscraper (76),89.0,False,False,False
vehicles_1,車輛 1,hardfirst,vehicles1_hardfirst_seed1_k5,1,13,公車 / bus (13),77,snail,snail (77),64.0,False,False,False
vehicles_1,車輛 1,hardfirst,vehicles1_hardfirst_seed1_k5,1,13,公車 / bus (13),78,snake,snake (78),62.0,False,False,False
vehicles_1,車輛 1,hardfirst,vehicles1_hardfirst_seed1_k5,1,13,公車 / bus (13),79,spider,spider (79),72.0,False,False,False
vehicles_1,車輛 1,hardfirst,vehicles1_hardfirst_seed1_k5,1,13,公車 / bus (13),80,squirrel,squirrel (80),58.0,False,False,False
vehicles_1,車輛 1,hardfirst,vehicles1_hardfirst_seed1_k5,1,13,公車 / bus (13),81,streetcar,streetcar (81),77.0,False,False,False
vehicles_1,車輛 1,hardfirst,vehicles1_hardfirst_seed1_k5,1,13,公車 / bus (13),82,sunflower,向日葵 / sunflower (82),93.0,False,False,False
vehicles_1,車輛 1,hardfirst,vehicles1_hardfirst_seed1_k5,1,13,公車 / bus (13),83,sweet_pepper,sweet_pepper (83),68.0,False,False,False
vehicles_1,車輛 1,hardfirst,vehicles1_hardfirst_seed1_k5,1,13,公車 / bus (13),84,table,table (84),65.0,False,False,False
vehicles_1,車輛 1,hardfirst,vehicles1_hardfirst_seed1_k5,1,13,公車 / bus (13),85,tank,tank (85),75.0,False,False,False
vehicles_1,車輛 1,hardfirst,vehicles1_hardfirst_seed1_k5,1,13,公車 / bus (13),86,telephone,telephone (86),69.0,False,False,False
vehicles_1,車輛 1,hardfirst,vehicles1_hardfirst_seed1_k5,1,13,公車 / bus (13),87,television,television (87),80.0,False,False,False
vehicles_1,車輛 1,hardfirst,vehicles1_hardfirst_seed1_k5,1,13,公車 / bus (13),88,tiger,tiger (88),78.0,False,False,False
vehicles_1,車輛 1,hardfirst,vehicles1_hardfirst_seed1_k5,1,13,公車 / bus (13),89,tractor,tractor (89),82.0,False,False,False
vehicles_1,車輛 1,hardfirst,vehicles1_hardfirst_seed1_k5,1,13,公車 / bus (13),90,train,火車 / train (90),84.0,False,False,True
vehicles_1,車輛 1,hardfirst,vehicles1_hardfirst_seed1_k5,1,13,公車 / bus (13),91,trout,trout (91),78.0,False,False,False
vehicles_1,車輛 1,hardfirst,vehicles1_hardfirst_seed1_k5,1,13,公車 / bus (13),92,tulip,鬱金香 / tulip (92),62.0,False,False,False
vehicles_1,車輛 1,hardfirst,vehicles1_hardfirst_seed1_k5,1,13,公車 / bus (13),93,turtle,turtle (93),56.0,False,False,False
vehicles_1,車輛 1,hardfirst,vehicles1_hardfirst_seed1_k5,1,13,公車 / bus (13),94,wardrobe,wardrobe (94),91.0,False,False,False
vehicles_1,車輛 1,hardfirst,vehicles1_hardfirst_seed1_k5,1,13,公車 / bus (13),95,whale,whale (95),73.0,False,False,False
vehicles_1,車輛 1,hardfirst,vehicles1_hardfirst_seed1_k5,1,13,公車 / bus (13),96,willow_tree,willow_tree (96),64.0,False,False,False
vehicles_1,車輛 1,hardfirst,vehicles1_hardfirst_seed1_k5,1,13,公車 / bus (13),97,wolf,wolf (97),76.0,False,False,False
vehicles_1,車輛 1,hardfirst,vehicles1_hardfirst_seed1_k5,1,13,公車 / bus (13),98,woman,woman (98),53.0,False,False,False
vehicles_1,車輛 1,hardfirst,vehicles1_hardfirst_seed1_k5,1,13,公車 / bus (13),99,worm,worm (99),71.0,False,False,False
vehicles_1,車輛 1,hardfirst,vehicles1_hardfirst_seed1_k5,2,8,腳踏車 / bicycle (8),0,apple,apple (0),89.0,False,False,False
vehicles_1,車輛 1,hardfirst,vehicles1_hardfirst_seed1_k5,2,8,腳踏車 / bicycle (8),1,aquarium_fish,aquarium_fish (1),78.0,False,False,False
vehicles_1,車輛 1,hardfirst,vehicles1_hardfirst_seed1_k5,2,8,腳踏車 / bicycle (8),2,baby,baby (2),58.0,False,False,False
vehicles_1,車輛 1,hardfirst,vehicles1_hardfirst_seed1_k5,2,8,腳踏車 / bicycle (8),3,bear,bear (3),51.0,False,False,False
vehicles_1,車輛 1,hardfirst,vehicles1_hardfirst_seed1_k5,2,8,腳踏車 / bicycle (8),4,beaver,beaver (4),61.0,False,False,False
vehicles_1,車輛 1,hardfirst,vehicles1_hardfirst_seed1_k5,2,8,腳踏車 / bicycle (8),5,bed,bed (5),69.0,False,False,False
vehicles_1,車輛 1,hardfirst,vehicles1_hardfirst_seed1_k5,2,8,腳踏車 / bicycle (8),6,bee,bee (6),81.0,False,False,False
vehicles_1,車輛 1,hardfirst,vehicles1_hardfirst_seed1_k5,2,8,腳踏車 / bicycle (8),7,beetle,beetle (7),78.0,False,False,False
vehicles_1,車輛 1,hardfirst,vehicles1_hardfirst_seed1_k5,2,8,腳踏車 / bicycle (8),8,bicycle,腳踏車 / bicycle (8),1.0,True,True,True
vehicles_1,車輛 1,hardfirst,vehicles1_hardfirst_seed1_k5,2,8,腳踏車 / bicycle (8),9,bottle,bottle (9),80.0,False,False,False
vehicles_1,車輛 1,hardfirst,vehicles1_hardfirst_seed1_k5,2,8,腳踏車 / bicycle (8),10,bowl,bowl (10),49.0,False,False,False
vehicles_1,車輛 1,hardfirst,vehicles1_hardfirst_seed1_k5,2,8,腳踏車 / bicycle (8),11,boy,boy (11),43.0,False,False,False
vehicles_1,車輛 1,hardfirst,vehicles1_hardfirst_seed1_k5,2,8,腳踏車 / bicycle (8),12,bridge,bridge (12),78.0,False,False,False
vehicles_1,車輛 1,hardfirst,vehicles1_hardfirst_seed1_k5,2,8,腳踏車 / bicycle (8),13,bus,公車 / bus (13),0.0,True,False,True
vehicles_1,車輛 1,hardfirst,vehicles1_hardfirst_seed1_k5,2,8,腳踏車 / bicycle (8),14,butterfly,butterfly (14),52.0,False,False,False
vehicles_1,車輛 1,hardfirst,vehicles1_hardfirst_seed1_k5,2,8,腳踏車 / bicycle (8),15,camel,駱駝 / camel (15),74.0,False,False,False
vehicles_1,車輛 1,hardfirst,vehicles1_hardfirst_seed1_k5,2,8,腳踏車 / bicycle (8),16,can,can (16),75.0,False,False,False
vehicles_1,車輛 1,hardfirst,vehicles1_hardfirst_seed1_k5,2,8,腳踏車 / bicycle (8),17,castle,castle (17),81.0,False,False,False
vehicles_1,車輛 1,hardfirst,vehicles1_hardfirst_seed1_k5,2,8,腳踏車 / bicycle (8),18,caterpillar,caterpillar (18),62.0,False,False,False
vehicles_1,車輛 1,hardfirst,vehicles1_hardfirst_seed1_k5,2,8,腳踏車 / bicycle (8),19,cattle,牛 / cattle (19),65.0,False,False,False
vehicles_1,車輛 1,hardfirst,vehicles1_hardfirst_seed1_k5,2,8,腳踏車 / bicycle (8),20,chair,chair (20),85.0,False,False,False
vehicles_1,車輛 1,hardfirst,vehicles1_hardfirst_seed1_k5,2,8,腳踏車 / bicycle (8),21,chimpanzee,黑猩猩 / chimpanzee (21),87.0,False,False,False
vehicles_1,車輛 1,hardfirst,vehicles1_hardfirst_seed1_k5,2,8,腳踏車 / bicycle (8),22,clock,clock (22),70.0,False,False,False
vehicles_1,車輛 1,hardfirst,vehicles1_hardfirst_seed1_k5,2,8,腳踏車 / bicycle (8),23,cloud,cloud (23),83.0,False,False,False
vehicles_1,車輛 1,hardfirst,vehicles1_hardfirst_seed1_k5,2,8,腳踏車 / bicycle (8),24,cockroach,cockroach (24),78.0,False,False,False
vehicles_1,車輛 1,hardfirst,vehicles1_hardfirst_seed1_k5,2,8,腳踏車 / bicycle (8),25,couch,couch (25),56.0,False,False,False
vehicles_1,車輛 1,hardfirst,vehicles1_hardfirst_seed1_k5,2,8,腳踏車 / bicycle (8),26,crab,crab (26),65.0,False,False,False
vehicles_1,車輛 1,hardfirst,vehicles1_hardfirst_seed1_k5,2,8,腳踏車 / bicycle (8),27,crocodile,crocodile (27),57.0,False,False,False
vehicles_1,車輛 1,hardfirst,vehicles1_hardfirst_seed1_k5,2,8,腳踏車 / bicycle (8),28,cup,cup (28),75.0,False,False,False
vehicles_1,車輛 1,hardfirst,vehicles1_hardfirst_seed1_k5,2,8,腳踏車 / bicycle (8),29,dinosaur,dinosaur (29),69.0,False,False,False
vehicles_1,車輛 1,hardfirst,vehicles1_hardfirst_seed1_k5,2,8,腳踏車 / bicycle (8),30,dolphin,dolphin (30),70.0,False,False,False
vehicles_1,車輛 1,hardfirst,vehicles1_hardfirst_seed1_k5,2,8,腳踏車 / bicycle (8),31,elephant,大象 / elephant (31),70.0,False,False,False
vehicles_1,車輛 1,hardfirst,vehicles1_hardfirst_seed1_k5,2,8,腳踏車 / bicycle (8),32,flatfish,flatfish (32),65.0,False,False,False
vehicles_1,車輛 1,hardfirst,vehicles1_hardfirst_seed1_k5,2,8,腳踏車 / bicycle (8),33,forest,forest (33),58.0,False,False,False
vehicles_1,車輛 1,hardfirst,vehicles1_hardfirst_seed1_k5,2,8,腳踏車 / bicycle (8),34,fox,fox (34),75.0,False,False,False
vehicles_1,車輛 1,hardfirst,vehicles1_hardfirst_seed1_k5,2,8,腳踏車 / bicycle (8),35,girl,girl (35),50.0,False,False,False
vehicles_1,車輛 1,hardfirst,vehicles1_hardfirst_seed1_k5,2,8,腳踏車 / bicycle (8),36,hamster,hamster (36),83.0,False,False,False
vehicles_1,車輛 1,hardfirst,vehicles1_hardfirst_seed1_k5,2,8,腳踏車 / bicycle (8),37,house,house (37),78.0,False,False,False
vehicles_1,車輛 1,hardfirst,vehicles1_hardfirst_seed1_k5,2,8,腳踏車 / bicycle (8),38,kangaroo,袋鼠 / kangaroo (38),64.0,False,False,False
vehicles_1,車輛 1,hardfirst,vehicles1_hardfirst_seed1_k5,2,8,腳踏車 / bicycle (8),39,keyboard,keyboard (39),78.0,False,False,False
vehicles_1,車輛 1,hardfirst,vehicles1_hardfirst_seed1_k5,2,8,腳踏車 / bicycle (8),40,lamp,lamp (40),62.0,False,False,False
vehicles_1,車輛 1,hardfirst,vehicles1_hardfirst_seed1_k5,2,8,腳踏車 / bicycle (8),41,lawn_mower,lawn_mower (41),90.0,False,False,False
vehicles_1,車輛 1,hardfirst,vehicles1_hardfirst_seed1_k5,2,8,腳踏車 / bicycle (8),42,leopard,leopard (42),72.0,False,False,False
vehicles_1,車輛 1,hardfirst,vehicles1_hardfirst_seed1_k5,2,8,腳踏車 / bicycle (8),43,lion,lion (43),83.0,False,False,False
vehicles_1,車輛 1,hardfirst,vehicles1_hardfirst_seed1_k5,2,8,腳踏車 / bicycle (8),44,lizard,lizard (44),50.0,False,False,False
vehicles_1,車輛 1,hardfirst,vehicles1_hardfirst_seed1_k5,2,8,腳踏車 / bicycle (8),45,lobster,lobster (45),66.0,False,False,False
vehicles_1,車輛 1,hardfirst,vehicles1_hardfirst_seed1_k5,2,8,腳踏車 / bicycle (8),46,man,man (46),49.0,False,False,False
vehicles_1,車輛 1,hardfirst,vehicles1_hardfirst_seed1_k5,2,8,腳踏車 / bicycle (8),47,maple_tree,maple_tree (47),67.0,False,False,False
vehicles_1,車輛 1,hardfirst,vehicles1_hardfirst_seed1_k5,2,8,腳踏車 / bicycle (8),48,motorcycle,摩托車 / motorcycle (48),92.0,False,False,True
vehicles_1,車輛 1,hardfirst,vehicles1_hardfirst_seed1_k5,2,8,腳踏車 / bicycle (8),49,mountain,mountain (49),82.0,False,False,False
vehicles_1,車輛 1,hardfirst,vehicles1_hardfirst_seed1_k5,2,8,腳踏車 / bicycle (8),50,mouse,mouse (50),55.0,False,False,False
vehicles_1,車輛 1,hardfirst,vehicles1_hardfirst_seed1_k5,2,8,腳踏車 / bicycle (8),51,mushroom,mushroom (51),71.0,False,False,False
vehicles_1,車輛 1,hardfirst,vehicles1_hardfirst_seed1_k5,2,8,腳踏車 / bicycle (8),52,oak_tree,oak_tree (52),67.0,False,False,False
vehicles_1,車輛 1,hardfirst,vehicles1_hardfirst_seed1_k5,2,8,腳踏車 / bicycle (8),53,orange,orange (53),90.0,False,False,False
vehicles_1,車輛 1,hardfirst,vehicles1_hardfirst_seed1_k5,2,8,腳踏車 / bicycle (8),54,orchid,蘭花 / orchid (54),80.0,False,False,False
vehicles_1,車輛 1,hardfirst,vehicles1_hardfirst_seed1_k5,2,8,腳踏車 / bicycle (8),55,otter,otter (55),39.0,False,False,False
vehicles_1,車輛 1,hardfirst,vehicles1_hardfirst_seed1_k5,2,8,腳踏車 / bicycle (8),56,palm_tree,palm_tree (56),86.0,False,False,False
vehicles_1,車輛 1,hardfirst,vehicles1_hardfirst_seed1_k5,2,8,腳踏車 / bicycle (8),57,pear,pear (57),77.0,False,False,False
vehicles_1,車輛 1,hardfirst,vehicles1_hardfirst_seed1_k5,2,8,腳踏車 / bicycle (8),58,pickup_truck,皮卡車 / pickup_truck (58),87.0,False,False,True
vehicles_1,車輛 1,hardfirst,vehicles1_hardfirst_seed1_k5,2,8,腳踏車 / bicycle (8),59,pine_tree,pine_tree (59),71.0,False,False,False
vehicles_1,車輛 1,hardfirst,vehicles1_hardfirst_seed1_k5,2,8,腳踏車 / bicycle (8),60,plain,plain (60),87.0,False,False,False
vehicles_1,車輛 1,hardfirst,vehicles1_hardfirst_seed1_k5,2,8,腳踏車 / bicycle (8),61,plate,plate (61),65.0,False,False,False
vehicles_1,車輛 1,hardfirst,vehicles1_hardfirst_seed1_k5,2,8,腳踏車 / bicycle (8),62,poppy,罌粟花 / poppy (62),80.0,False,False,False
vehicles_1,車輛 1,hardfirst,vehicles1_hardfirst_seed1_k5,2,8,腳踏車 / bicycle (8),63,porcupine,porcupine (63),70.0,False,False,False
vehicles_1,車輛 1,hardfirst,vehicles1_hardfirst_seed1_k5,2,8,腳踏車 / bicycle (8),64,possum,possum (64),52.0,False,False,False
vehicles_1,車輛 1,hardfirst,vehicles1_hardfirst_seed1_k5,2,8,腳踏車 / bicycle (8),65,rabbit,rabbit (65),59.0,False,False,False
vehicles_1,車輛 1,hardfirst,vehicles1_hardfirst_seed1_k5,2,8,腳踏車 / bicycle (8),66,raccoon,raccoon (66),81.0,False,False,False
vehicles_1,車輛 1,hardfirst,vehicles1_hardfirst_seed1_k5,2,8,腳踏車 / bicycle (8),67,ray,ray (67),58.0,False,False,False
vehicles_1,車輛 1,hardfirst,vehicles1_hardfirst_seed1_k5,2,8,腳踏車 / bicycle (8),68,road,road (68),94.0,False,False,False
vehicles_1,車輛 1,hardfirst,vehicles1_hardfirst_seed1_k5,2,8,腳踏車 / bicycle (8),69,rocket,rocket (69),79.0,False,False,False
vehicles_1,車輛 1,hardfirst,vehicles1_hardfirst_seed1_k5,2,8,腳踏車 / bicycle (8),70,rose,玫瑰 / rose (70),73.0,False,False,False
vehicles_1,車輛 1,hardfirst,vehicles1_hardfirst_seed1_k5,2,8,腳踏車 / bicycle (8),71,sea,sea (71),78.0,False,False,False
vehicles_1,車輛 1,hardfirst,vehicles1_hardfirst_seed1_k5,2,8,腳踏車 / bicycle (8),72,seal,seal (72),44.0,False,False,False
vehicles_1,車輛 1,hardfirst,vehicles1_hardfirst_seed1_k5,2,8,腳踏車 / bicycle (8),73,shark,shark (73),62.0,False,False,False
vehicles_1,車輛 1,hardfirst,vehicles1_hardfirst_seed1_k5,2,8,腳踏車 / bicycle (8),74,shrew,shrew (74),53.0,False,False,False
vehicles_1,車輛 1,hardfirst,vehicles1_hardfirst_seed1_k5,2,8,腳踏車 / bicycle (8),75,skunk,skunk (75),89.0,False,False,False
vehicles_1,車輛 1,hardfirst,vehicles1_hardfirst_seed1_k5,2,8,腳踏車 / bicycle (8),76,skyscraper,skyscraper (76),88.0,False,False,False
vehicles_1,車輛 1,hardfirst,vehicles1_hardfirst_seed1_k5,2,8,腳踏車 / bicycle (8),77,snail,snail (77),63.0,False,False,False
vehicles_1,車輛 1,hardfirst,vehicles1_hardfirst_seed1_k5,2,8,腳踏車 / bicycle (8),78,snake,snake (78),59.0,False,False,False
vehicles_1,車輛 1,hardfirst,vehicles1_hardfirst_seed1_k5,2,8,腳踏車 / bicycle (8),79,spider,spider (79),73.0,False,False,False
vehicles_1,車輛 1,hardfirst,vehicles1_hardfirst_seed1_k5,2,8,腳踏車 / bicycle (8),80,squirrel,squirrel (80),55.0,False,False,False
vehicles_1,車輛 1,hardfirst,vehicles1_hardfirst_seed1_k5,2,8,腳踏車 / bicycle (8),81,streetcar,streetcar (81),77.0,False,False,False
vehicles_1,車輛 1,hardfirst,vehicles1_hardfirst_seed1_k5,2,8,腳踏車 / bicycle (8),82,sunflower,向日葵 / sunflower (82),92.0,False,False,False
vehicles_1,車輛 1,hardfirst,vehicles1_hardfirst_seed1_k5,2,8,腳踏車 / bicycle (8),83,sweet_pepper,sweet_pepper (83),65.0,False,False,False
vehicles_1,車輛 1,hardfirst,vehicles1_hardfirst_seed1_k5,2,8,腳踏車 / bicycle (8),84,table,table (84),67.0,False,False,False
vehicles_1,車輛 1,hardfirst,vehicles1_hardfirst_seed1_k5,2,8,腳踏車 / bicycle (8),85,tank,tank (85),72.0,False,False,False
vehicles_1,車輛 1,hardfirst,vehicles1_hardfirst_seed1_k5,2,8,腳踏車 / bicycle (8),86,telephone,telephone (86),66.0,False,False,False
vehicles_1,車輛 1,hardfirst,vehicles1_hardfirst_seed1_k5,2,8,腳踏車 / bicycle (8),87,television,television (87),80.0,False,False,False
vehicles_1,車輛 1,hardfirst,vehicles1_hardfirst_seed1_k5,2,8,腳踏車 / bicycle (8),88,tiger,tiger (88),78.0,False,False,False
vehicles_1,車輛 1,hardfirst,vehicles1_hardfirst_seed1_k5,2,8,腳踏車 / bicycle (8),89,tractor,tractor (89),83.0,False,False,False
vehicles_1,車輛 1,hardfirst,vehicles1_hardfirst_seed1_k5,2,8,腳踏車 / bicycle (8),90,train,火車 / train (90),83.0,False,False,True
vehicles_1,車輛 1,hardfirst,vehicles1_hardfirst_seed1_k5,2,8,腳踏車 / bicycle (8),91,trout,trout (91),76.0,False,False,False
vehicles_1,車輛 1,hardfirst,vehicles1_hardfirst_seed1_k5,2,8,腳踏車 / bicycle (8),92,tulip,鬱金香 / tulip (92),59.0,False,False,False
vehicles_1,車輛 1,hardfirst,vehicles1_hardfirst_seed1_k5,2,8,腳踏車 / bicycle (8),93,turtle,turtle (93),57.0,False,False,False
vehicles_1,車輛 1,hardfirst,vehicles1_hardfirst_seed1_k5,2,8,腳踏車 / bicycle (8),94,wardrobe,wardrobe (94),92.0,False,False,False
vehicles_1,車輛 1,hardfirst,vehicles1_hardfirst_seed1_k5,2,8,腳踏車 / bicycle (8),95,whale,whale (95),74.0,False,False,False
vehicles_1,車輛 1,hardfirst,vehicles1_hardfirst_seed1_k5,2,8,腳踏車 / bicycle (8),96,willow_tree,willow_tree (96),61.0,False,False,False
vehicles_1,車輛 1,hardfirst,vehicles1_hardfirst_seed1_k5,2,8,腳踏車 / bicycle (8),97,wolf,wolf (97),74.0,False,False,False
vehicles_1,車輛 1,hardfirst,vehicles1_hardfirst_seed1_k5,2,8,腳踏車 / bicycle (8),98,woman,woman (98),51.0,False,False,False
vehicles_1,車輛 1,hardfirst,vehicles1_hardfirst_seed1_k5,2,8,腳踏車 / bicycle (8),99,worm,worm (99),69.0,False,False,False
vehicles_1,車輛 1,hardfirst,vehicles1_hardfirst_seed1_k5,3,58,皮卡車 / pickup_truck (58),0,apple,apple (0),89.0,False,False,False
vehicles_1,車輛 1,hardfirst,vehicles1_hardfirst_seed1_k5,3,58,皮卡車 / pickup_truck (58),1,aquarium_fish,aquarium_fish (1),80.0,False,False,False
vehicles_1,車輛 1,hardfirst,vehicles1_hardfirst_seed1_k5,3,58,皮卡車 / pickup_truck (58),2,baby,baby (2),61.0,False,False,False
vehicles_1,車輛 1,hardfirst,vehicles1_hardfirst_seed1_k5,3,58,皮卡車 / pickup_truck (58),3,bear,bear (3),48.0,False,False,False
vehicles_1,車輛 1,hardfirst,vehicles1_hardfirst_seed1_k5,3,58,皮卡車 / pickup_truck (58),4,beaver,beaver (4),62.0,False,False,False
vehicles_1,車輛 1,hardfirst,vehicles1_hardfirst_seed1_k5,3,58,皮卡車 / pickup_truck (58),5,bed,bed (5),73.0,False,False,False
vehicles_1,車輛 1,hardfirst,vehicles1_hardfirst_seed1_k5,3,58,皮卡車 / pickup_truck (58),6,bee,bee (6),82.0,False,False,False
vehicles_1,車輛 1,hardfirst,vehicles1_hardfirst_seed1_k5,3,58,皮卡車 / pickup_truck (58),7,beetle,beetle (7),77.0,False,False,False
vehicles_1,車輛 1,hardfirst,vehicles1_hardfirst_seed1_k5,3,58,皮卡車 / pickup_truck (58),8,bicycle,腳踏車 / bicycle (8),28.0,True,False,True
vehicles_1,車輛 1,hardfirst,vehicles1_hardfirst_seed1_k5,3,58,皮卡車 / pickup_truck (58),9,bottle,bottle (9),78.0,False,False,False
vehicles_1,車輛 1,hardfirst,vehicles1_hardfirst_seed1_k5,3,58,皮卡車 / pickup_truck (58),10,bowl,bowl (10),51.0,False,False,False
vehicles_1,車輛 1,hardfirst,vehicles1_hardfirst_seed1_k5,3,58,皮卡車 / pickup_truck (58),11,boy,boy (11),52.0,False,False,False
vehicles_1,車輛 1,hardfirst,vehicles1_hardfirst_seed1_k5,3,58,皮卡車 / pickup_truck (58),12,bridge,bridge (12),80.0,False,False,False
vehicles_1,車輛 1,hardfirst,vehicles1_hardfirst_seed1_k5,3,58,皮卡車 / pickup_truck (58),13,bus,公車 / bus (13),0.0,True,False,True
vehicles_1,車輛 1,hardfirst,vehicles1_hardfirst_seed1_k5,3,58,皮卡車 / pickup_truck (58),14,butterfly,butterfly (14),53.0,False,False,False
vehicles_1,車輛 1,hardfirst,vehicles1_hardfirst_seed1_k5,3,58,皮卡車 / pickup_truck (58),15,camel,駱駝 / camel (15),74.0,False,False,False
vehicles_1,車輛 1,hardfirst,vehicles1_hardfirst_seed1_k5,3,58,皮卡車 / pickup_truck (58),16,can,can (16),79.0,False,False,False
vehicles_1,車輛 1,hardfirst,vehicles1_hardfirst_seed1_k5,3,58,皮卡車 / pickup_truck (58),17,castle,castle (17),82.0,False,False,False
vehicles_1,車輛 1,hardfirst,vehicles1_hardfirst_seed1_k5,3,58,皮卡車 / pickup_truck (58),18,caterpillar,caterpillar (18),66.0,False,False,False
vehicles_1,車輛 1,hardfirst,vehicles1_hardfirst_seed1_k5,3,58,皮卡車 / pickup_truck (58),19,cattle,牛 / cattle (19),63.0,False,False,False
vehicles_1,車輛 1,hardfirst,vehicles1_hardfirst_seed1_k5,3,58,皮卡車 / pickup_truck (58),20,chair,chair (20),85.0,False,False,False
vehicles_1,車輛 1,hardfirst,vehicles1_hardfirst_seed1_k5,3,58,皮卡車 / pickup_truck (58),21,chimpanzee,黑猩猩 / chimpanzee (21),86.0,False,False,False
vehicles_1,車輛 1,hardfirst,vehicles1_hardfirst_seed1_k5,3,58,皮卡車 / pickup_truck (58),22,clock,clock (22),68.0,False,False,False
vehicles_1,車輛 1,hardfirst,vehicles1_hardfirst_seed1_k5,3,58,皮卡車 / pickup_truck (58),23,cloud,cloud (23),82.0,False,False,False
vehicles_1,車輛 1,hardfirst,vehicles1_hardfirst_seed1_k5,3,58,皮卡車 / pickup_truck (58),24,cockroach,cockroach (24),79.0,False,False,False
vehicles_1,車輛 1,hardfirst,vehicles1_hardfirst_seed1_k5,3,58,皮卡車 / pickup_truck (58),25,couch,couch (25),55.0,False,False,False
vehicles_1,車輛 1,hardfirst,vehicles1_hardfirst_seed1_k5,3,58,皮卡車 / pickup_truck (58),26,crab,crab (26),61.0,False,False,False
vehicles_1,車輛 1,hardfirst,vehicles1_hardfirst_seed1_k5,3,58,皮卡車 / pickup_truck (58),27,crocodile,crocodile (27),55.0,False,False,False
vehicles_1,車輛 1,hardfirst,vehicles1_hardfirst_seed1_k5,3,58,皮卡車 / pickup_truck (58),28,cup,cup (28),71.0,False,False,False
vehicles_1,車輛 1,hardfirst,vehicles1_hardfirst_seed1_k5,3,58,皮卡車 / pickup_truck (58),29,dinosaur,dinosaur (29),66.0,False,False,False
vehicles_1,車輛 1,hardfirst,vehicles1_hardfirst_seed1_k5,3,58,皮卡車 / pickup_truck (58),30,dolphin,dolphin (30),70.0,False,False,False
vehicles_1,車輛 1,hardfirst,vehicles1_hardfirst_seed1_k5,3,58,皮卡車 / pickup_truck (58),31,elephant,大象 / elephant (31),68.0,False,False,False
vehicles_1,車輛 1,hardfirst,vehicles1_hardfirst_seed1_k5,3,58,皮卡車 / pickup_truck (58),32,flatfish,flatfish (32),61.0,False,False,False
vehicles_1,車輛 1,hardfirst,vehicles1_hardfirst_seed1_k5,3,58,皮卡車 / pickup_truck (58),33,forest,forest (33),60.0,False,False,False
vehicles_1,車輛 1,hardfirst,vehicles1_hardfirst_seed1_k5,3,58,皮卡車 / pickup_truck (58),34,fox,fox (34),76.0,False,False,False
vehicles_1,車輛 1,hardfirst,vehicles1_hardfirst_seed1_k5,3,58,皮卡車 / pickup_truck (58),35,girl,girl (35),51.0,False,False,False
vehicles_1,車輛 1,hardfirst,vehicles1_hardfirst_seed1_k5,3,58,皮卡車 / pickup_truck (58),36,hamster,hamster (36),82.0,False,False,False
vehicles_1,車輛 1,hardfirst,vehicles1_hardfirst_seed1_k5,3,58,皮卡車 / pickup_truck (58),37,house,house (37),75.0,False,False,False
vehicles_1,車輛 1,hardfirst,vehicles1_hardfirst_seed1_k5,3,58,皮卡車 / pickup_truck (58),38,kangaroo,袋鼠 / kangaroo (38),66.0,False,False,False
vehicles_1,車輛 1,hardfirst,vehicles1_hardfirst_seed1_k5,3,58,皮卡車 / pickup_truck (58),39,keyboard,keyboard (39),78.0,False,False,False
vehicles_1,車輛 1,hardfirst,vehicles1_hardfirst_seed1_k5,3,58,皮卡車 / pickup_truck (58),40,lamp,lamp (40),64.0,False,False,False
vehicles_1,車輛 1,hardfirst,vehicles1_hardfirst_seed1_k5,3,58,皮卡車 / pickup_truck (58),41,lawn_mower,lawn_mower (41),88.0,False,False,False
vehicles_1,車輛 1,hardfirst,vehicles1_hardfirst_seed1_k5,3,58,皮卡車 / pickup_truck (58),42,leopard,leopard (42),72.0,False,False,False
vehicles_1,車輛 1,hardfirst,vehicles1_hardfirst_seed1_k5,3,58,皮卡車 / pickup_truck (58),43,lion,lion (43),83.0,False,False,False
vehicles_1,車輛 1,hardfirst,vehicles1_hardfirst_seed1_k5,3,58,皮卡車 / pickup_truck (58),44,lizard,lizard (44),46.0,False,False,False
vehicles_1,車輛 1,hardfirst,vehicles1_hardfirst_seed1_k5,3,58,皮卡車 / pickup_truck (58),45,lobster,lobster (45),65.0,False,False,False
vehicles_1,車輛 1,hardfirst,vehicles1_hardfirst_seed1_k5,3,58,皮卡車 / pickup_truck (58),46,man,man (46),49.0,False,False,False
vehicles_1,車輛 1,hardfirst,vehicles1_hardfirst_seed1_k5,3,58,皮卡車 / pickup_truck (58),47,maple_tree,maple_tree (47),66.0,False,False,False
vehicles_1,車輛 1,hardfirst,vehicles1_hardfirst_seed1_k5,3,58,皮卡車 / pickup_truck (58),48,motorcycle,摩托車 / motorcycle (48),96.0,False,False,True
vehicles_1,車輛 1,hardfirst,vehicles1_hardfirst_seed1_k5,3,58,皮卡車 / pickup_truck (58),49,mountain,mountain (49),85.0,False,False,False
vehicles_1,車輛 1,hardfirst,vehicles1_hardfirst_seed1_k5,3,58,皮卡車 / pickup_truck (58),50,mouse,mouse (50),52.0,False,False,False
vehicles_1,車輛 1,hardfirst,vehicles1_hardfirst_seed1_k5,3,58,皮卡車 / pickup_truck (58),51,mushroom,mushroom (51),71.0,False,False,False
vehicles_1,車輛 1,hardfirst,vehicles1_hardfirst_seed1_k5,3,58,皮卡車 / pickup_truck (58),52,oak_tree,oak_tree (52),67.0,False,False,False
vehicles_1,車輛 1,hardfirst,vehicles1_hardfirst_seed1_k5,3,58,皮卡車 / pickup_truck (58),53,orange,orange (53),90.0,False,False,False
vehicles_1,車輛 1,hardfirst,vehicles1_hardfirst_seed1_k5,3,58,皮卡車 / pickup_truck (58),54,orchid,蘭花 / orchid (54),82.0,False,False,False
vehicles_1,車輛 1,hardfirst,vehicles1_hardfirst_seed1_k5,3,58,皮卡車 / pickup_truck (58),55,otter,otter (55),46.0,False,False,False
vehicles_1,車輛 1,hardfirst,vehicles1_hardfirst_seed1_k5,3,58,皮卡車 / pickup_truck (58),56,palm_tree,palm_tree (56),88.0,False,False,False
vehicles_1,車輛 1,hardfirst,vehicles1_hardfirst_seed1_k5,3,58,皮卡車 / pickup_truck (58),57,pear,pear (57),76.0,False,False,False
vehicles_1,車輛 1,hardfirst,vehicles1_hardfirst_seed1_k5,3,58,皮卡車 / pickup_truck (58),58,pickup_truck,皮卡車 / pickup_truck (58),0.0,True,True,True
vehicles_1,車輛 1,hardfirst,vehicles1_hardfirst_seed1_k5,3,58,皮卡車 / pickup_truck (58),59,pine_tree,pine_tree (59),69.0,False,False,False
vehicles_1,車輛 1,hardfirst,vehicles1_hardfirst_seed1_k5,3,58,皮卡車 / pickup_truck (58),60,plain,plain (60),87.0,False,False,False
vehicles_1,車輛 1,hardfirst,vehicles1_hardfirst_seed1_k5,3,58,皮卡車 / pickup_truck (58),61,plate,plate (61),66.0,False,False,False
vehicles_1,車輛 1,hardfirst,vehicles1_hardfirst_seed1_k5,3,58,皮卡車 / pickup_truck (58),62,poppy,罌粟花 / poppy (62),80.0,False,False,False
vehicles_1,車輛 1,hardfirst,vehicles1_hardfirst_seed1_k5,3,58,皮卡車 / pickup_truck (58),63,porcupine,porcupine (63),71.0,False,False,False
vehicles_1,車輛 1,hardfirst,vehicles1_hardfirst_seed1_k5,3,58,皮卡車 / pickup_truck (58),64,possum,possum (64),52.0,False,False,False
vehicles_1,車輛 1,hardfirst,vehicles1_hardfirst_seed1_k5,3,58,皮卡車 / pickup_truck (58),65,rabbit,rabbit (65),55.0,False,False,False
vehicles_1,車輛 1,hardfirst,vehicles1_hardfirst_seed1_k5,3,58,皮卡車 / pickup_truck (58),66,raccoon,raccoon (66),78.0,False,False,False
vehicles_1,車輛 1,hardfirst,vehicles1_hardfirst_seed1_k5,3,58,皮卡車 / pickup_truck (58),67,ray,ray (67),60.0,False,False,False
vehicles_1,車輛 1,hardfirst,vehicles1_hardfirst_seed1_k5,3,58,皮卡車 / pickup_truck (58),68,road,road (68),93.0,False,False,False
vehicles_1,車輛 1,hardfirst,vehicles1_hardfirst_seed1_k5,3,58,皮卡車 / pickup_truck (58),69,rocket,rocket (69),79.0,False,False,False
vehicles_1,車輛 1,hardfirst,vehicles1_hardfirst_seed1_k5,3,58,皮卡車 / pickup_truck (58),70,rose,玫瑰 / rose (70),70.0,False,False,False
vehicles_1,車輛 1,hardfirst,vehicles1_hardfirst_seed1_k5,3,58,皮卡車 / pickup_truck (58),71,sea,sea (71),79.0,False,False,False
vehicles_1,車輛 1,hardfirst,vehicles1_hardfirst_seed1_k5,3,58,皮卡車 / pickup_truck (58),72,seal,seal (72),42.0,False,False,False
vehicles_1,車輛 1,hardfirst,vehicles1_hardfirst_seed1_k5,3,58,皮卡車 / pickup_truck (58),73,shark,shark (73),60.0,False,False,False
vehicles_1,車輛 1,hardfirst,vehicles1_hardfirst_seed1_k5,3,58,皮卡車 / pickup_truck (58),74,shrew,shrew (74),48.0,False,False,False
vehicles_1,車輛 1,hardfirst,vehicles1_hardfirst_seed1_k5,3,58,皮卡車 / pickup_truck (58),75,skunk,skunk (75),91.0,False,False,False
vehicles_1,車輛 1,hardfirst,vehicles1_hardfirst_seed1_k5,3,58,皮卡車 / pickup_truck (58),76,skyscraper,skyscraper (76),89.0,False,False,False
vehicles_1,車輛 1,hardfirst,vehicles1_hardfirst_seed1_k5,3,58,皮卡車 / pickup_truck (58),77,snail,snail (77),64.0,False,False,False
vehicles_1,車輛 1,hardfirst,vehicles1_hardfirst_seed1_k5,3,58,皮卡車 / pickup_truck (58),78,snake,snake (78),60.0,False,False,False
vehicles_1,車輛 1,hardfirst,vehicles1_hardfirst_seed1_k5,3,58,皮卡車 / pickup_truck (58),79,spider,spider (79),71.0,False,False,False
vehicles_1,車輛 1,hardfirst,vehicles1_hardfirst_seed1_k5,3,58,皮卡車 / pickup_truck (58),80,squirrel,squirrel (80),56.0,False,False,False
vehicles_1,車輛 1,hardfirst,vehicles1_hardfirst_seed1_k5,3,58,皮卡車 / pickup_truck (58),81,streetcar,streetcar (81),76.0,False,False,False
vehicles_1,車輛 1,hardfirst,vehicles1_hardfirst_seed1_k5,3,58,皮卡車 / pickup_truck (58),82,sunflower,向日葵 / sunflower (82),91.0,False,False,False
vehicles_1,車輛 1,hardfirst,vehicles1_hardfirst_seed1_k5,3,58,皮卡車 / pickup_truck (58),83,sweet_pepper,sweet_pepper (83),68.0,False,False,False
vehicles_1,車輛 1,hardfirst,vehicles1_hardfirst_seed1_k5,3,58,皮卡車 / pickup_truck (58),84,table,table (84),69.0,False,False,False
vehicles_1,車輛 1,hardfirst,vehicles1_hardfirst_seed1_k5,3,58,皮卡車 / pickup_truck (58),85,tank,tank (85),72.0,False,False,False
vehicles_1,車輛 1,hardfirst,vehicles1_hardfirst_seed1_k5,3,58,皮卡車 / pickup_truck (58),86,telephone,telephone (86),65.0,False,False,False
vehicles_1,車輛 1,hardfirst,vehicles1_hardfirst_seed1_k5,3,58,皮卡車 / pickup_truck (58),87,television,television (87),80.0,False,False,False
vehicles_1,車輛 1,hardfirst,vehicles1_hardfirst_seed1_k5,3,58,皮卡車 / pickup_truck (58),88,tiger,tiger (88),79.0,False,False,False
vehicles_1,車輛 1,hardfirst,vehicles1_hardfirst_seed1_k5,3,58,皮卡車 / pickup_truck (58),89,tractor,tractor (89),85.0,False,False,False
vehicles_1,車輛 1,hardfirst,vehicles1_hardfirst_seed1_k5,3,58,皮卡車 / pickup_truck (58),90,train,火車 / train (90),84.0,False,False,True
vehicles_1,車輛 1,hardfirst,vehicles1_hardfirst_seed1_k5,3,58,皮卡車 / pickup_truck (58),91,trout,trout (91),77.0,False,False,False
vehicles_1,車輛 1,hardfirst,vehicles1_hardfirst_seed1_k5,3,58,皮卡車 / pickup_truck (58),92,tulip,鬱金香 / tulip (92),59.0,False,False,False
vehicles_1,車輛 1,hardfirst,vehicles1_hardfirst_seed1_k5,3,58,皮卡車 / pickup_truck (58),93,turtle,turtle (93),59.0,False,False,False
vehicles_1,車輛 1,hardfirst,vehicles1_hardfirst_seed1_k5,3,58,皮卡車 / pickup_truck (58),94,wardrobe,wardrobe (94),91.0,False,False,False
vehicles_1,車輛 1,hardfirst,vehicles1_hardfirst_seed1_k5,3,58,皮卡車 / pickup_truck (58),95,whale,whale (95),75.0,False,False,False
vehicles_1,車輛 1,hardfirst,vehicles1_hardfirst_seed1_k5,3,58,皮卡車 / pickup_truck (58),96,willow_tree,willow_tree (96),63.0,False,False,False
vehicles_1,車輛 1,hardfirst,vehicles1_hardfirst_seed1_k5,3,58,皮卡車 / pickup_truck (58),97,wolf,wolf (97),78.0,False,False,False
vehicles_1,車輛 1,hardfirst,vehicles1_hardfirst_seed1_k5,3,58,皮卡車 / pickup_truck (58),98,woman,woman (98),50.0,False,False,False
vehicles_1,車輛 1,hardfirst,vehicles1_hardfirst_seed1_k5,3,58,皮卡車 / pickup_truck (58),99,worm,worm (99),74.0,False,False,False
vehicles_1,車輛 1,hardfirst,vehicles1_hardfirst_seed1_k5,4,90,火車 / train (90),0,apple,apple (0),89.0,False,False,False
vehicles_1,車輛 1,hardfirst,vehicles1_hardfirst_seed1_k5,4,90,火車 / train (90),1,aquarium_fish,aquarium_fish (1),79.0,False,False,False
vehicles_1,車輛 1,hardfirst,vehicles1_hardfirst_seed1_k5,4,90,火車 / train (90),2,baby,baby (2),59.0,False,False,False
vehicles_1,車輛 1,hardfirst,vehicles1_hardfirst_seed1_k5,4,90,火車 / train (90),3,bear,bear (3),51.0,False,False,False
vehicles_1,車輛 1,hardfirst,vehicles1_hardfirst_seed1_k5,4,90,火車 / train (90),4,beaver,beaver (4),61.0,False,False,False
vehicles_1,車輛 1,hardfirst,vehicles1_hardfirst_seed1_k5,4,90,火車 / train (90),5,bed,bed (5),70.0,False,False,False
vehicles_1,車輛 1,hardfirst,vehicles1_hardfirst_seed1_k5,4,90,火車 / train (90),6,bee,bee (6),80.0,False,False,False
vehicles_1,車輛 1,hardfirst,vehicles1_hardfirst_seed1_k5,4,90,火車 / train (90),7,beetle,beetle (7),76.0,False,False,False
vehicles_1,車輛 1,hardfirst,vehicles1_hardfirst_seed1_k5,4,90,火車 / train (90),8,bicycle,腳踏車 / bicycle (8),30.0,True,False,True
vehicles_1,車輛 1,hardfirst,vehicles1_hardfirst_seed1_k5,4,90,火車 / train (90),9,bottle,bottle (9),79.0,False,False,False
vehicles_1,車輛 1,hardfirst,vehicles1_hardfirst_seed1_k5,4,90,火車 / train (90),10,bowl,bowl (10),48.0,False,False,False
vehicles_1,車輛 1,hardfirst,vehicles1_hardfirst_seed1_k5,4,90,火車 / train (90),11,boy,boy (11),51.0,False,False,False
vehicles_1,車輛 1,hardfirst,vehicles1_hardfirst_seed1_k5,4,90,火車 / train (90),12,bridge,bridge (12),81.0,False,False,False
vehicles_1,車輛 1,hardfirst,vehicles1_hardfirst_seed1_k5,4,90,火車 / train (90),13,bus,公車 / bus (13),0.0,True,False,True
vehicles_1,車輛 1,hardfirst,vehicles1_hardfirst_seed1_k5,4,90,火車 / train (90),14,butterfly,butterfly (14),55.0,False,False,False
vehicles_1,車輛 1,hardfirst,vehicles1_hardfirst_seed1_k5,4,90,火車 / train (90),15,camel,駱駝 / camel (15),76.0,False,False,False
vehicles_1,車輛 1,hardfirst,vehicles1_hardfirst_seed1_k5,4,90,火車 / train (90),16,can,can (16),76.0,False,False,False
vehicles_1,車輛 1,hardfirst,vehicles1_hardfirst_seed1_k5,4,90,火車 / train (90),17,castle,castle (17),81.0,False,False,False
vehicles_1,車輛 1,hardfirst,vehicles1_hardfirst_seed1_k5,4,90,火車 / train (90),18,caterpillar,caterpillar (18),69.0,False,False,False
vehicles_1,車輛 1,hardfirst,vehicles1_hardfirst_seed1_k5,4,90,火車 / train (90),19,cattle,牛 / cattle (19),64.0,False,False,False
vehicles_1,車輛 1,hardfirst,vehicles1_hardfirst_seed1_k5,4,90,火車 / train (90),20,chair,chair (20),87.0,False,False,False
vehicles_1,車輛 1,hardfirst,vehicles1_hardfirst_seed1_k5,4,90,火車 / train (90),21,chimpanzee,黑猩猩 / chimpanzee (21),85.0,False,False,False
vehicles_1,車輛 1,hardfirst,vehicles1_hardfirst_seed1_k5,4,90,火車 / train (90),22,clock,clock (22),69.0,False,False,False
vehicles_1,車輛 1,hardfirst,vehicles1_hardfirst_seed1_k5,4,90,火車 / train (90),23,cloud,cloud (23),84.0,False,False,False
vehicles_1,車輛 1,hardfirst,vehicles1_hardfirst_seed1_k5,4,90,火車 / train (90),24,cockroach,cockroach (24),80.0,False,False,False
vehicles_1,車輛 1,hardfirst,vehicles1_hardfirst_seed1_k5,4,90,火車 / train (90),25,couch,couch (25),57.0,False,False,False
vehicles_1,車輛 1,hardfirst,vehicles1_hardfirst_seed1_k5,4,90,火車 / train (90),26,crab,crab (26),64.0,False,False,False
vehicles_1,車輛 1,hardfirst,vehicles1_hardfirst_seed1_k5,4,90,火車 / train (90),27,crocodile,crocodile (27),55.0,False,False,False
vehicles_1,車輛 1,hardfirst,vehicles1_hardfirst_seed1_k5,4,90,火車 / train (90),28,cup,cup (28),74.0,False,False,False
vehicles_1,車輛 1,hardfirst,vehicles1_hardfirst_seed1_k5,4,90,火車 / train (90),29,dinosaur,dinosaur (29),66.0,False,False,False
vehicles_1,車輛 1,hardfirst,vehicles1_hardfirst_seed1_k5,4,90,火車 / train (90),30,dolphin,dolphin (30),69.0,False,False,False
vehicles_1,車輛 1,hardfirst,vehicles1_hardfirst_seed1_k5,4,90,火車 / train (90),31,elephant,大象 / elephant (31),68.0,False,False,False
vehicles_1,車輛 1,hardfirst,vehicles1_hardfirst_seed1_k5,4,90,火車 / train (90),32,flatfish,flatfish (32),63.0,False,False,False
vehicles_1,車輛 1,hardfirst,vehicles1_hardfirst_seed1_k5,4,90,火車 / train (90),33,forest,forest (33),61.0,False,False,False
vehicles_1,車輛 1,hardfirst,vehicles1_hardfirst_seed1_k5,4,90,火車 / train (90),34,fox,fox (34),74.0,False,False,False
vehicles_1,車輛 1,hardfirst,vehicles1_hardfirst_seed1_k5,4,90,火車 / train (90),35,girl,girl (35),48.0,False,False,False
vehicles_1,車輛 1,hardfirst,vehicles1_hardfirst_seed1_k5,4,90,火車 / train (90),36,hamster,hamster (36),81.0,False,False,False
vehicles_1,車輛 1,hardfirst,vehicles1_hardfirst_seed1_k5,4,90,火車 / train (90),37,house,house (37),77.0,False,False,False
vehicles_1,車輛 1,hardfirst,vehicles1_hardfirst_seed1_k5,4,90,火車 / train (90),38,kangaroo,袋鼠 / kangaroo (38),63.0,False,False,False
vehicles_1,車輛 1,hardfirst,vehicles1_hardfirst_seed1_k5,4,90,火車 / train (90),39,keyboard,keyboard (39),78.0,False,False,False
vehicles_1,車輛 1,hardfirst,vehicles1_hardfirst_seed1_k5,4,90,火車 / train (90),40,lamp,lamp (40),62.0,False,False,False
vehicles_1,車輛 1,hardfirst,vehicles1_hardfirst_seed1_k5,4,90,火車 / train (90),41,lawn_mower,lawn_mower (41),89.0,False,False,False
vehicles_1,車輛 1,hardfirst,vehicles1_hardfirst_seed1_k5,4,90,火車 / train (90),42,leopard,leopard (42),72.0,False,False,False
vehicles_1,車輛 1,hardfirst,vehicles1_hardfirst_seed1_k5,4,90,火車 / train (90),43,lion,lion (43),84.0,False,False,False
vehicles_1,車輛 1,hardfirst,vehicles1_hardfirst_seed1_k5,4,90,火車 / train (90),44,lizard,lizard (44),45.0,False,False,False
vehicles_1,車輛 1,hardfirst,vehicles1_hardfirst_seed1_k5,4,90,火車 / train (90),45,lobster,lobster (45),63.0,False,False,False
vehicles_1,車輛 1,hardfirst,vehicles1_hardfirst_seed1_k5,4,90,火車 / train (90),46,man,man (46),48.0,False,False,False
vehicles_1,車輛 1,hardfirst,vehicles1_hardfirst_seed1_k5,4,90,火車 / train (90),47,maple_tree,maple_tree (47),64.0,False,False,False
vehicles_1,車輛 1,hardfirst,vehicles1_hardfirst_seed1_k5,4,90,火車 / train (90),48,motorcycle,摩托車 / motorcycle (48),95.0,False,False,True
vehicles_1,車輛 1,hardfirst,vehicles1_hardfirst_seed1_k5,4,90,火車 / train (90),49,mountain,mountain (49),85.0,False,False,False
vehicles_1,車輛 1,hardfirst,vehicles1_hardfirst_seed1_k5,4,90,火車 / train (90),50,mouse,mouse (50),52.0,False,False,False
vehicles_1,車輛 1,hardfirst,vehicles1_hardfirst_seed1_k5,4,90,火車 / train (90),51,mushroom,mushroom (51),69.0,False,False,False
vehicles_1,車輛 1,hardfirst,vehicles1_hardfirst_seed1_k5,4,90,火車 / train (90),52,oak_tree,oak_tree (52),68.0,False,False,False
vehicles_1,車輛 1,hardfirst,vehicles1_hardfirst_seed1_k5,4,90,火車 / train (90),53,orange,orange (53),91.0,False,False,False
vehicles_1,車輛 1,hardfirst,vehicles1_hardfirst_seed1_k5,4,90,火車 / train (90),54,orchid,蘭花 / orchid (54),81.0,False,False,False
vehicles_1,車輛 1,hardfirst,vehicles1_hardfirst_seed1_k5,4,90,火車 / train (90),55,otter,otter (55),43.0,False,False,False
vehicles_1,車輛 1,hardfirst,vehicles1_hardfirst_seed1_k5,4,90,火車 / train (90),56,palm_tree,palm_tree (56),89.0,False,False,False
vehicles_1,車輛 1,hardfirst,vehicles1_hardfirst_seed1_k5,4,90,火車 / train (90),57,pear,pear (57),78.0,False,False,False
vehicles_1,車輛 1,hardfirst,vehicles1_hardfirst_seed1_k5,4,90,火車 / train (90),58,pickup_truck,皮卡車 / pickup_truck (58),0.0,True,False,True
vehicles_1,車輛 1,hardfirst,vehicles1_hardfirst_seed1_k5,4,90,火車 / train (90),59,pine_tree,pine_tree (59),69.0,False,False,False
vehicles_1,車輛 1,hardfirst,vehicles1_hardfirst_seed1_k5,4,90,火車 / train (90),60,plain,plain (60),86.0,False,False,False
vehicles_1,車輛 1,hardfirst,vehicles1_hardfirst_seed1_k5,4,90,火車 / train (90),61,plate,plate (61),67.0,False,False,False
vehicles_1,車輛 1,hardfirst,vehicles1_hardfirst_seed1_k5,4,90,火車 / train (90),62,poppy,罌粟花 / poppy (62),80.0,False,False,False
vehicles_1,車輛 1,hardfirst,vehicles1_hardfirst_seed1_k5,4,90,火車 / train (90),63,porcupine,porcupine (63),68.0,False,False,False
vehicles_1,車輛 1,hardfirst,vehicles1_hardfirst_seed1_k5,4,90,火車 / train (90),64,possum,possum (64),51.0,False,False,False
vehicles_1,車輛 1,hardfirst,vehicles1_hardfirst_seed1_k5,4,90,火車 / train (90),65,rabbit,rabbit (65),57.0,False,False,False
vehicles_1,車輛 1,hardfirst,vehicles1_hardfirst_seed1_k5,4,90,火車 / train (90),66,raccoon,raccoon (66),78.0,False,False,False
vehicles_1,車輛 1,hardfirst,vehicles1_hardfirst_seed1_k5,4,90,火車 / train (90),67,ray,ray (67),56.0,False,False,False
vehicles_1,車輛 1,hardfirst,vehicles1_hardfirst_seed1_k5,4,90,火車 / train (90),68,road,road (68),93.0,False,False,False
vehicles_1,車輛 1,hardfirst,vehicles1_hardfirst_seed1_k5,4,90,火車 / train (90),69,rocket,rocket (69),78.0,False,False,False
vehicles_1,車輛 1,hardfirst,vehicles1_hardfirst_seed1_k5,4,90,火車 / train (90),70,rose,玫瑰 / rose (70),69.0,False,False,False
vehicles_1,車輛 1,hardfirst,vehicles1_hardfirst_seed1_k5,4,90,火車 / train (90),71,sea,sea (71),79.0,False,False,False
vehicles_1,車輛 1,hardfirst,vehicles1_hardfirst_seed1_k5,4,90,火車 / train (90),72,seal,seal (72),44.0,False,False,False
vehicles_1,車輛 1,hardfirst,vehicles1_hardfirst_seed1_k5,4,90,火車 / train (90),73,shark,shark (73),57.0,False,False,False
vehicles_1,車輛 1,hardfirst,vehicles1_hardfirst_seed1_k5,4,90,火車 / train (90),74,shrew,shrew (74),49.0,False,False,False
vehicles_1,車輛 1,hardfirst,vehicles1_hardfirst_seed1_k5,4,90,火車 / train (90),75,skunk,skunk (75),89.0,False,False,False
vehicles_1,車輛 1,hardfirst,vehicles1_hardfirst_seed1_k5,4,90,火車 / train (90),76,skyscraper,skyscraper (76),88.0,False,False,False
vehicles_1,車輛 1,hardfirst,vehicles1_hardfirst_seed1_k5,4,90,火車 / train (90),77,snail,snail (77),63.0,False,False,False
vehicles_1,車輛 1,hardfirst,vehicles1_hardfirst_seed1_k5,4,90,火車 / train (90),78,snake,snake (78),61.0,False,False,False
vehicles_1,車輛 1,hardfirst,vehicles1_hardfirst_seed1_k5,4,90,火車 / train (90),79,spider,spider (79),72.0,False,False,False
vehicles_1,車輛 1,hardfirst,vehicles1_hardfirst_seed1_k5,4,90,火車 / train (90),80,squirrel,squirrel (80),57.0,False,False,False
vehicles_1,車輛 1,hardfirst,vehicles1_hardfirst_seed1_k5,4,90,火車 / train (90),81,streetcar,streetcar (81),82.0,False,False,False
vehicles_1,車輛 1,hardfirst,vehicles1_hardfirst_seed1_k5,4,90,火車 / train (90),82,sunflower,向日葵 / sunflower (82),92.0,False,False,False
vehicles_1,車輛 1,hardfirst,vehicles1_hardfirst_seed1_k5,4,90,火車 / train (90),83,sweet_pepper,sweet_pepper (83),66.0,False,False,False
vehicles_1,車輛 1,hardfirst,vehicles1_hardfirst_seed1_k5,4,90,火車 / train (90),84,table,table (84),69.0,False,False,False
vehicles_1,車輛 1,hardfirst,vehicles1_hardfirst_seed1_k5,4,90,火車 / train (90),85,tank,tank (85),75.0,False,False,False
vehicles_1,車輛 1,hardfirst,vehicles1_hardfirst_seed1_k5,4,90,火車 / train (90),86,telephone,telephone (86),69.0,False,False,False
vehicles_1,車輛 1,hardfirst,vehicles1_hardfirst_seed1_k5,4,90,火車 / train (90),87,television,television (87),77.0,False,False,False
vehicles_1,車輛 1,hardfirst,vehicles1_hardfirst_seed1_k5,4,90,火車 / train (90),88,tiger,tiger (88),80.0,False,False,False
vehicles_1,車輛 1,hardfirst,vehicles1_hardfirst_seed1_k5,4,90,火車 / train (90),89,tractor,tractor (89),85.0,False,False,False
vehicles_1,車輛 1,hardfirst,vehicles1_hardfirst_seed1_k5,4,90,火車 / train (90),90,train,火車 / train (90),0.0,True,True,True
vehicles_1,車輛 1,hardfirst,vehicles1_hardfirst_seed1_k5,4,90,火車 / train (90),91,trout,trout (91),79.0,False,False,False
vehicles_1,車輛 1,hardfirst,vehicles1_hardfirst_seed1_k5,4,90,火車 / train (90),92,tulip,鬱金香 / tulip (92),61.0,False,False,False
vehicles_1,車輛 1,hardfirst,vehicles1_hardfirst_seed1_k5,4,90,火車 / train (90),93,turtle,turtle (93),56.0,False,False,False
vehicles_1,車輛 1,hardfirst,vehicles1_hardfirst_seed1_k5,4,90,火車 / train (90),94,wardrobe,wardrobe (94),92.0,False,False,False
vehicles_1,車輛 1,hardfirst,vehicles1_hardfirst_seed1_k5,4,90,火車 / train (90),95,whale,whale (95),73.0,False,False,False
vehicles_1,車輛 1,hardfirst,vehicles1_hardfirst_seed1_k5,4,90,火車 / train (90),96,willow_tree,willow_tree (96),60.0,False,False,False
vehicles_1,車輛 1,hardfirst,vehicles1_hardfirst_seed1_k5,4,90,火車 / train (90),97,wolf,wolf (97),74.0,False,False,False
vehicles_1,車輛 1,hardfirst,vehicles1_hardfirst_seed1_k5,4,90,火車 / train (90),98,woman,woman (98),48.0,False,False,False
vehicles_1,車輛 1,hardfirst,vehicles1_hardfirst_seed1_k5,4,90,火車 / train (90),99,worm,worm (99),72.0,False,False,False
vehicles_1,車輛 1,hardfirst,vehicles1_hardfirst_seed1_k5,5,48,摩托車 / motorcycle (48),0,apple,apple (0),88.0,False,False,False
vehicles_1,車輛 1,hardfirst,vehicles1_hardfirst_seed1_k5,5,48,摩托車 / motorcycle (48),1,aquarium_fish,aquarium_fish (1),82.0,False,False,False
vehicles_1,車輛 1,hardfirst,vehicles1_hardfirst_seed1_k5,5,48,摩托車 / motorcycle (48),2,baby,baby (2),62.0,False,False,False
vehicles_1,車輛 1,hardfirst,vehicles1_hardfirst_seed1_k5,5,48,摩托車 / motorcycle (48),3,bear,bear (3),50.0,False,False,False
vehicles_1,車輛 1,hardfirst,vehicles1_hardfirst_seed1_k5,5,48,摩托車 / motorcycle (48),4,beaver,beaver (4),60.0,False,False,False
vehicles_1,車輛 1,hardfirst,vehicles1_hardfirst_seed1_k5,5,48,摩托車 / motorcycle (48),5,bed,bed (5),73.0,False,False,False
vehicles_1,車輛 1,hardfirst,vehicles1_hardfirst_seed1_k5,5,48,摩托車 / motorcycle (48),6,bee,bee (6),82.0,False,False,False
vehicles_1,車輛 1,hardfirst,vehicles1_hardfirst_seed1_k5,5,48,摩托車 / motorcycle (48),7,beetle,beetle (7),77.0,False,False,False
vehicles_1,車輛 1,hardfirst,vehicles1_hardfirst_seed1_k5,5,48,摩托車 / motorcycle (48),8,bicycle,腳踏車 / bicycle (8),48.0,True,False,True
vehicles_1,車輛 1,hardfirst,vehicles1_hardfirst_seed1_k5,5,48,摩托車 / motorcycle (48),9,bottle,bottle (9),82.0,False,False,False
vehicles_1,車輛 1,hardfirst,vehicles1_hardfirst_seed1_k5,5,48,摩托車 / motorcycle (48),10,bowl,bowl (10),47.0,False,False,False
vehicles_1,車輛 1,hardfirst,vehicles1_hardfirst_seed1_k5,5,48,摩托車 / motorcycle (48),11,boy,boy (11),47.0,False,False,False
vehicles_1,車輛 1,hardfirst,vehicles1_hardfirst_seed1_k5,5,48,摩托車 / motorcycle (48),12,bridge,bridge (12),80.0,False,False,False
vehicles_1,車輛 1,hardfirst,vehicles1_hardfirst_seed1_k5,5,48,摩托車 / motorcycle (48),13,bus,公車 / bus (13),0.0,True,False,True
vehicles_1,車輛 1,hardfirst,vehicles1_hardfirst_seed1_k5,5,48,摩托車 / motorcycle (48),14,butterfly,butterfly (14),53.0,False,False,False
vehicles_1,車輛 1,hardfirst,vehicles1_hardfirst_seed1_k5,5,48,摩托車 / motorcycle (48),15,camel,駱駝 / camel (15),75.0,False,False,False
vehicles_1,車輛 1,hardfirst,vehicles1_hardfirst_seed1_k5,5,48,摩托車 / motorcycle (48),16,can,can (16),77.0,False,False,False
vehicles_1,車輛 1,hardfirst,vehicles1_hardfirst_seed1_k5,5,48,摩托車 / motorcycle (48),17,castle,castle (17),83.0,False,False,False
vehicles_1,車輛 1,hardfirst,vehicles1_hardfirst_seed1_k5,5,48,摩托車 / motorcycle (48),18,caterpillar,caterpillar (18),65.0,False,False,False
vehicles_1,車輛 1,hardfirst,vehicles1_hardfirst_seed1_k5,5,48,摩托車 / motorcycle (48),19,cattle,牛 / cattle (19),65.0,False,False,False
vehicles_1,車輛 1,hardfirst,vehicles1_hardfirst_seed1_k5,5,48,摩托車 / motorcycle (48),20,chair,chair (20),86.0,False,False,False
vehicles_1,車輛 1,hardfirst,vehicles1_hardfirst_seed1_k5,5,48,摩托車 / motorcycle (48),21,chimpanzee,黑猩猩 / chimpanzee (21),88.0,False,False,False
vehicles_1,車輛 1,hardfirst,vehicles1_hardfirst_seed1_k5,5,48,摩托車 / motorcycle (48),22,clock,clock (22),66.0,False,False,False
vehicles_1,車輛 1,hardfirst,vehicles1_hardfirst_seed1_k5,5,48,摩托車 / motorcycle (48),23,cloud,cloud (23),80.0,False,False,False
vehicles_1,車輛 1,hardfirst,vehicles1_hardfirst_seed1_k5,5,48,摩托車 / motorcycle (48),24,cockroach,cockroach (24),78.0,False,False,False
vehicles_1,車輛 1,hardfirst,vehicles1_hardfirst_seed1_k5,5,48,摩托車 / motorcycle (48),25,couch,couch (25),56.0,False,False,False
vehicles_1,車輛 1,hardfirst,vehicles1_hardfirst_seed1_k5,5,48,摩托車 / motorcycle (48),26,crab,crab (26),66.0,False,False,False
vehicles_1,車輛 1,hardfirst,vehicles1_hardfirst_seed1_k5,5,48,摩托車 / motorcycle (48),27,crocodile,crocodile (27),56.0,False,False,False
vehicles_1,車輛 1,hardfirst,vehicles1_hardfirst_seed1_k5,5,48,摩托車 / motorcycle (48),28,cup,cup (28),74.0,False,False,False
vehicles_1,車輛 1,hardfirst,vehicles1_hardfirst_seed1_k5,5,48,摩托車 / motorcycle (48),29,dinosaur,dinosaur (29),64.0,False,False,False
vehicles_1,車輛 1,hardfirst,vehicles1_hardfirst_seed1_k5,5,48,摩托車 / motorcycle (48),30,dolphin,dolphin (30),67.0,False,False,False
vehicles_1,車輛 1,hardfirst,vehicles1_hardfirst_seed1_k5,5,48,摩托車 / motorcycle (48),31,elephant,大象 / elephant (31),66.0,False,False,False
vehicles_1,車輛 1,hardfirst,vehicles1_hardfirst_seed1_k5,5,48,摩托車 / motorcycle (48),32,flatfish,flatfish (32),65.0,False,False,False
vehicles_1,車輛 1,hardfirst,vehicles1_hardfirst_seed1_k5,5,48,摩托車 / motorcycle (48),33,forest,forest (33),60.0,False,False,False
vehicles_1,車輛 1,hardfirst,vehicles1_hardfirst_seed1_k5,5,48,摩托車 / motorcycle (48),34,fox,fox (34),75.0,False,False,False
vehicles_1,車輛 1,hardfirst,vehicles1_hardfirst_seed1_k5,5,48,摩托車 / motorcycle (48),35,girl,girl (35),51.0,False,False,False
vehicles_1,車輛 1,hardfirst,vehicles1_hardfirst_seed1_k5,5,48,摩托車 / motorcycle (48),36,hamster,hamster (36),82.0,False,False,False
vehicles_1,車輛 1,hardfirst,vehicles1_hardfirst_seed1_k5,5,48,摩托車 / motorcycle (48),37,house,house (37),80.0,False,False,False
vehicles_1,車輛 1,hardfirst,vehicles1_hardfirst_seed1_k5,5,48,摩托車 / motorcycle (48),38,kangaroo,袋鼠 / kangaroo (38),65.0,False,False,False
vehicles_1,車輛 1,hardfirst,vehicles1_hardfirst_seed1_k5,5,48,摩托車 / motorcycle (48),39,keyboard,keyboard (39),78.0,False,False,False
vehicles_1,車輛 1,hardfirst,vehicles1_hardfirst_seed1_k5,5,48,摩托車 / motorcycle (48),40,lamp,lamp (40),61.0,False,False,False
vehicles_1,車輛 1,hardfirst,vehicles1_hardfirst_seed1_k5,5,48,摩托車 / motorcycle (48),41,lawn_mower,lawn_mower (41),90.0,False,False,False
vehicles_1,車輛 1,hardfirst,vehicles1_hardfirst_seed1_k5,5,48,摩托車 / motorcycle (48),42,leopard,leopard (42),73.0,False,False,False
vehicles_1,車輛 1,hardfirst,vehicles1_hardfirst_seed1_k5,5,48,摩托車 / motorcycle (48),43,lion,lion (43),83.0,False,False,False
vehicles_1,車輛 1,hardfirst,vehicles1_hardfirst_seed1_k5,5,48,摩托車 / motorcycle (48),44,lizard,lizard (44),47.0,False,False,False
vehicles_1,車輛 1,hardfirst,vehicles1_hardfirst_seed1_k5,5,48,摩托車 / motorcycle (48),45,lobster,lobster (45),65.0,False,False,False
vehicles_1,車輛 1,hardfirst,vehicles1_hardfirst_seed1_k5,5,48,摩托車 / motorcycle (48),46,man,man (46),51.0,False,False,False
vehicles_1,車輛 1,hardfirst,vehicles1_hardfirst_seed1_k5,5,48,摩托車 / motorcycle (48),47,maple_tree,maple_tree (47),65.0,False,False,False
vehicles_1,車輛 1,hardfirst,vehicles1_hardfirst_seed1_k5,5,48,摩托車 / motorcycle (48),48,motorcycle,摩托車 / motorcycle (48),0.0,True,True,True
vehicles_1,車輛 1,hardfirst,vehicles1_hardfirst_seed1_k5,5,48,摩托車 / motorcycle (48),49,mountain,mountain (49),84.0,False,False,False
vehicles_1,車輛 1,hardfirst,vehicles1_hardfirst_seed1_k5,5,48,摩托車 / motorcycle (48),50,mouse,mouse (50),54.0,False,False,False
vehicles_1,車輛 1,hardfirst,vehicles1_hardfirst_seed1_k5,5,48,摩托車 / motorcycle (48),51,mushroom,mushroom (51),72.0,False,False,False
vehicles_1,車輛 1,hardfirst,vehicles1_hardfirst_seed1_k5,5,48,摩托車 / motorcycle (48),52,oak_tree,oak_tree (52),67.0,False,False,False
vehicles_1,車輛 1,hardfirst,vehicles1_hardfirst_seed1_k5,5,48,摩托車 / motorcycle (48),53,orange,orange (53),91.0,False,False,False
vehicles_1,車輛 1,hardfirst,vehicles1_hardfirst_seed1_k5,5,48,摩托車 / motorcycle (48),54,orchid,蘭花 / orchid (54),81.0,False,False,False
vehicles_1,車輛 1,hardfirst,vehicles1_hardfirst_seed1_k5,5,48,摩托車 / motorcycle (48),55,otter,otter (55),43.0,False,False,False
vehicles_1,車輛 1,hardfirst,vehicles1_hardfirst_seed1_k5,5,48,摩托車 / motorcycle (48),56,palm_tree,palm_tree (56),88.0,False,False,False
vehicles_1,車輛 1,hardfirst,vehicles1_hardfirst_seed1_k5,5,48,摩托車 / motorcycle (48),57,pear,pear (57),79.0,False,False,False
vehicles_1,車輛 1,hardfirst,vehicles1_hardfirst_seed1_k5,5,48,摩托車 / motorcycle (48),58,pickup_truck,皮卡車 / pickup_truck (58),0.0,True,False,True
vehicles_1,車輛 1,hardfirst,vehicles1_hardfirst_seed1_k5,5,48,摩托車 / motorcycle (48),59,pine_tree,pine_tree (59),71.0,False,False,False
vehicles_1,車輛 1,hardfirst,vehicles1_hardfirst_seed1_k5,5,48,摩托車 / motorcycle (48),60,plain,plain (60),86.0,False,False,False
vehicles_1,車輛 1,hardfirst,vehicles1_hardfirst_seed1_k5,5,48,摩托車 / motorcycle (48),61,plate,plate (61),70.0,False,False,False
vehicles_1,車輛 1,hardfirst,vehicles1_hardfirst_seed1_k5,5,48,摩托車 / motorcycle (48),62,poppy,罌粟花 / poppy (62),80.0,False,False,False
vehicles_1,車輛 1,hardfirst,vehicles1_hardfirst_seed1_k5,5,48,摩托車 / motorcycle (48),63,porcupine,porcupine (63),70.0,False,False,False
vehicles_1,車輛 1,hardfirst,vehicles1_hardfirst_seed1_k5,5,48,摩托車 / motorcycle (48),64,possum,possum (64),50.0,False,False,False
vehicles_1,車輛 1,hardfirst,vehicles1_hardfirst_seed1_k5,5,48,摩托車 / motorcycle (48),65,rabbit,rabbit (65),59.0,False,False,False
vehicles_1,車輛 1,hardfirst,vehicles1_hardfirst_seed1_k5,5,48,摩托車 / motorcycle (48),66,raccoon,raccoon (66),79.0,False,False,False
vehicles_1,車輛 1,hardfirst,vehicles1_hardfirst_seed1_k5,5,48,摩托車 / motorcycle (48),67,ray,ray (67),54.0,False,False,False
vehicles_1,車輛 1,hardfirst,vehicles1_hardfirst_seed1_k5,5,48,摩托車 / motorcycle (48),68,road,road (68),94.0,False,False,False
vehicles_1,車輛 1,hardfirst,vehicles1_hardfirst_seed1_k5,5,48,摩托車 / motorcycle (48),69,rocket,rocket (69),81.0,False,False,False
vehicles_1,車輛 1,hardfirst,vehicles1_hardfirst_seed1_k5,5,48,摩托車 / motorcycle (48),70,rose,玫瑰 / rose (70),69.0,False,False,False
vehicles_1,車輛 1,hardfirst,vehicles1_hardfirst_seed1_k5,5,48,摩托車 / motorcycle (48),71,sea,sea (71),80.0,False,False,False
vehicles_1,車輛 1,hardfirst,vehicles1_hardfirst_seed1_k5,5,48,摩托車 / motorcycle (48),72,seal,seal (72),46.0,False,False,False
vehicles_1,車輛 1,hardfirst,vehicles1_hardfirst_seed1_k5,5,48,摩托車 / motorcycle (48),73,shark,shark (73),59.0,False,False,False
vehicles_1,車輛 1,hardfirst,vehicles1_hardfirst_seed1_k5,5,48,摩托車 / motorcycle (48),74,shrew,shrew (74),49.0,False,False,False
vehicles_1,車輛 1,hardfirst,vehicles1_hardfirst_seed1_k5,5,48,摩托車 / motorcycle (48),75,skunk,skunk (75),89.0,False,False,False
vehicles_1,車輛 1,hardfirst,vehicles1_hardfirst_seed1_k5,5,48,摩托車 / motorcycle (48),76,skyscraper,skyscraper (76),88.0,False,False,False
vehicles_1,車輛 1,hardfirst,vehicles1_hardfirst_seed1_k5,5,48,摩托車 / motorcycle (48),77,snail,snail (77),66.0,False,False,False
vehicles_1,車輛 1,hardfirst,vehicles1_hardfirst_seed1_k5,5,48,摩托車 / motorcycle (48),78,snake,snake (78),61.0,False,False,False
vehicles_1,車輛 1,hardfirst,vehicles1_hardfirst_seed1_k5,5,48,摩托車 / motorcycle (48),79,spider,spider (79),70.0,False,False,False
vehicles_1,車輛 1,hardfirst,vehicles1_hardfirst_seed1_k5,5,48,摩托車 / motorcycle (48),80,squirrel,squirrel (80),54.0,False,False,False
vehicles_1,車輛 1,hardfirst,vehicles1_hardfirst_seed1_k5,5,48,摩托車 / motorcycle (48),81,streetcar,streetcar (81),81.0,False,False,False
vehicles_1,車輛 1,hardfirst,vehicles1_hardfirst_seed1_k5,5,48,摩托車 / motorcycle (48),82,sunflower,向日葵 / sunflower (82),94.0,False,False,False
vehicles_1,車輛 1,hardfirst,vehicles1_hardfirst_seed1_k5,5,48,摩托車 / motorcycle (48),83,sweet_pepper,sweet_pepper (83),66.0,False,False,False
vehicles_1,車輛 1,hardfirst,vehicles1_hardfirst_seed1_k5,5,48,摩托車 / motorcycle (48),84,table,table (84),70.0,False,False,False
vehicles_1,車輛 1,hardfirst,vehicles1_hardfirst_seed1_k5,5,48,摩托車 / motorcycle (48),85,tank,tank (85),74.0,False,False,False
vehicles_1,車輛 1,hardfirst,vehicles1_hardfirst_seed1_k5,5,48,摩托車 / motorcycle (48),86,telephone,telephone (86),69.0,False,False,False
vehicles_1,車輛 1,hardfirst,vehicles1_hardfirst_seed1_k5,5,48,摩托車 / motorcycle (48),87,television,television (87),79.0,False,False,False
vehicles_1,車輛 1,hardfirst,vehicles1_hardfirst_seed1_k5,5,48,摩托車 / motorcycle (48),88,tiger,tiger (88),79.0,False,False,False
vehicles_1,車輛 1,hardfirst,vehicles1_hardfirst_seed1_k5,5,48,摩托車 / motorcycle (48),89,tractor,tractor (89),84.0,False,False,False
vehicles_1,車輛 1,hardfirst,vehicles1_hardfirst_seed1_k5,5,48,摩托車 / motorcycle (48),90,train,火車 / train (90),0.0,True,False,True
vehicles_1,車輛 1,hardfirst,vehicles1_hardfirst_seed1_k5,5,48,摩托車 / motorcycle (48),91,trout,trout (91),77.0,False,False,False
vehicles_1,車輛 1,hardfirst,vehicles1_hardfirst_seed1_k5,5,48,摩托車 / motorcycle (48),92,tulip,鬱金香 / tulip (92),59.0,False,False,False
vehicles_1,車輛 1,hardfirst,vehicles1_hardfirst_seed1_k5,5,48,摩托車 / motorcycle (48),93,turtle,turtle (93),58.0,False,False,False
vehicles_1,車輛 1,hardfirst,vehicles1_hardfirst_seed1_k5,5,48,摩托車 / motorcycle (48),94,wardrobe,wardrobe (94),92.0,False,False,False
vehicles_1,車輛 1,hardfirst,vehicles1_hardfirst_seed1_k5,5,48,摩托車 / motorcycle (48),95,whale,whale (95),74.0,False,False,False
vehicles_1,車輛 1,hardfirst,vehicles1_hardfirst_seed1_k5,5,48,摩托車 / motorcycle (48),96,willow_tree,willow_tree (96),62.0,False,False,False
vehicles_1,車輛 1,hardfirst,vehicles1_hardfirst_seed1_k5,5,48,摩托車 / motorcycle (48),97,wolf,wolf (97),74.0,False,False,False
vehicles_1,車輛 1,hardfirst,vehicles1_hardfirst_seed1_k5,5,48,摩托車 / motorcycle (48),98,woman,woman (98),49.0,False,False,False
vehicles_1,車輛 1,hardfirst,vehicles1_hardfirst_seed1_k5,5,48,摩托車 / motorcycle (48),99,worm,worm (99),72.0,False,False,False
flowers,花卉,official,flowers_official_seed1_k5,1,54,蘭花 / orchid (54),0,apple,apple (0),87.0,False,False,False
flowers,花卉,official,flowers_official_seed1_k5,1,54,蘭花 / orchid (54),1,aquarium_fish,aquarium_fish (1),83.0,False,False,False
flowers,花卉,official,flowers_official_seed1_k5,1,54,蘭花 / orchid (54),2,baby,baby (2),58.0,False,False,False
flowers,花卉,official,flowers_official_seed1_k5,1,54,蘭花 / orchid (54),3,bear,bear (3),50.0,False,False,False
flowers,花卉,official,flowers_official_seed1_k5,1,54,蘭花 / orchid (54),4,beaver,beaver (4),59.0,False,False,False
flowers,花卉,official,flowers_official_seed1_k5,1,54,蘭花 / orchid (54),5,bed,bed (5),69.0,False,False,False
flowers,花卉,official,flowers_official_seed1_k5,1,54,蘭花 / orchid (54),6,bee,bee (6),79.0,False,False,False
flowers,花卉,official,flowers_official_seed1_k5,1,54,蘭花 / orchid (54),7,beetle,beetle (7),71.0,False,False,False
flowers,花卉,official,flowers_official_seed1_k5,1,54,蘭花 / orchid (54),8,bicycle,腳踏車 / bicycle (8),79.0,False,False,False
flowers,花卉,official,flowers_official_seed1_k5,1,54,蘭花 / orchid (54),9,bottle,bottle (9),82.0,False,False,False
flowers,花卉,official,flowers_official_seed1_k5,1,54,蘭花 / orchid (54),10,bowl,bowl (10),45.0,False,False,False
flowers,花卉,official,flowers_official_seed1_k5,1,54,蘭花 / orchid (54),11,boy,boy (11),48.0,False,False,False
flowers,花卉,official,flowers_official_seed1_k5,1,54,蘭花 / orchid (54),12,bridge,bridge (12),79.0,False,False,False
flowers,花卉,official,flowers_official_seed1_k5,1,54,蘭花 / orchid (54),13,bus,公車 / bus (13),65.0,False,False,False
flowers,花卉,official,flowers_official_seed1_k5,1,54,蘭花 / orchid (54),14,butterfly,butterfly (14),56.0,False,False,False
flowers,花卉,official,flowers_official_seed1_k5,1,54,蘭花 / orchid (54),15,camel,駱駝 / camel (15),75.0,False,False,False
flowers,花卉,official,flowers_official_seed1_k5,1,54,蘭花 / orchid (54),16,can,can (16),78.0,False,False,False
flowers,花卉,official,flowers_official_seed1_k5,1,54,蘭花 / orchid (54),17,castle,castle (17),81.0,False,False,False
flowers,花卉,official,flowers_official_seed1_k5,1,54,蘭花 / orchid (54),18,caterpillar,caterpillar (18),65.0,False,False,False
flowers,花卉,official,flowers_official_seed1_k5,1,54,蘭花 / orchid (54),19,cattle,牛 / cattle (19),64.0,False,False,False
flowers,花卉,official,flowers_official_seed1_k5,1,54,蘭花 / orchid (54),20,chair,chair (20),86.0,False,False,False
flowers,花卉,official,flowers_official_seed1_k5,1,54,蘭花 / orchid (54),21,chimpanzee,黑猩猩 / chimpanzee (21),85.0,False,False,False
flowers,花卉,official,flowers_official_seed1_k5,1,54,蘭花 / orchid (54),22,clock,clock (22),68.0,False,False,False
flowers,花卉,official,flowers_official_seed1_k5,1,54,蘭花 / orchid (54),23,cloud,cloud (23),79.0,False,False,False
flowers,花卉,official,flowers_official_seed1_k5,1,54,蘭花 / orchid (54),24,cockroach,cockroach (24),79.0,False,False,False
flowers,花卉,official,flowers_official_seed1_k5,1,54,蘭花 / orchid (54),25,couch,couch (25),55.0,False,False,False
flowers,花卉,official,flowers_official_seed1_k5,1,54,蘭花 / orchid (54),26,crab,crab (26),59.0,False,False,False
flowers,花卉,official,flowers_official_seed1_k5,1,54,蘭花 / orchid (54),27,crocodile,crocodile (27),56.0,False,False,False
flowers,花卉,official,flowers_official_seed1_k5,1,54,蘭花 / orchid (54),28,cup,cup (28),74.0,False,False,False
flowers,花卉,official,flowers_official_seed1_k5,1,54,蘭花 / orchid (54),29,dinosaur,dinosaur (29),64.0,False,False,False
flowers,花卉,official,flowers_official_seed1_k5,1,54,蘭花 / orchid (54),30,dolphin,dolphin (30),69.0,False,False,False
flowers,花卉,official,flowers_official_seed1_k5,1,54,蘭花 / orchid (54),31,elephant,大象 / elephant (31),67.0,False,False,False
flowers,花卉,official,flowers_official_seed1_k5,1,54,蘭花 / orchid (54),32,flatfish,flatfish (32),63.0,False,False,False
flowers,花卉,official,flowers_official_seed1_k5,1,54,蘭花 / orchid (54),33,forest,forest (33),61.0,False,False,False
flowers,花卉,official,flowers_official_seed1_k5,1,54,蘭花 / orchid (54),34,fox,fox (34),77.0,False,False,False
flowers,花卉,official,flowers_official_seed1_k5,1,54,蘭花 / orchid (54),35,girl,girl (35),50.0,False,False,False
flowers,花卉,official,flowers_official_seed1_k5,1,54,蘭花 / orchid (54),36,hamster,hamster (36),80.0,False,False,False
flowers,花卉,official,flowers_official_seed1_k5,1,54,蘭花 / orchid (54),37,house,house (37),77.0,False,False,False
flowers,花卉,official,flowers_official_seed1_k5,1,54,蘭花 / orchid (54),38,kangaroo,袋鼠 / kangaroo (38),62.0,False,False,False
flowers,花卉,official,flowers_official_seed1_k5,1,54,蘭花 / orchid (54),39,keyboard,keyboard (39),79.0,False,False,False
flowers,花卉,official,flowers_official_seed1_k5,1,54,蘭花 / orchid (54),40,lamp,lamp (40),60.0,False,False,False
flowers,花卉,official,flowers_official_seed1_k5,1,54,蘭花 / orchid (54),41,lawn_mower,lawn_mower (41),89.0,False,False,False
flowers,花卉,official,flowers_official_seed1_k5,1,54,蘭花 / orchid (54),42,leopard,leopard (42),74.0,False,False,False
flowers,花卉,official,flowers_official_seed1_k5,1,54,蘭花 / orchid (54),43,lion,lion (43),81.0,False,False,False
flowers,花卉,official,flowers_official_seed1_k5,1,54,蘭花 / orchid (54),44,lizard,lizard (44),43.0,False,False,False
flowers,花卉,official,flowers_official_seed1_k5,1,54,蘭花 / orchid (54),45,lobster,lobster (45),64.0,False,False,False
flowers,花卉,official,flowers_official_seed1_k5,1,54,蘭花 / orchid (54),46,man,man (46),47.0,False,False,False
flowers,花卉,official,flowers_official_seed1_k5,1,54,蘭花 / orchid (54),47,maple_tree,maple_tree (47),67.0,False,False,False
flowers,花卉,official,flowers_official_seed1_k5,1,54,蘭花 / orchid (54),48,motorcycle,摩托車 / motorcycle (48),91.0,False,False,False
flowers,花卉,official,flowers_official_seed1_k5,1,54,蘭花 / orchid (54),49,mountain,mountain (49),82.0,False,False,False
flowers,花卉,official,flowers_official_seed1_k5,1,54,蘭花 / orchid (54),50,mouse,mouse (50),54.0,False,False,False
flowers,花卉,official,flowers_official_seed1_k5,1,54,蘭花 / orchid (54),51,mushroom,mushroom (51),67.0,False,False,False
flowers,花卉,official,flowers_official_seed1_k5,1,54,蘭花 / orchid (54),52,oak_tree,oak_tree (52),66.0,False,False,False
flowers,花卉,official,flowers_official_seed1_k5,1,54,蘭花 / orchid (54),53,orange,orange (53),88.0,False,False,False
flowers,花卉,official,flowers_official_seed1_k5,1,54,蘭花 / orchid (54),54,orchid,蘭花 / orchid (54),0.0,True,True,True
flowers,花卉,official,flowers_official_seed1_k5,1,54,蘭花 / orchid (54),55,otter,otter (55),38.0,False,False,False
flowers,花卉,official,flowers_official_seed1_k5,1,54,蘭花 / orchid (54),56,palm_tree,palm_tree (56),86.0,False,False,False
flowers,花卉,official,flowers_official_seed1_k5,1,54,蘭花 / orchid (54),57,pear,pear (57),77.0,False,False,False
flowers,花卉,official,flowers_official_seed1_k5,1,54,蘭花 / orchid (54),58,pickup_truck,皮卡車 / pickup_truck (58),84.0,False,False,False
flowers,花卉,official,flowers_official_seed1_k5,1,54,蘭花 / orchid (54),59,pine_tree,pine_tree (59),70.0,False,False,False
flowers,花卉,official,flowers_official_seed1_k5,1,54,蘭花 / orchid (54),60,plain,plain (60),86.0,False,False,False
flowers,花卉,official,flowers_official_seed1_k5,1,54,蘭花 / orchid (54),61,plate,plate (61),68.0,False,False,False
flowers,花卉,official,flowers_official_seed1_k5,1,54,蘭花 / orchid (54),62,poppy,罌粟花 / poppy (62),81.0,False,False,True
flowers,花卉,official,flowers_official_seed1_k5,1,54,蘭花 / orchid (54),63,porcupine,porcupine (63),67.0,False,False,False
flowers,花卉,official,flowers_official_seed1_k5,1,54,蘭花 / orchid (54),64,possum,possum (64),53.0,False,False,False
flowers,花卉,official,flowers_official_seed1_k5,1,54,蘭花 / orchid (54),65,rabbit,rabbit (65),61.0,False,False,False
flowers,花卉,official,flowers_official_seed1_k5,1,54,蘭花 / orchid (54),66,raccoon,raccoon (66),79.0,False,False,False
flowers,花卉,official,flowers_official_seed1_k5,1,54,蘭花 / orchid (54),67,ray,ray (67),57.0,False,False,False
flowers,花卉,official,flowers_official_seed1_k5,1,54,蘭花 / orchid (54),68,road,road (68),93.0,False,False,False
flowers,花卉,official,flowers_official_seed1_k5,1,54,蘭花 / orchid (54),69,rocket,rocket (69),79.0,False,False,False
flowers,花卉,official,flowers_official_seed1_k5,1,54,蘭花 / orchid (54),70,rose,玫瑰 / rose (70),71.0,False,False,True
flowers,花卉,official,flowers_official_seed1_k5,1,54,蘭花 / orchid (54),71,sea,sea (71),79.0,False,False,False
flowers,花卉,official,flowers_official_seed1_k5,1,54,蘭花 / orchid (54),72,seal,seal (72),46.0,False,False,False
flowers,花卉,official,flowers_official_seed1_k5,1,54,蘭花 / orchid (54),73,shark,shark (73),59.0,False,False,False
flowers,花卉,official,flowers_official_seed1_k5,1,54,蘭花 / orchid (54),74,shrew,shrew (74),50.0,False,False,False
flowers,花卉,official,flowers_official_seed1_k5,1,54,蘭花 / orchid (54),75,skunk,skunk (75),90.0,False,False,False
flowers,花卉,official,flowers_official_seed1_k5,1,54,蘭花 / orchid (54),76,skyscraper,skyscraper (76),88.0,False,False,False
flowers,花卉,official,flowers_official_seed1_k5,1,54,蘭花 / orchid (54),77,snail,snail (77),63.0,False,False,False
flowers,花卉,official,flowers_official_seed1_k5,1,54,蘭花 / orchid (54),78,snake,snake (78),62.0,False,False,False
flowers,花卉,official,flowers_official_seed1_k5,1,54,蘭花 / orchid (54),79,spider,spider (79),68.0,False,False,False
flowers,花卉,official,flowers_official_seed1_k5,1,54,蘭花 / orchid (54),80,squirrel,squirrel (80),59.0,False,False,False
flowers,花卉,official,flowers_official_seed1_k5,1,54,蘭花 / orchid (54),81,streetcar,streetcar (81),74.0,False,False,False
flowers,花卉,official,flowers_official_seed1_k5,1,54,蘭花 / orchid (54),82,sunflower,向日葵 / sunflower (82),88.0,False,False,True
flowers,花卉,official,flowers_official_seed1_k5,1,54,蘭花 / orchid (54),83,sweet_pepper,sweet_pepper (83),67.0,False,False,False
flowers,花卉,official,flowers_official_seed1_k5,1,54,蘭花 / orchid (54),84,table,table (84),69.0,False,False,False
flowers,花卉,official,flowers_official_seed1_k5,1,54,蘭花 / orchid (54),85,tank,tank (85),73.0,False,False,False
flowers,花卉,official,flowers_official_seed1_k5,1,54,蘭花 / orchid (54),86,telephone,telephone (86),68.0,False,False,False
flowers,花卉,official,flowers_official_seed1_k5,1,54,蘭花 / orchid (54),87,television,television (87),77.0,False,False,False
flowers,花卉,official,flowers_official_seed1_k5,1,54,蘭花 / orchid (54),88,tiger,tiger (88),80.0,False,False,False
flowers,花卉,official,flowers_official_seed1_k5,1,54,蘭花 / orchid (54),89,tractor,tractor (89),84.0,False,False,False
flowers,花卉,official,flowers_official_seed1_k5,1,54,蘭花 / orchid (54),90,train,火車 / train (90),82.0,False,False,False
flowers,花卉,official,flowers_official_seed1_k5,1,54,蘭花 / orchid (54),91,trout,trout (91),80.0,False,False,False
flowers,花卉,official,flowers_official_seed1_k5,1,54,蘭花 / orchid (54),92,tulip,鬱金香 / tulip (92),65.0,False,False,True
flowers,花卉,official,flowers_official_seed1_k5,1,54,蘭花 / orchid (54),93,turtle,turtle (93),56.0,False,False,False
flowers,花卉,official,flowers_official_seed1_k5,1,54,蘭花 / orchid (54),94,wardrobe,wardrobe (94),91.0,False,False,False
flowers,花卉,official,flowers_official_seed1_k5,1,54,蘭花 / orchid (54),95,whale,whale (95),73.0,False,False,False
flowers,花卉,official,flowers_official_seed1_k5,1,54,蘭花 / orchid (54),96,willow_tree,willow_tree (96),61.0,False,False,False
flowers,花卉,official,flowers_official_seed1_k5,1,54,蘭花 / orchid (54),97,wolf,wolf (97),76.0,False,False,False
flowers,花卉,official,flowers_official_seed1_k5,1,54,蘭花 / orchid (54),98,woman,woman (98),46.0,False,False,False
flowers,花卉,official,flowers_official_seed1_k5,1,54,蘭花 / orchid (54),99,worm,worm (99),70.0,False,False,False
flowers,花卉,official,flowers_official_seed1_k5,2,62,罌粟花 / poppy (62),0,apple,apple (0),87.0,False,False,False
flowers,花卉,official,flowers_official_seed1_k5,2,62,罌粟花 / poppy (62),1,aquarium_fish,aquarium_fish (1),80.0,False,False,False
flowers,花卉,official,flowers_official_seed1_k5,2,62,罌粟花 / poppy (62),2,baby,baby (2),60.0,False,False,False
flowers,花卉,official,flowers_official_seed1_k5,2,62,罌粟花 / poppy (62),3,bear,bear (3),51.0,False,False,False
flowers,花卉,official,flowers_official_seed1_k5,2,62,罌粟花 / poppy (62),4,beaver,beaver (4),57.0,False,False,False
flowers,花卉,official,flowers_official_seed1_k5,2,62,罌粟花 / poppy (62),5,bed,bed (5),68.0,False,False,False
flowers,花卉,official,flowers_official_seed1_k5,2,62,罌粟花 / poppy (62),6,bee,bee (6),82.0,False,False,False
flowers,花卉,official,flowers_official_seed1_k5,2,62,罌粟花 / poppy (62),7,beetle,beetle (7),78.0,False,False,False
flowers,花卉,official,flowers_official_seed1_k5,2,62,罌粟花 / poppy (62),8,bicycle,腳踏車 / bicycle (8),80.0,False,False,False
flowers,花卉,official,flowers_official_seed1_k5,2,62,罌粟花 / poppy (62),9,bottle,bottle (9),78.0,False,False,False
flowers,花卉,official,flowers_official_seed1_k5,2,62,罌粟花 / poppy (62),10,bowl,bowl (10),48.0,False,False,False
flowers,花卉,official,flowers_official_seed1_k5,2,62,罌粟花 / poppy (62),11,boy,boy (11),48.0,False,False,False
flowers,花卉,official,flowers_official_seed1_k5,2,62,罌粟花 / poppy (62),12,bridge,bridge (12),78.0,False,False,False
flowers,花卉,official,flowers_official_seed1_k5,2,62,罌粟花 / poppy (62),13,bus,公車 / bus (13),67.0,False,False,False
flowers,花卉,official,flowers_official_seed1_k5,2,62,罌粟花 / poppy (62),14,butterfly,butterfly (14),60.0,False,False,False
flowers,花卉,official,flowers_official_seed1_k5,2,62,罌粟花 / poppy (62),15,camel,駱駝 / camel (15),74.0,False,False,False
flowers,花卉,official,flowers_official_seed1_k5,2,62,罌粟花 / poppy (62),16,can,can (16),78.0,False,False,False
flowers,花卉,official,flowers_official_seed1_k5,2,62,罌粟花 / poppy (62),17,castle,castle (17),79.0,False,False,False
flowers,花卉,official,flowers_official_seed1_k5,2,62,罌粟花 / poppy (62),18,caterpillar,caterpillar (18),66.0,False,False,False
flowers,花卉,official,flowers_official_seed1_k5,2,62,罌粟花 / poppy (62),19,cattle,牛 / cattle (19),65.0,False,False,False
flowers,花卉,official,flowers_official_seed1_k5,2,62,罌粟花 / poppy (62),20,chair,chair (20),86.0,False,False,False
flowers,花卉,official,flowers_official_seed1_k5,2,62,罌粟花 / poppy (62),21,chimpanzee,黑猩猩 / chimpanzee (21),85.0,False,False,False
flowers,花卉,official,flowers_official_seed1_k5,2,62,罌粟花 / poppy (62),22,clock,clock (22),67.0,False,False,False
flowers,花卉,official,flowers_official_seed1_k5,2,62,罌粟花 / poppy (62),23,cloud,cloud (23),81.0,False,False,False
flowers,花卉,official,flowers_official_seed1_k5,2,62,罌粟花 / poppy (62),24,cockroach,cockroach (24),80.0,False,False,False
flowers,花卉,official,flowers_official_seed1_k5,2,62,罌粟花 / poppy (62),25,couch,couch (25),59.0,False,False,False
flowers,花卉,official,flowers_official_seed1_k5,2,62,罌粟花 / poppy (62),26,crab,crab (26),62.0,False,False,False
flowers,花卉,official,flowers_official_seed1_k5,2,62,罌粟花 / poppy (62),27,crocodile,crocodile (27),57.0,False,False,False
flowers,花卉,official,flowers_official_seed1_k5,2,62,罌粟花 / poppy (62),28,cup,cup (28),74.0,False,False,False
flowers,花卉,official,flowers_official_seed1_k5,2,62,罌粟花 / poppy (62),29,dinosaur,dinosaur (29),65.0,False,False,False
flowers,花卉,official,flowers_official_seed1_k5,2,62,罌粟花 / poppy (62),30,dolphin,dolphin (30),66.0,False,False,False
flowers,花卉,official,flowers_official_seed1_k5,2,62,罌粟花 / poppy (62),31,elephant,大象 / elephant (31),67.0,False,False,False
flowers,花卉,official,flowers_official_seed1_k5,2,62,罌粟花 / poppy (62),32,flatfish,flatfish (32),62.0,False,False,False
flowers,花卉,official,flowers_official_seed1_k5,2,62,罌粟花 / poppy (62),33,forest,forest (33),60.0,False,False,False
flowers,花卉,official,flowers_official_seed1_k5,2,62,罌粟花 / poppy (62),34,fox,fox (34),75.0,False,False,False
flowers,花卉,official,flowers_official_seed1_k5,2,62,罌粟花 / poppy (62),35,girl,girl (35),51.0,False,False,False
flowers,花卉,official,flowers_official_seed1_k5,2,62,罌粟花 / poppy (62),36,hamster,hamster (36),78.0,False,False,False
flowers,花卉,official,flowers_official_seed1_k5,2,62,罌粟花 / poppy (62),37,house,house (37),79.0,False,False,False
flowers,花卉,official,flowers_official_seed1_k5,2,62,罌粟花 / poppy (62),38,kangaroo,袋鼠 / kangaroo (38),63.0,False,False,False
flowers,花卉,official,flowers_official_seed1_k5,2,62,罌粟花 / poppy (62),39,keyboard,keyboard (39),79.0,False,False,False
flowers,花卉,official,flowers_official_seed1_k5,2,62,罌粟花 / poppy (62),40,lamp,lamp (40),60.0,False,False,False
flowers,花卉,official,flowers_official_seed1_k5,2,62,罌粟花 / poppy (62),41,lawn_mower,lawn_mower (41),89.0,False,False,False
flowers,花卉,official,flowers_official_seed1_k5,2,62,罌粟花 / poppy (62),42,leopard,leopard (42),74.0,False,False,False
flowers,花卉,official,flowers_official_seed1_k5,2,62,罌粟花 / poppy (62),43,lion,lion (43),82.0,False,False,False
flowers,花卉,official,flowers_official_seed1_k5,2,62,罌粟花 / poppy (62),44,lizard,lizard (44),41.0,False,False,False
flowers,花卉,official,flowers_official_seed1_k5,2,62,罌粟花 / poppy (62),45,lobster,lobster (45),63.0,False,False,False
flowers,花卉,official,flowers_official_seed1_k5,2,62,罌粟花 / poppy (62),46,man,man (46),47.0,False,False,False
flowers,花卉,official,flowers_official_seed1_k5,2,62,罌粟花 / poppy (62),47,maple_tree,maple_tree (47),63.0,False,False,False
flowers,花卉,official,flowers_official_seed1_k5,2,62,罌粟花 / poppy (62),48,motorcycle,摩托車 / motorcycle (48),93.0,False,False,False
flowers,花卉,official,flowers_official_seed1_k5,2,62,罌粟花 / poppy (62),49,mountain,mountain (49),83.0,False,False,False
flowers,花卉,official,flowers_official_seed1_k5,2,62,罌粟花 / poppy (62),50,mouse,mouse (50),53.0,False,False,False
flowers,花卉,official,flowers_official_seed1_k5,2,62,罌粟花 / poppy (62),51,mushroom,mushroom (51),71.0,False,False,False
flowers,花卉,official,flowers_official_seed1_k5,2,62,罌粟花 / poppy (62),52,oak_tree,oak_tree (52),66.0,False,False,False
flowers,花卉,official,flowers_official_seed1_k5,2,62,罌粟花 / poppy (62),53,orange,orange (53),88.0,False,False,False
flowers,花卉,official,flowers_official_seed1_k5,2,62,罌粟花 / poppy (62),54,orchid,蘭花 / orchid (54),0.0,True,False,True
flowers,花卉,official,flowers_official_seed1_k5,2,62,罌粟花 / poppy (62),55,otter,otter (55),41.0,False,False,False
flowers,花卉,official,flowers_official_seed1_k5,2,62,罌粟花 / poppy (62),56,palm_tree,palm_tree (56),88.0,False,False,False
flowers,花卉,official,flowers_official_seed1_k5,2,62,罌粟花 / poppy (62),57,pear,pear (57),77.0,False,False,False
flowers,花卉,official,flowers_official_seed1_k5,2,62,罌粟花 / poppy (62),58,pickup_truck,皮卡車 / pickup_truck (58),84.0,False,False,False
flowers,花卉,official,flowers_official_seed1_k5,2,62,罌粟花 / poppy (62),59,pine_tree,pine_tree (59),70.0,False,False,False
flowers,花卉,official,flowers_official_seed1_k5,2,62,罌粟花 / poppy (62),60,plain,plain (60),85.0,False,False,False
flowers,花卉,official,flowers_official_seed1_k5,2,62,罌粟花 / poppy (62),61,plate,plate (61),66.0,False,False,False
flowers,花卉,official,flowers_official_seed1_k5,2,62,罌粟花 / poppy (62),62,poppy,罌粟花 / poppy (62),0.0,True,True,True
flowers,花卉,official,flowers_official_seed1_k5,2,62,罌粟花 / poppy (62),63,porcupine,porcupine (63),72.0,False,False,False
flowers,花卉,official,flowers_official_seed1_k5,2,62,罌粟花 / poppy (62),64,possum,possum (64),53.0,False,False,False
flowers,花卉,official,flowers_official_seed1_k5,2,62,罌粟花 / poppy (62),65,rabbit,rabbit (65),58.0,False,False,False
flowers,花卉,official,flowers_official_seed1_k5,2,62,罌粟花 / poppy (62),66,raccoon,raccoon (66),80.0,False,False,False
flowers,花卉,official,flowers_official_seed1_k5,2,62,罌粟花 / poppy (62),67,ray,ray (67),58.0,False,False,False
flowers,花卉,official,flowers_official_seed1_k5,2,62,罌粟花 / poppy (62),68,road,road (68),94.0,False,False,False
flowers,花卉,official,flowers_official_seed1_k5,2,62,罌粟花 / poppy (62),69,rocket,rocket (69),79.0,False,False,False
flowers,花卉,official,flowers_official_seed1_k5,2,62,罌粟花 / poppy (62),70,rose,玫瑰 / rose (70),72.0,False,False,True
flowers,花卉,official,flowers_official_seed1_k5,2,62,罌粟花 / poppy (62),71,sea,sea (71),80.0,False,False,False
flowers,花卉,official,flowers_official_seed1_k5,2,62,罌粟花 / poppy (62),72,seal,seal (72),48.0,False,False,False
flowers,花卉,official,flowers_official_seed1_k5,2,62,罌粟花 / poppy (62),73,shark,shark (73),58.0,False,False,False
flowers,花卉,official,flowers_official_seed1_k5,2,62,罌粟花 / poppy (62),74,shrew,shrew (74),52.0,False,False,False
flowers,花卉,official,flowers_official_seed1_k5,2,62,罌粟花 / poppy (62),75,skunk,skunk (75),92.0,False,False,False
flowers,花卉,official,flowers_official_seed1_k5,2,62,罌粟花 / poppy (62),76,skyscraper,skyscraper (76),88.0,False,False,False
flowers,花卉,official,flowers_official_seed1_k5,2,62,罌粟花 / poppy (62),77,snail,snail (77),66.0,False,False,False
flowers,花卉,official,flowers_official_seed1_k5,2,62,罌粟花 / poppy (62),78,snake,snake (78),60.0,False,False,False
flowers,花卉,official,flowers_official_seed1_k5,2,62,罌粟花 / poppy (62),79,spider,spider (79),72.0,False,False,False
flowers,花卉,official,flowers_official_seed1_k5,2,62,罌粟花 / poppy (62),80,squirrel,squirrel (80),59.0,False,False,False
flowers,花卉,official,flowers_official_seed1_k5,2,62,罌粟花 / poppy (62),81,streetcar,streetcar (81),71.0,False,False,False
flowers,花卉,official,flowers_official_seed1_k5,2,62,罌粟花 / poppy (62),82,sunflower,向日葵 / sunflower (82),88.0,False,False,True
flowers,花卉,official,flowers_official_seed1_k5,2,62,罌粟花 / poppy (62),83,sweet_pepper,sweet_pepper (83),66.0,False,False,False
flowers,花卉,official,flowers_official_seed1_k5,2,62,罌粟花 / poppy (62),84,table,table (84),67.0,False,False,False
flowers,花卉,official,flowers_official_seed1_k5,2,62,罌粟花 / poppy (62),85,tank,tank (85),71.0,False,False,False
flowers,花卉,official,flowers_official_seed1_k5,2,62,罌粟花 / poppy (62),86,telephone,telephone (86),69.0,False,False,False
flowers,花卉,official,flowers_official_seed1_k5,2,62,罌粟花 / poppy (62),87,television,television (87),81.0,False,False,False
flowers,花卉,official,flowers_official_seed1_k5,2,62,罌粟花 / poppy (62),88,tiger,tiger (88),80.0,False,False,False
flowers,花卉,official,flowers_official_seed1_k5,2,62,罌粟花 / poppy (62),89,tractor,tractor (89),85.0,False,False,False
flowers,花卉,official,flowers_official_seed1_k5,2,62,罌粟花 / poppy (62),90,train,火車 / train (90),83.0,False,False,False
flowers,花卉,official,flowers_official_seed1_k5,2,62,罌粟花 / poppy (62),91,trout,trout (91),77.0,False,False,False
flowers,花卉,official,flowers_official_seed1_k5,2,62,罌粟花 / poppy (62),92,tulip,鬱金香 / tulip (92),65.0,False,False,True
flowers,花卉,official,flowers_official_seed1_k5,2,62,罌粟花 / poppy (62),93,turtle,turtle (93),59.0,False,False,False
flowers,花卉,official,flowers_official_seed1_k5,2,62,罌粟花 / poppy (62),94,wardrobe,wardrobe (94),91.0,False,False,False
flowers,花卉,official,flowers_official_seed1_k5,2,62,罌粟花 / poppy (62),95,whale,whale (95),73.0,False,False,False
flowers,花卉,official,flowers_official_seed1_k5,2,62,罌粟花 / poppy (62),96,willow_tree,willow_tree (96),63.0,False,False,False
flowers,花卉,official,flowers_official_seed1_k5,2,62,罌粟花 / poppy (62),97,wolf,wolf (97),76.0,False,False,False
flowers,花卉,official,flowers_official_seed1_k5,2,62,罌粟花 / poppy (62),98,woman,woman (98),53.0,False,False,False
flowers,花卉,official,flowers_official_seed1_k5,2,62,罌粟花 / poppy (62),99,worm,worm (99),68.0,False,False,False
flowers,花卉,official,flowers_official_seed1_k5,3,70,玫瑰 / rose (70),0,apple,apple (0),88.0,False,False,False
flowers,花卉,official,flowers_official_seed1_k5,3,70,玫瑰 / rose (70),1,aquarium_fish,aquarium_fish (1),82.0,False,False,False
flowers,花卉,official,flowers_official_seed1_k5,3,70,玫瑰 / rose (70),2,baby,baby (2),61.0,False,False,False
flowers,花卉,official,flowers_official_seed1_k5,3,70,玫瑰 / rose (70),3,bear,bear (3),49.0,False,False,False
flowers,花卉,official,flowers_official_seed1_k5,3,70,玫瑰 / rose (70),4,beaver,beaver (4),59.0,False,False,False
flowers,花卉,official,flowers_official_seed1_k5,3,70,玫瑰 / rose (70),5,bed,bed (5),68.0,False,False,False
flowers,花卉,official,flowers_official_seed1_k5,3,70,玫瑰 / rose (70),6,bee,bee (6),82.0,False,False,False
flowers,花卉,official,flowers_official_seed1_k5,3,70,玫瑰 / rose (70),7,beetle,beetle (7),78.0,False,False,False
flowers,花卉,official,flowers_official_seed1_k5,3,70,玫瑰 / rose (70),8,bicycle,腳踏車 / bicycle (8),82.0,False,False,False
flowers,花卉,official,flowers_official_seed1_k5,3,70,玫瑰 / rose (70),9,bottle,bottle (9),79.0,False,False,False
flowers,花卉,official,flowers_official_seed1_k5,3,70,玫瑰 / rose (70),10,bowl,bowl (10),49.0,False,False,False
flowers,花卉,official,flowers_official_seed1_k5,3,70,玫瑰 / rose (70),11,boy,boy (11),48.0,False,False,False
flowers,花卉,official,flowers_official_seed1_k5,3,70,玫瑰 / rose (70),12,bridge,bridge (12),77.0,False,False,False
flowers,花卉,official,flowers_official_seed1_k5,3,70,玫瑰 / rose (70),13,bus,公車 / bus (13),67.0,False,False,False
flowers,花卉,official,flowers_official_seed1_k5,3,70,玫瑰 / rose (70),14,butterfly,butterfly (14),62.0,False,False,False
flowers,花卉,official,flowers_official_seed1_k5,3,70,玫瑰 / rose (70),15,camel,駱駝 / camel (15),73.0,False,False,False
flowers,花卉,official,flowers_official_seed1_k5,3,70,玫瑰 / rose (70),16,can,can (16),78.0,False,False,False
flowers,花卉,official,flowers_official_seed1_k5,3,70,玫瑰 / rose (70),17,castle,castle (17),80.0,False,False,False
flowers,花卉,official,flowers_official_seed1_k5,3,70,玫瑰 / rose (70),18,caterpillar,caterpillar (18),62.0,False,False,False
flowers,花卉,official,flowers_official_seed1_k5,3,70,玫瑰 / rose (70),19,cattle,牛 / cattle (19),65.0,False,False,False
flowers,花卉,official,flowers_official_seed1_k5,3,70,玫瑰 / rose (70),20,chair,chair (20),87.0,False,False,False
flowers,花卉,official,flowers_official_seed1_k5,3,70,玫瑰 / rose (70),21,chimpanzee,黑猩猩 / chimpanzee (21),85.0,False,False,False
flowers,花卉,official,flowers_official_seed1_k5,3,70,玫瑰 / rose (70),22,clock,clock (22),65.0,False,False,False
flowers,花卉,official,flowers_official_seed1_k5,3,70,玫瑰 / rose (70),23,cloud,cloud (23),81.0,False,False,False
flowers,花卉,official,flowers_official_seed1_k5,3,70,玫瑰 / rose (70),24,cockroach,cockroach (24),79.0,False,False,False
flowers,花卉,official,flowers_official_seed1_k5,3,70,玫瑰 / rose (70),25,couch,couch (25),54.0,False,False,False
flowers,花卉,official,flowers_official_seed1_k5,3,70,玫瑰 / rose (70),26,crab,crab (26),63.0,False,False,False
flowers,花卉,official,flowers_official_seed1_k5,3,70,玫瑰 / rose (70),27,crocodile,crocodile (27),57.0,False,False,False
flowers,花卉,official,flowers_official_seed1_k5,3,70,玫瑰 / rose (70),28,cup,cup (28),73.0,False,False,False
flowers,花卉,official,flowers_official_seed1_k5,3,70,玫瑰 / rose (70),29,dinosaur,dinosaur (29),65.0,False,False,False
flowers,花卉,official,flowers_official_seed1_k5,3,70,玫瑰 / rose (70),30,dolphin,dolphin (30),66.0,False,False,False
flowers,花卉,official,flowers_official_seed1_k5,3,70,玫瑰 / rose (70),31,elephant,大象 / elephant (31),66.0,False,False,False
flowers,花卉,official,flowers_official_seed1_k5,3,70,玫瑰 / rose (70),32,flatfish,flatfish (32),62.0,False,False,False
flowers,花卉,official,flowers_official_seed1_k5,3,70,玫瑰 / rose (70),33,forest,forest (33),60.0,False,False,False
flowers,花卉,official,flowers_official_seed1_k5,3,70,玫瑰 / rose (70),34,fox,fox (34),76.0,False,False,False
flowers,花卉,official,flowers_official_seed1_k5,3,70,玫瑰 / rose (70),35,girl,girl (35),49.0,False,False,False
flowers,花卉,official,flowers_official_seed1_k5,3,70,玫瑰 / rose (70),36,hamster,hamster (36),80.0,False,False,False
flowers,花卉,official,flowers_official_seed1_k5,3,70,玫瑰 / rose (70),37,house,house (37),78.0,False,False,False
flowers,花卉,official,flowers_official_seed1_k5,3,70,玫瑰 / rose (70),38,kangaroo,袋鼠 / kangaroo (38),64.0,False,False,False
flowers,花卉,official,flowers_official_seed1_k5,3,70,玫瑰 / rose (70),39,keyboard,keyboard (39),79.0,False,False,False
flowers,花卉,official,flowers_official_seed1_k5,3,70,玫瑰 / rose (70),40,lamp,lamp (40),58.0,False,False,False
flowers,花卉,official,flowers_official_seed1_k5,3,70,玫瑰 / rose (70),41,lawn_mower,lawn_mower (41),89.0,False,False,False
flowers,花卉,official,flowers_official_seed1_k5,3,70,玫瑰 / rose (70),42,leopard,leopard (42),72.0,False,False,False
flowers,花卉,official,flowers_official_seed1_k5,3,70,玫瑰 / rose (70),43,lion,lion (43),83.0,False,False,False
flowers,花卉,official,flowers_official_seed1_k5,3,70,玫瑰 / rose (70),44,lizard,lizard (44),47.0,False,False,False
flowers,花卉,official,flowers_official_seed1_k5,3,70,玫瑰 / rose (70),45,lobster,lobster (45),66.0,False,False,False
flowers,花卉,official,flowers_official_seed1_k5,3,70,玫瑰 / rose (70),46,man,man (46),47.0,False,False,False
flowers,花卉,official,flowers_official_seed1_k5,3,70,玫瑰 / rose (70),47,maple_tree,maple_tree (47),67.0,False,False,False
flowers,花卉,official,flowers_official_seed1_k5,3,70,玫瑰 / rose (70),48,motorcycle,摩托車 / motorcycle (48),93.0,False,False,False
flowers,花卉,official,flowers_official_seed1_k5,3,70,玫瑰 / rose (70),49,mountain,mountain (49),85.0,False,False,False
flowers,花卉,official,flowers_official_seed1_k5,3,70,玫瑰 / rose (70),50,mouse,mouse (50),50.0,False,False,False
flowers,花卉,official,flowers_official_seed1_k5,3,70,玫瑰 / rose (70),51,mushroom,mushroom (51),73.0,False,False,False
flowers,花卉,official,flowers_official_seed1_k5,3,70,玫瑰 / rose (70),52,oak_tree,oak_tree (52),65.0,False,False,False
flowers,花卉,official,flowers_official_seed1_k5,3,70,玫瑰 / rose (70),53,orange,orange (53),91.0,False,False,False
flowers,花卉,official,flowers_official_seed1_k5,3,70,玫瑰 / rose (70),54,orchid,蘭花 / orchid (54),0.0,True,False,True
flowers,花卉,official,flowers_official_seed1_k5,3,70,玫瑰 / rose (70),55,otter,otter (55),41.0,False,False,False
flowers,花卉,official,flowers_official_seed1_k5,3,70,玫瑰 / rose (70),56,palm_tree,palm_tree (56),88.0,False,False,False
flowers,花卉,official,flowers_official_seed1_k5,3,70,玫瑰 / rose (70),57,pear,pear (57),76.0,False,False,False
flowers,花卉,official,flowers_official_seed1_k5,3,70,玫瑰 / rose (70),58,pickup_truck,皮卡車 / pickup_truck (58),85.0,False,False,False
flowers,花卉,official,flowers_official_seed1_k5,3,70,玫瑰 / rose (70),59,pine_tree,pine_tree (59),67.0,False,False,False
flowers,花卉,official,flowers_official_seed1_k5,3,70,玫瑰 / rose (70),60,plain,plain (60),86.0,False,False,False
flowers,花卉,official,flowers_official_seed1_k5,3,70,玫瑰 / rose (70),61,plate,plate (61),66.0,False,False,False
flowers,花卉,official,flowers_official_seed1_k5,3,70,玫瑰 / rose (70),62,poppy,罌粟花 / poppy (62),0.0,True,False,True
flowers,花卉,official,flowers_official_seed1_k5,3,70,玫瑰 / rose (70),63,porcupine,porcupine (63),67.0,False,False,False
flowers,花卉,official,flowers_official_seed1_k5,3,70,玫瑰 / rose (70),64,possum,possum (64),51.0,False,False,False
flowers,花卉,official,flowers_official_seed1_k5,3,70,玫瑰 / rose (70),65,rabbit,rabbit (65),60.0,False,False,False
flowers,花卉,official,flowers_official_seed1_k5,3,70,玫瑰 / rose (70),66,raccoon,raccoon (66),80.0,False,False,False
flowers,花卉,official,flowers_official_seed1_k5,3,70,玫瑰 / rose (70),67,ray,ray (67),57.0,False,False,False
flowers,花卉,official,flowers_official_seed1_k5,3,70,玫瑰 / rose (70),68,road,road (68),94.0,False,False,False
flowers,花卉,official,flowers_official_seed1_k5,3,70,玫瑰 / rose (70),69,rocket,rocket (69),77.0,False,False,False
flowers,花卉,official,flowers_official_seed1_k5,3,70,玫瑰 / rose (70),70,rose,玫瑰 / rose (70),0.0,True,True,True
flowers,花卉,official,flowers_official_seed1_k5,3,70,玫瑰 / rose (70),71,sea,sea (71),80.0,False,False,False
flowers,花卉,official,flowers_official_seed1_k5,3,70,玫瑰 / rose (70),72,seal,seal (72),46.0,False,False,False
flowers,花卉,official,flowers_official_seed1_k5,3,70,玫瑰 / rose (70),73,shark,shark (73),59.0,False,False,False
flowers,花卉,official,flowers_official_seed1_k5,3,70,玫瑰 / rose (70),74,shrew,shrew (74),50.0,False,False,False
flowers,花卉,official,flowers_official_seed1_k5,3,70,玫瑰 / rose (70),75,skunk,skunk (75),92.0,False,False,False
flowers,花卉,official,flowers_official_seed1_k5,3,70,玫瑰 / rose (70),76,skyscraper,skyscraper (76),88.0,False,False,False
flowers,花卉,official,flowers_official_seed1_k5,3,70,玫瑰 / rose (70),77,snail,snail (77),66.0,False,False,False
flowers,花卉,official,flowers_official_seed1_k5,3,70,玫瑰 / rose (70),78,snake,snake (78),62.0,False,False,False
flowers,花卉,official,flowers_official_seed1_k5,3,70,玫瑰 / rose (70),79,spider,spider (79),74.0,False,False,False
flowers,花卉,official,flowers_official_seed1_k5,3,70,玫瑰 / rose (70),80,squirrel,squirrel (80),54.0,False,False,False
flowers,花卉,official,flowers_official_seed1_k5,3,70,玫瑰 / rose (70),81,streetcar,streetcar (81),74.0,False,False,False
flowers,花卉,official,flowers_official_seed1_k5,3,70,玫瑰 / rose (70),82,sunflower,向日葵 / sunflower (82),87.0,False,False,True
flowers,花卉,official,flowers_official_seed1_k5,3,70,玫瑰 / rose (70),83,sweet_pepper,sweet_pepper (83),66.0,False,False,False
flowers,花卉,official,flowers_official_seed1_k5,3,70,玫瑰 / rose (70),84,table,table (84),65.0,False,False,False
flowers,花卉,official,flowers_official_seed1_k5,3,70,玫瑰 / rose (70),85,tank,tank (85),72.0,False,False,False
flowers,花卉,official,flowers_official_seed1_k5,3,70,玫瑰 / rose (70),86,telephone,telephone (86),71.0,False,False,False
flowers,花卉,official,flowers_official_seed1_k5,3,70,玫瑰 / rose (70),87,television,television (87),79.0,False,False,False
flowers,花卉,official,flowers_official_seed1_k5,3,70,玫瑰 / rose (70),88,tiger,tiger (88),79.0,False,False,False
flowers,花卉,official,flowers_official_seed1_k5,3,70,玫瑰 / rose (70),89,tractor,tractor (89),84.0,False,False,False
flowers,花卉,official,flowers_official_seed1_k5,3,70,玫瑰 / rose (70),90,train,火車 / train (90),81.0,False,False,False
flowers,花卉,official,flowers_official_seed1_k5,3,70,玫瑰 / rose (70),91,trout,trout (91),78.0,False,False,False
flowers,花卉,official,flowers_official_seed1_k5,3,70,玫瑰 / rose (70),92,tulip,鬱金香 / tulip (92),64.0,False,False,True
flowers,花卉,official,flowers_official_seed1_k5,3,70,玫瑰 / rose (70),93,turtle,turtle (93),58.0,False,False,False
flowers,花卉,official,flowers_official_seed1_k5,3,70,玫瑰 / rose (70),94,wardrobe,wardrobe (94),88.0,False,False,False
flowers,花卉,official,flowers_official_seed1_k5,3,70,玫瑰 / rose (70),95,whale,whale (95),73.0,False,False,False
flowers,花卉,official,flowers_official_seed1_k5,3,70,玫瑰 / rose (70),96,willow_tree,willow_tree (96),64.0,False,False,False
flowers,花卉,official,flowers_official_seed1_k5,3,70,玫瑰 / rose (70),97,wolf,wolf (97),77.0,False,False,False
flowers,花卉,official,flowers_official_seed1_k5,3,70,玫瑰 / rose (70),98,woman,woman (98),51.0,False,False,False
flowers,花卉,official,flowers_official_seed1_k5,3,70,玫瑰 / rose (70),99,worm,worm (99),70.0,False,False,False
flowers,花卉,official,flowers_official_seed1_k5,4,82,向日葵 / sunflower (82),0,apple,apple (0),88.0,False,False,False
flowers,花卉,official,flowers_official_seed1_k5,4,82,向日葵 / sunflower (82),1,aquarium_fish,aquarium_fish (1),82.0,False,False,False
flowers,花卉,official,flowers_official_seed1_k5,4,82,向日葵 / sunflower (82),2,baby,baby (2),61.0,False,False,False
flowers,花卉,official,flowers_official_seed1_k5,4,82,向日葵 / sunflower (82),3,bear,bear (3),52.0,False,False,False
flowers,花卉,official,flowers_official_seed1_k5,4,82,向日葵 / sunflower (82),4,beaver,beaver (4),59.0,False,False,False
flowers,花卉,official,flowers_official_seed1_k5,4,82,向日葵 / sunflower (82),5,bed,bed (5),71.0,False,False,False
flowers,花卉,official,flowers_official_seed1_k5,4,82,向日葵 / sunflower (82),6,bee,bee (6),80.0,False,False,False
flowers,花卉,official,flowers_official_seed1_k5,4,82,向日葵 / sunflower (82),7,beetle,beetle (7),78.0,False,False,False
flowers,花卉,official,flowers_official_seed1_k5,4,82,向日葵 / sunflower (82),8,bicycle,腳踏車 / bicycle (8),82.0,False,False,False
flowers,花卉,official,flowers_official_seed1_k5,4,82,向日葵 / sunflower (82),9,bottle,bottle (9),80.0,False,False,False
flowers,花卉,official,flowers_official_seed1_k5,4,82,向日葵 / sunflower (82),10,bowl,bowl (10),52.0,False,False,False
flowers,花卉,official,flowers_official_seed1_k5,4,82,向日葵 / sunflower (82),11,boy,boy (11),44.0,False,False,False
flowers,花卉,official,flowers_official_seed1_k5,4,82,向日葵 / sunflower (82),12,bridge,bridge (12),77.0,False,False,False
flowers,花卉,official,flowers_official_seed1_k5,4,82,向日葵 / sunflower (82),13,bus,公車 / bus (13),68.0,False,False,False
flowers,花卉,official,flowers_official_seed1_k5,4,82,向日葵 / sunflower (82),14,butterfly,butterfly (14),57.0,False,False,False
flowers,花卉,official,flowers_official_seed1_k5,4,82,向日葵 / sunflower (82),15,camel,駱駝 / camel (15),77.0,False,False,False
flowers,花卉,official,flowers_official_seed1_k5,4,82,向日葵 / sunflower (82),16,can,can (16),79.0,False,False,False
flowers,花卉,official,flowers_official_seed1_k5,4,82,向日葵 / sunflower (82),17,castle,castle (17),81.0,False,False,False
flowers,花卉,official,flowers_official_seed1_k5,4,82,向日葵 / sunflower (82),18,caterpillar,caterpillar (18),64.0,False,False,False
flowers,花卉,official,flowers_official_seed1_k5,4,82,向日葵 / sunflower (82),19,cattle,牛 / cattle (19),63.0,False,False,False
flowers,花卉,official,flowers_official_seed1_k5,4,82,向日葵 / sunflower (82),20,chair,chair (20),87.0,False,False,False
flowers,花卉,official,flowers_official_seed1_k5,4,82,向日葵 / sunflower (82),21,chimpanzee,黑猩猩 / chimpanzee (21),85.0,False,False,False
flowers,花卉,official,flowers_official_seed1_k5,4,82,向日葵 / sunflower (82),22,clock,clock (22),67.0,False,False,False
flowers,花卉,official,flowers_official_seed1_k5,4,82,向日葵 / sunflower (82),23,cloud,cloud (23),82.0,False,False,False
flowers,花卉,official,flowers_official_seed1_k5,4,82,向日葵 / sunflower (82),24,cockroach,cockroach (24),78.0,False,False,False
flowers,花卉,official,flowers_official_seed1_k5,4,82,向日葵 / sunflower (82),25,couch,couch (25),54.0,False,False,False
flowers,花卉,official,flowers_official_seed1_k5,4,82,向日葵 / sunflower (82),26,crab,crab (26),63.0,False,False,False
flowers,花卉,official,flowers_official_seed1_k5,4,82,向日葵 / sunflower (82),27,crocodile,crocodile (27),56.0,False,False,False
flowers,花卉,official,flowers_official_seed1_k5,4,82,向日葵 / sunflower (82),28,cup,cup (28),72.0,False,False,False
flowers,花卉,official,flowers_official_seed1_k5,4,82,向日葵 / sunflower (82),29,dinosaur,dinosaur (29),64.0,False,False,False
flowers,花卉,official,flowers_official_seed1_k5,4,82,向日葵 / sunflower (82),30,dolphin,dolphin (30),68.0,False,False,False
flowers,花卉,official,flowers_official_seed1_k5,4,82,向日葵 / sunflower (82),31,elephant,大象 / elephant (31),67.0,False,False,False
flowers,花卉,official,flowers_official_seed1_k5,4,82,向日葵 / sunflower (82),32,flatfish,flatfish (32),61.0,False,False,False
flowers,花卉,official,flowers_official_seed1_k5,4,82,向日葵 / sunflower (82),33,forest,forest (33),63.0,False,False,False
flowers,花卉,official,flowers_official_seed1_k5,4,82,向日葵 / sunflower (82),34,fox,fox (34),76.0,False,False,False
flowers,花卉,official,flowers_official_seed1_k5,4,82,向日葵 / sunflower (82),35,girl,girl (35),46.0,False,False,False
flowers,花卉,official,flowers_official_seed1_k5,4,82,向日葵 / sunflower (82),36,hamster,hamster (36),78.0,False,False,False
flowers,花卉,official,flowers_official_seed1_k5,4,82,向日葵 / sunflower (82),37,house,house (37),77.0,False,False,False
flowers,花卉,official,flowers_official_seed1_k5,4,82,向日葵 / sunflower (82),38,kangaroo,袋鼠 / kangaroo (38),63.0,False,False,False
flowers,花卉,official,flowers_official_seed1_k5,4,82,向日葵 / sunflower (82),39,keyboard,keyboard (39),80.0,False,False,False
flowers,花卉,official,flowers_official_seed1_k5,4,82,向日葵 / sunflower (82),40,lamp,lamp (40),59.0,False,False,False
flowers,花卉,official,flowers_official_seed1_k5,4,82,向日葵 / sunflower (82),41,lawn_mower,lawn_mower (41),89.0,False,False,False
flowers,花卉,official,flowers_official_seed1_k5,4,82,向日葵 / sunflower (82),42,leopard,leopard (42),73.0,False,False,False
flowers,花卉,official,flowers_official_seed1_k5,4,82,向日葵 / sunflower (82),43,lion,lion (43),84.0,False,False,False
flowers,花卉,official,flowers_official_seed1_k5,4,82,向日葵 / sunflower (82),44,lizard,lizard (44),43.0,False,False,False
flowers,花卉,official,flowers_official_seed1_k5,4,82,向日葵 / sunflower (82),45,lobster,lobster (45),65.0,False,False,False
flowers,花卉,official,flowers_official_seed1_k5,4,82,向日葵 / sunflower (82),46,man,man (46),49.0,False,False,False
flowers,花卉,official,flowers_official_seed1_k5,4,82,向日葵 / sunflower (82),47,maple_tree,maple_tree (47),66.0,False,False,False
flowers,花卉,official,flowers_official_seed1_k5,4,82,向日葵 / sunflower (82),48,motorcycle,摩托車 / motorcycle (48),93.0,False,False,False
flowers,花卉,official,flowers_official_seed1_k5,4,82,向日葵 / sunflower (82),49,mountain,mountain (49),85.0,False,False,False
flowers,花卉,official,flowers_official_seed1_k5,4,82,向日葵 / sunflower (82),50,mouse,mouse (50),50.0,False,False,False
flowers,花卉,official,flowers_official_seed1_k5,4,82,向日葵 / sunflower (82),51,mushroom,mushroom (51),71.0,False,False,False
flowers,花卉,official,flowers_official_seed1_k5,4,82,向日葵 / sunflower (82),52,oak_tree,oak_tree (52),66.0,False,False,False
flowers,花卉,official,flowers_official_seed1_k5,4,82,向日葵 / sunflower (82),53,orange,orange (53),90.0,False,False,False
flowers,花卉,official,flowers_official_seed1_k5,4,82,向日葵 / sunflower (82),54,orchid,蘭花 / orchid (54),0.0,True,False,True
flowers,花卉,official,flowers_official_seed1_k5,4,82,向日葵 / sunflower (82),55,otter,otter (55),41.0,False,False,False
flowers,花卉,official,flowers_official_seed1_k5,4,82,向日葵 / sunflower (82),56,palm_tree,palm_tree (56),87.0,False,False,False
flowers,花卉,official,flowers_official_seed1_k5,4,82,向日葵 / sunflower (82),57,pear,pear (57),77.0,False,False,False
flowers,花卉,official,flowers_official_seed1_k5,4,82,向日葵 / sunflower (82),58,pickup_truck,皮卡車 / pickup_truck (58),84.0,False,False,False
flowers,花卉,official,flowers_official_seed1_k5,4,82,向日葵 / sunflower (82),59,pine_tree,pine_tree (59),69.0,False,False,False
flowers,花卉,official,flowers_official_seed1_k5,4,82,向日葵 / sunflower (82),60,plain,plain (60),86.0,False,False,False
flowers,花卉,official,flowers_official_seed1_k5,4,82,向日葵 / sunflower (82),61,plate,plate (61),64.0,False,False,False
flowers,花卉,official,flowers_official_seed1_k5,4,82,向日葵 / sunflower (82),62,poppy,罌粟花 / poppy (62),0.0,True,False,True
flowers,花卉,official,flowers_official_seed1_k5,4,82,向日葵 / sunflower (82),63,porcupine,porcupine (63),70.0,False,False,False
flowers,花卉,official,flowers_official_seed1_k5,4,82,向日葵 / sunflower (82),64,possum,possum (64),50.0,False,False,False
flowers,花卉,official,flowers_official_seed1_k5,4,82,向日葵 / sunflower (82),65,rabbit,rabbit (65),58.0,False,False,False
flowers,花卉,official,flowers_official_seed1_k5,4,82,向日葵 / sunflower (82),66,raccoon,raccoon (66),78.0,False,False,False
flowers,花卉,official,flowers_official_seed1_k5,4,82,向日葵 / sunflower (82),67,ray,ray (67),57.0,False,False,False
flowers,花卉,official,flowers_official_seed1_k5,4,82,向日葵 / sunflower (82),68,road,road (68),94.0,False,False,False
flowers,花卉,official,flowers_official_seed1_k5,4,82,向日葵 / sunflower (82),69,rocket,rocket (69),79.0,False,False,False
flowers,花卉,official,flowers_official_seed1_k5,4,82,向日葵 / sunflower (82),70,rose,玫瑰 / rose (70),0.0,True,False,True
flowers,花卉,official,flowers_official_seed1_k5,4,82,向日葵 / sunflower (82),71,sea,sea (71),80.0,False,False,False
flowers,花卉,official,flowers_official_seed1_k5,4,82,向日葵 / sunflower (82),72,seal,seal (72),47.0,False,False,False
flowers,花卉,official,flowers_official_seed1_k5,4,82,向日葵 / sunflower (82),73,shark,shark (73),58.0,False,False,False
flowers,花卉,official,flowers_official_seed1_k5,4,82,向日葵 / sunflower (82),74,shrew,shrew (74),51.0,False,False,False
flowers,花卉,official,flowers_official_seed1_k5,4,82,向日葵 / sunflower (82),75,skunk,skunk (75),89.0,False,False,False
flowers,花卉,official,flowers_official_seed1_k5,4,82,向日葵 / sunflower (82),76,skyscraper,skyscraper (76),88.0,False,False,False
flowers,花卉,official,flowers_official_seed1_k5,4,82,向日葵 / sunflower (82),77,snail,snail (77),66.0,False,False,False
flowers,花卉,official,flowers_official_seed1_k5,4,82,向日葵 / sunflower (82),78,snake,snake (78),62.0,False,False,False
flowers,花卉,official,flowers_official_seed1_k5,4,82,向日葵 / sunflower (82),79,spider,spider (79),74.0,False,False,False
flowers,花卉,official,flowers_official_seed1_k5,4,82,向日葵 / sunflower (82),80,squirrel,squirrel (80),54.0,False,False,False
flowers,花卉,official,flowers_official_seed1_k5,4,82,向日葵 / sunflower (82),81,streetcar,streetcar (81),72.0,False,False,False
flowers,花卉,official,flowers_official_seed1_k5,4,82,向日葵 / sunflower (82),82,sunflower,向日葵 / sunflower (82),0.0,True,True,True
flowers,花卉,official,flowers_official_seed1_k5,4,82,向日葵 / sunflower (82),83,sweet_pepper,sweet_pepper (83),71.0,False,False,False
flowers,花卉,official,flowers_official_seed1_k5,4,82,向日葵 / sunflower (82),84,table,table (84),65.0,False,False,False
flowers,花卉,official,flowers_official_seed1_k5,4,82,向日葵 / sunflower (82),85,tank,tank (85),70.0,False,False,False
flowers,花卉,official,flowers_official_seed1_k5,4,82,向日葵 / sunflower (82),86,telephone,telephone (86),69.0,False,False,False
flowers,花卉,official,flowers_official_seed1_k5,4,82,向日葵 / sunflower (82),87,television,television (87),79.0,False,False,False
flowers,花卉,official,flowers_official_seed1_k5,4,82,向日葵 / sunflower (82),88,tiger,tiger (88),78.0,False,False,False
flowers,花卉,official,flowers_official_seed1_k5,4,82,向日葵 / sunflower (82),89,tractor,tractor (89),83.0,False,False,False
flowers,花卉,official,flowers_official_seed1_k5,4,82,向日葵 / sunflower (82),90,train,火車 / train (90),83.0,False,False,False
flowers,花卉,official,flowers_official_seed1_k5,4,82,向日葵 / sunflower (82),91,trout,trout (91),78.0,False,False,False
flowers,花卉,official,flowers_official_seed1_k5,4,82,向日葵 / sunflower (82),92,tulip,鬱金香 / tulip (92),76.0,False,False,True
flowers,花卉,official,flowers_official_seed1_k5,4,82,向日葵 / sunflower (82),93,turtle,turtle (93),62.0,False,False,False
flowers,花卉,official,flowers_official_seed1_k5,4,82,向日葵 / sunflower (82),94,wardrobe,wardrobe (94),91.0,False,False,False
flowers,花卉,official,flowers_official_seed1_k5,4,82,向日葵 / sunflower (82),95,whale,whale (95),73.0,False,False,False
flowers,花卉,official,flowers_official_seed1_k5,4,82,向日葵 / sunflower (82),96,willow_tree,willow_tree (96),64.0,False,False,False
flowers,花卉,official,flowers_official_seed1_k5,4,82,向日葵 / sunflower (82),97,wolf,wolf (97),77.0,False,False,False
flowers,花卉,official,flowers_official_seed1_k5,4,82,向日葵 / sunflower (82),98,woman,woman (98),53.0,False,False,False
flowers,花卉,official,flowers_official_seed1_k5,4,82,向日葵 / sunflower (82),99,worm,worm (99),71.0,False,False,False
flowers,花卉,official,flowers_official_seed1_k5,5,92,鬱金香 / tulip (92),0,apple,apple (0),90.0,False,False,False
flowers,花卉,official,flowers_official_seed1_k5,5,92,鬱金香 / tulip (92),1,aquarium_fish,aquarium_fish (1),82.0,False,False,False
flowers,花卉,official,flowers_official_seed1_k5,5,92,鬱金香 / tulip (92),2,baby,baby (2),62.0,False,False,False
flowers,花卉,official,flowers_official_seed1_k5,5,92,鬱金香 / tulip (92),3,bear,bear (3),51.0,False,False,False
flowers,花卉,official,flowers_official_seed1_k5,5,92,鬱金香 / tulip (92),4,beaver,beaver (4),57.0,False,False,False
flowers,花卉,official,flowers_official_seed1_k5,5,92,鬱金香 / tulip (92),5,bed,bed (5),70.0,False,False,False
flowers,花卉,official,flowers_official_seed1_k5,5,92,鬱金香 / tulip (92),6,bee,bee (6),81.0,False,False,False
flowers,花卉,official,flowers_official_seed1_k5,5,92,鬱金香 / tulip (92),7,beetle,beetle (7),76.0,False,False,False
flowers,花卉,official,flowers_official_seed1_k5,5,92,鬱金香 / tulip (92),8,bicycle,腳踏車 / bicycle (8),83.0,False,False,False
flowers,花卉,official,flowers_official_seed1_k5,5,92,鬱金香 / tulip (92),9,bottle,bottle (9),80.0,False,False,False
flowers,花卉,official,flowers_official_seed1_k5,5,92,鬱金香 / tulip (92),10,bowl,bowl (10),47.0,False,False,False
flowers,花卉,official,flowers_official_seed1_k5,5,92,鬱金香 / tulip (92),11,boy,boy (11),48.0,False,False,False
flowers,花卉,official,flowers_official_seed1_k5,5,92,鬱金香 / tulip (92),12,bridge,bridge (12),77.0,False,False,False
flowers,花卉,official,flowers_official_seed1_k5,5,92,鬱金香 / tulip (92),13,bus,公車 / bus (13),69.0,False,False,False
flowers,花卉,official,flowers_official_seed1_k5,5,92,鬱金香 / tulip (92),14,butterfly,butterfly (14),59.0,False,False,False
flowers,花卉,official,flowers_official_seed1_k5,5,92,鬱金香 / tulip (92),15,camel,駱駝 / camel (15),75.0,False,False,False
flowers,花卉,official,flowers_official_seed1_k5,5,92,鬱金香 / tulip (92),16,can,can (16),77.0,False,False,False
flowers,花卉,official,flowers_official_seed1_k5,5,92,鬱金香 / tulip (92),17,castle,castle (17),82.0,False,False,False
flowers,花卉,official,flowers_official_seed1_k5,5,92,鬱金香 / tulip (92),18,caterpillar,caterpillar (18),63.0,False,False,False
flowers,花卉,official,flowers_official_seed1_k5,5,92,鬱金香 / tulip (92),19,cattle,牛 / cattle (19),66.0,False,False,False
flowers,花卉,official,flowers_official_seed1_k5,5,92,鬱金香 / tulip (92),20,chair,chair (20),86.0,False,False,False
flowers,花卉,official,flowers_official_seed1_k5,5,92,鬱金香 / tulip (92),21,chimpanzee,黑猩猩 / chimpanzee (21),84.0,False,False,False
flowers,花卉,official,flowers_official_seed1_k5,5,92,鬱金香 / tulip (92),22,clock,clock (22),67.0,False,False,False
flowers,花卉,official,flowers_official_seed1_k5,5,92,鬱金香 / tulip (92),23,cloud,cloud (23),82.0,False,False,False
flowers,花卉,official,flowers_official_seed1_k5,5,92,鬱金香 / tulip (92),24,cockroach,cockroach (24),79.0,False,False,False
flowers,花卉,official,flowers_official_seed1_k5,5,92,鬱金香 / tulip (92),25,couch,couch (25),52.0,False,False,False
flowers,花卉,official,flowers_official_seed1_k5,5,92,鬱金香 / tulip (92),26,crab,crab (26),63.0,False,False,False
flowers,花卉,official,flowers_official_seed1_k5,5,92,鬱金香 / tulip (92),27,crocodile,crocodile (27),58.0,False,False,False
flowers,花卉,official,flowers_official_seed1_k5,5,92,鬱金香 / tulip (92),28,cup,cup (28),76.0,False,False,False
flowers,花卉,official,flowers_official_seed1_k5,5,92,鬱金香 / tulip (92),29,dinosaur,dinosaur (29),65.0,False,False,False
flowers,花卉,official,flowers_official_seed1_k5,5,92,鬱金香 / tulip (92),30,dolphin,dolphin (30),69.0,False,False,False
flowers,花卉,official,flowers_official_seed1_k5,5,92,鬱金香 / tulip (92),31,elephant,大象 / elephant (31),66.0,False,False,False
flowers,花卉,official,flowers_official_seed1_k5,5,92,鬱金香 / tulip (92),32,flatfish,flatfish (32),63.0,False,False,False
flowers,花卉,official,flowers_official_seed1_k5,5,92,鬱金香 / tulip (92),33,forest,forest (33),63.0,False,False,False
flowers,花卉,official,flowers_official_seed1_k5,5,92,鬱金香 / tulip (92),34,fox,fox (34),75.0,False,False,False
flowers,花卉,official,flowers_official_seed1_k5,5,92,鬱金香 / tulip (92),35,girl,girl (35),46.0,False,False,False
flowers,花卉,official,flowers_official_seed1_k5,5,92,鬱金香 / tulip (92),36,hamster,hamster (36),80.0,False,False,False
flowers,花卉,official,flowers_official_seed1_k5,5,92,鬱金香 / tulip (92),37,house,house (37),77.0,False,False,False
flowers,花卉,official,flowers_official_seed1_k5,5,92,鬱金香 / tulip (92),38,kangaroo,袋鼠 / kangaroo (38),63.0,False,False,False
flowers,花卉,official,flowers_official_seed1_k5,5,92,鬱金香 / tulip (92),39,keyboard,keyboard (39),79.0,False,False,False
flowers,花卉,official,flowers_official_seed1_k5,5,92,鬱金香 / tulip (92),40,lamp,lamp (40),60.0,False,False,False
flowers,花卉,official,flowers_official_seed1_k5,5,92,鬱金香 / tulip (92),41,lawn_mower,lawn_mower (41),87.0,False,False,False
flowers,花卉,official,flowers_official_seed1_k5,5,92,鬱金香 / tulip (92),42,leopard,leopard (42),76.0,False,False,False
flowers,花卉,official,flowers_official_seed1_k5,5,92,鬱金香 / tulip (92),43,lion,lion (43),83.0,False,False,False
flowers,花卉,official,flowers_official_seed1_k5,5,92,鬱金香 / tulip (92),44,lizard,lizard (44),47.0,False,False,False
flowers,花卉,official,flowers_official_seed1_k5,5,92,鬱金香 / tulip (92),45,lobster,lobster (45),67.0,False,False,False
flowers,花卉,official,flowers_official_seed1_k5,5,92,鬱金香 / tulip (92),46,man,man (46),51.0,False,False,False
flowers,花卉,official,flowers_official_seed1_k5,5,92,鬱金香 / tulip (92),47,maple_tree,maple_tree (47),65.0,False,False,False
flowers,花卉,official,flowers_official_seed1_k5,5,92,鬱金香 / tulip (92),48,motorcycle,摩托車 / motorcycle (48),93.0,False,False,False
flowers,花卉,official,flowers_official_seed1_k5,5,92,鬱金香 / tulip (92),49,mountain,mountain (49),84.0,False,False,False
flowers,花卉,official,flowers_official_seed1_k5,5,92,鬱金香 / tulip (92),50,mouse,mouse (50),51.0,False,False,False
flowers,花卉,official,flowers_official_seed1_k5,5,92,鬱金香 / tulip (92),51,mushroom,mushroom (51),68.0,False,False,False
flowers,花卉,official,flowers_official_seed1_k5,5,92,鬱金香 / tulip (92),52,oak_tree,oak_tree (52),65.0,False,False,False
flowers,花卉,official,flowers_official_seed1_k5,5,92,鬱金香 / tulip (92),53,orange,orange (53),90.0,False,False,False
flowers,花卉,official,flowers_official_seed1_k5,5,92,鬱金香 / tulip (92),54,orchid,蘭花 / orchid (54),0.0,True,False,True
flowers,花卉,official,flowers_official_seed1_k5,5,92,鬱金香 / tulip (92),55,otter,otter (55),42.0,False,False,False
flowers,花卉,official,flowers_official_seed1_k5,5,92,鬱金香 / tulip (92),56,palm_tree,palm_tree (56),88.0,False,False,False
flowers,花卉,official,flowers_official_seed1_k5,5,92,鬱金香 / tulip (92),57,pear,pear (57),77.0,False,False,False
flowers,花卉,official,flowers_official_seed1_k5,5,92,鬱金香 / tulip (92),58,pickup_truck,皮卡車 / pickup_truck (58),86.0,False,False,False
flowers,花卉,official,flowers_official_seed1_k5,5,92,鬱金香 / tulip (92),59,pine_tree,pine_tree (59),67.0,False,False,False
flowers,花卉,official,flowers_official_seed1_k5,5,92,鬱金香 / tulip (92),60,plain,plain (60),87.0,False,False,False
flowers,花卉,official,flowers_official_seed1_k5,5,92,鬱金香 / tulip (92),61,plate,plate (61),66.0,False,False,False
flowers,花卉,official,flowers_official_seed1_k5,5,92,鬱金香 / tulip (92),62,poppy,罌粟花 / poppy (62),0.0,True,False,True
flowers,花卉,official,flowers_official_seed1_k5,5,92,鬱金香 / tulip (92),63,porcupine,porcupine (63),68.0,False,False,False
flowers,花卉,official,flowers_official_seed1_k5,5,92,鬱金香 / tulip (92),64,possum,possum (64),52.0,False,False,False
flowers,花卉,official,flowers_official_seed1_k5,5,92,鬱金香 / tulip (92),65,rabbit,rabbit (65),59.0,False,False,False
flowers,花卉,official,flowers_official_seed1_k5,5,92,鬱金香 / tulip (92),66,raccoon,raccoon (66),79.0,False,False,False
flowers,花卉,official,flowers_official_seed1_k5,5,92,鬱金香 / tulip (92),67,ray,ray (67),55.0,False,False,False
flowers,花卉,official,flowers_official_seed1_k5,5,92,鬱金香 / tulip (92),68,road,road (68),94.0,False,False,False
flowers,花卉,official,flowers_official_seed1_k5,5,92,鬱金香 / tulip (92),69,rocket,rocket (69),80.0,False,False,False
flowers,花卉,official,flowers_official_seed1_k5,5,92,鬱金香 / tulip (92),70,rose,玫瑰 / rose (70),0.0,True,False,True
flowers,花卉,official,flowers_official_seed1_k5,5,92,鬱金香 / tulip (92),71,sea,sea (71),81.0,False,False,False
flowers,花卉,official,flowers_official_seed1_k5,5,92,鬱金香 / tulip (92),72,seal,seal (72),46.0,False,False,False
flowers,花卉,official,flowers_official_seed1_k5,5,92,鬱金香 / tulip (92),73,shark,shark (73),58.0,False,False,False
flowers,花卉,official,flowers_official_seed1_k5,5,92,鬱金香 / tulip (92),74,shrew,shrew (74),52.0,False,False,False
flowers,花卉,official,flowers_official_seed1_k5,5,92,鬱金香 / tulip (92),75,skunk,skunk (75),92.0,False,False,False
flowers,花卉,official,flowers_official_seed1_k5,5,92,鬱金香 / tulip (92),76,skyscraper,skyscraper (76),88.0,False,False,False
flowers,花卉,official,flowers_official_seed1_k5,5,92,鬱金香 / tulip (92),77,snail,snail (77),67.0,False,False,False
flowers,花卉,official,flowers_official_seed1_k5,5,92,鬱金香 / tulip (92),78,snake,snake (78),63.0,False,False,False
flowers,花卉,official,flowers_official_seed1_k5,5,92,鬱金香 / tulip (92),79,spider,spider (79),74.0,False,False,False
flowers,花卉,official,flowers_official_seed1_k5,5,92,鬱金香 / tulip (92),80,squirrel,squirrel (80),53.0,False,False,False
flowers,花卉,official,flowers_official_seed1_k5,5,92,鬱金香 / tulip (92),81,streetcar,streetcar (81),71.0,False,False,False
flowers,花卉,official,flowers_official_seed1_k5,5,92,鬱金香 / tulip (92),82,sunflower,向日葵 / sunflower (82),0.0,True,False,True
flowers,花卉,official,flowers_official_seed1_k5,5,92,鬱金香 / tulip (92),83,sweet_pepper,sweet_pepper (83),67.0,False,False,False
flowers,花卉,official,flowers_official_seed1_k5,5,92,鬱金香 / tulip (92),84,table,table (84),65.0,False,False,False
flowers,花卉,official,flowers_official_seed1_k5,5,92,鬱金香 / tulip (92),85,tank,tank (85),74.0,False,False,False
flowers,花卉,official,flowers_official_seed1_k5,5,92,鬱金香 / tulip (92),86,telephone,telephone (86),67.0,False,False,False
flowers,花卉,official,flowers_official_seed1_k5,5,92,鬱金香 / tulip (92),87,television,television (87),78.0,False,False,False
flowers,花卉,official,flowers_official_seed1_k5,5,92,鬱金香 / tulip (92),88,tiger,tiger (88),81.0,False,False,False
flowers,花卉,official,flowers_official_seed1_k5,5,92,鬱金香 / tulip (92),89,tractor,tractor (89),84.0,False,False,False
flowers,花卉,official,flowers_official_seed1_k5,5,92,鬱金香 / tulip (92),90,train,火車 / train (90),83.0,False,False,False
flowers,花卉,official,flowers_official_seed1_k5,5,92,鬱金香 / tulip (92),91,trout,trout (91),79.0,False,False,False
flowers,花卉,official,flowers_official_seed1_k5,5,92,鬱金香 / tulip (92),92,tulip,鬱金香 / tulip (92),0.0,True,True,True
flowers,花卉,official,flowers_official_seed1_k5,5,92,鬱金香 / tulip (92),93,turtle,turtle (93),58.0,False,False,False
flowers,花卉,official,flowers_official_seed1_k5,5,92,鬱金香 / tulip (92),94,wardrobe,wardrobe (94),90.0,False,False,False
flowers,花卉,official,flowers_official_seed1_k5,5,92,鬱金香 / tulip (92),95,whale,whale (95),75.0,False,False,False
flowers,花卉,official,flowers_official_seed1_k5,5,92,鬱金香 / tulip (92),96,willow_tree,willow_tree (96),66.0,False,False,False
flowers,花卉,official,flowers_official_seed1_k5,5,92,鬱金香 / tulip (92),97,wolf,wolf (97),76.0,False,False,False
flowers,花卉,official,flowers_official_seed1_k5,5,92,鬱金香 / tulip (92),98,woman,woman (98),49.0,False,False,False
flowers,花卉,official,flowers_official_seed1_k5,5,92,鬱金香 / tulip (92),99,worm,worm (99),69.0,False,False,False
flowers,花卉,random,flowers_random_seed1_k5,1,70,玫瑰 / rose (70),0,apple,apple (0),88.0,False,False,False
flowers,花卉,random,flowers_random_seed1_k5,1,70,玫瑰 / rose (70),1,aquarium_fish,aquarium_fish (1),80.0,False,False,False
flowers,花卉,random,flowers_random_seed1_k5,1,70,玫瑰 / rose (70),2,baby,baby (2),57.0,False,False,False
flowers,花卉,random,flowers_random_seed1_k5,1,70,玫瑰 / rose (70),3,bear,bear (3),48.0,False,False,False
flowers,花卉,random,flowers_random_seed1_k5,1,70,玫瑰 / rose (70),4,beaver,beaver (4),52.0,False,False,False
flowers,花卉,random,flowers_random_seed1_k5,1,70,玫瑰 / rose (70),5,bed,bed (5),67.0,False,False,False
flowers,花卉,random,flowers_random_seed1_k5,1,70,玫瑰 / rose (70),6,bee,bee (6),80.0,False,False,False
flowers,花卉,random,flowers_random_seed1_k5,1,70,玫瑰 / rose (70),7,beetle,beetle (7),76.0,False,False,False
flowers,花卉,random,flowers_random_seed1_k5,1,70,玫瑰 / rose (70),8,bicycle,腳踏車 / bicycle (8),80.0,False,False,False
flowers,花卉,random,flowers_random_seed1_k5,1,70,玫瑰 / rose (70),9,bottle,bottle (9),77.0,False,False,False
flowers,花卉,random,flowers_random_seed1_k5,1,70,玫瑰 / rose (70),10,bowl,bowl (10),47.0,False,False,False
flowers,花卉,random,flowers_random_seed1_k5,1,70,玫瑰 / rose (70),11,boy,boy (11),46.0,False,False,False
flowers,花卉,random,flowers_random_seed1_k5,1,70,玫瑰 / rose (70),12,bridge,bridge (12),78.0,False,False,False
flowers,花卉,random,flowers_random_seed1_k5,1,70,玫瑰 / rose (70),13,bus,公車 / bus (13),66.0,False,False,False
flowers,花卉,random,flowers_random_seed1_k5,1,70,玫瑰 / rose (70),14,butterfly,butterfly (14),59.0,False,False,False
flowers,花卉,random,flowers_random_seed1_k5,1,70,玫瑰 / rose (70),15,camel,駱駝 / camel (15),75.0,False,False,False
flowers,花卉,random,flowers_random_seed1_k5,1,70,玫瑰 / rose (70),16,can,can (16),76.0,False,False,False
flowers,花卉,random,flowers_random_seed1_k5,1,70,玫瑰 / rose (70),17,castle,castle (17),80.0,False,False,False
flowers,花卉,random,flowers_random_seed1_k5,1,70,玫瑰 / rose (70),18,caterpillar,caterpillar (18),65.0,False,False,False
flowers,花卉,random,flowers_random_seed1_k5,1,70,玫瑰 / rose (70),19,cattle,牛 / cattle (19),64.0,False,False,False
flowers,花卉,random,flowers_random_seed1_k5,1,70,玫瑰 / rose (70),20,chair,chair (20),86.0,False,False,False
flowers,花卉,random,flowers_random_seed1_k5,1,70,玫瑰 / rose (70),21,chimpanzee,黑猩猩 / chimpanzee (21),86.0,False,False,False
flowers,花卉,random,flowers_random_seed1_k5,1,70,玫瑰 / rose (70),22,clock,clock (22),63.0,False,False,False
flowers,花卉,random,flowers_random_seed1_k5,1,70,玫瑰 / rose (70),23,cloud,cloud (23),81.0,False,False,False
flowers,花卉,random,flowers_random_seed1_k5,1,70,玫瑰 / rose (70),24,cockroach,cockroach (24),77.0,False,False,False
flowers,花卉,random,flowers_random_seed1_k5,1,70,玫瑰 / rose (70),25,couch,couch (25),55.0,False,False,False
flowers,花卉,random,flowers_random_seed1_k5,1,70,玫瑰 / rose (70),26,crab,crab (26),63.0,False,False,False
flowers,花卉,random,flowers_random_seed1_k5,1,70,玫瑰 / rose (70),27,crocodile,crocodile (27),58.0,False,False,False
flowers,花卉,random,flowers_random_seed1_k5,1,70,玫瑰 / rose (70),28,cup,cup (28),75.0,False,False,False
flowers,花卉,random,flowers_random_seed1_k5,1,70,玫瑰 / rose (70),29,dinosaur,dinosaur (29),65.0,False,False,False
flowers,花卉,random,flowers_random_seed1_k5,1,70,玫瑰 / rose (70),30,dolphin,dolphin (30),67.0,False,False,False
flowers,花卉,random,flowers_random_seed1_k5,1,70,玫瑰 / rose (70),31,elephant,大象 / elephant (31),65.0,False,False,False
flowers,花卉,random,flowers_random_seed1_k5,1,70,玫瑰 / rose (70),32,flatfish,flatfish (32),61.0,False,False,False
flowers,花卉,random,flowers_random_seed1_k5,1,70,玫瑰 / rose (70),33,forest,forest (33),58.0,False,False,False
flowers,花卉,random,flowers_random_seed1_k5,1,70,玫瑰 / rose (70),34,fox,fox (34),74.0,False,False,False
flowers,花卉,random,flowers_random_seed1_k5,1,70,玫瑰 / rose (70),35,girl,girl (35),51.0,False,False,False
flowers,花卉,random,flowers_random_seed1_k5,1,70,玫瑰 / rose (70),36,hamster,hamster (36),83.0,False,False,False
flowers,花卉,random,flowers_random_seed1_k5,1,70,玫瑰 / rose (70),37,house,house (37),79.0,False,False,False
flowers,花卉,random,flowers_random_seed1_k5,1,70,玫瑰 / rose (70),38,kangaroo,袋鼠 / kangaroo (38),61.0,False,False,False
flowers,花卉,random,flowers_random_seed1_k5,1,70,玫瑰 / rose (70),39,keyboard,keyboard (39),79.0,False,False,False
flowers,花卉,random,flowers_random_seed1_k5,1,70,玫瑰 / rose (70),40,lamp,lamp (40),58.0,False,False,False
flowers,花卉,random,flowers_random_seed1_k5,1,70,玫瑰 / rose (70),41,lawn_mower,lawn_mower (41),87.0,False,False,False
flowers,花卉,random,flowers_random_seed1_k5,1,70,玫瑰 / rose (70),42,leopard,leopard (42),71.0,False,False,False
flowers,花卉,random,flowers_random_seed1_k5,1,70,玫瑰 / rose (70),43,lion,lion (43),82.0,False,False,False
flowers,花卉,random,flowers_random_seed1_k5,1,70,玫瑰 / rose (70),44,lizard,lizard (44),44.0,False,False,False
flowers,花卉,random,flowers_random_seed1_k5,1,70,玫瑰 / rose (70),45,lobster,lobster (45),64.0,False,False,False
flowers,花卉,random,flowers_random_seed1_k5,1,70,玫瑰 / rose (70),46,man,man (46),47.0,False,False,False
flowers,花卉,random,flowers_random_seed1_k5,1,70,玫瑰 / rose (70),47,maple_tree,maple_tree (47),67.0,False,False,False
flowers,花卉,random,flowers_random_seed1_k5,1,70,玫瑰 / rose (70),48,motorcycle,摩托車 / motorcycle (48),93.0,False,False,False
flowers,花卉,random,flowers_random_seed1_k5,1,70,玫瑰 / rose (70),49,mountain,mountain (49),84.0,False,False,False
flowers,花卉,random,flowers_random_seed1_k5,1,70,玫瑰 / rose (70),50,mouse,mouse (50),55.0,False,False,False
flowers,花卉,random,flowers_random_seed1_k5,1,70,玫瑰 / rose (70),51,mushroom,mushroom (51),71.0,False,False,False
flowers,花卉,random,flowers_random_seed1_k5,1,70,玫瑰 / rose (70),52,oak_tree,oak_tree (52),67.0,False,False,False
flowers,花卉,random,flowers_random_seed1_k5,1,70,玫瑰 / rose (70),53,orange,orange (53),87.0,False,False,False
flowers,花卉,random,flowers_random_seed1_k5,1,70,玫瑰 / rose (70),54,orchid,蘭花 / orchid (54),83.0,False,False,True
flowers,花卉,random,flowers_random_seed1_k5,1,70,玫瑰 / rose (70),55,otter,otter (55),40.0,False,False,False
flowers,花卉,random,flowers_random_seed1_k5,1,70,玫瑰 / rose (70),56,palm_tree,palm_tree (56),87.0,False,False,False
flowers,花卉,random,flowers_random_seed1_k5,1,70,玫瑰 / rose (70),57,pear,pear (57),75.0,False,False,False
flowers,花卉,random,flowers_random_seed1_k5,1,70,玫瑰 / rose (70),58,pickup_truck,皮卡車 / pickup_truck (58),86.0,False,False,False
flowers,花卉,random,flowers_random_seed1_k5,1,70,玫瑰 / rose (70),59,pine_tree,pine_tree (59),70.0,False,False,False
flowers,花卉,random,flowers_random_seed1_k5,1,70,玫瑰 / rose (70),60,plain,plain (60),86.0,False,False,False
flowers,花卉,random,flowers_random_seed1_k5,1,70,玫瑰 / rose (70),61,plate,plate (61),65.0,False,False,False
flowers,花卉,random,flowers_random_seed1_k5,1,70,玫瑰 / rose (70),62,poppy,罌粟花 / poppy (62),79.0,False,False,True
flowers,花卉,random,flowers_random_seed1_k5,1,70,玫瑰 / rose (70),63,porcupine,porcupine (63),70.0,False,False,False
flowers,花卉,random,flowers_random_seed1_k5,1,70,玫瑰 / rose (70),64,possum,possum (64),51.0,False,False,False
flowers,花卉,random,flowers_random_seed1_k5,1,70,玫瑰 / rose (70),65,rabbit,rabbit (65),60.0,False,False,False
flowers,花卉,random,flowers_random_seed1_k5,1,70,玫瑰 / rose (70),66,raccoon,raccoon (66),78.0,False,False,False
flowers,花卉,random,flowers_random_seed1_k5,1,70,玫瑰 / rose (70),67,ray,ray (67),57.0,False,False,False
flowers,花卉,random,flowers_random_seed1_k5,1,70,玫瑰 / rose (70),68,road,road (68),94.0,False,False,False
flowers,花卉,random,flowers_random_seed1_k5,1,70,玫瑰 / rose (70),69,rocket,rocket (69),80.0,False,False,False
flowers,花卉,random,flowers_random_seed1_k5,1,70,玫瑰 / rose (70),70,rose,玫瑰 / rose (70),0.0,True,True,True
flowers,花卉,random,flowers_random_seed1_k5,1,70,玫瑰 / rose (70),71,sea,sea (71),79.0,False,False,False
flowers,花卉,random,flowers_random_seed1_k5,1,70,玫瑰 / rose (70),72,seal,seal (72),49.0,False,False,False
flowers,花卉,random,flowers_random_seed1_k5,1,70,玫瑰 / rose (70),73,shark,shark (73),59.0,False,False,False
flowers,花卉,random,flowers_random_seed1_k5,1,70,玫瑰 / rose (70),74,shrew,shrew (74),49.0,False,False,False
flowers,花卉,random,flowers_random_seed1_k5,1,70,玫瑰 / rose (70),75,skunk,skunk (75),91.0,False,False,False
flowers,花卉,random,flowers_random_seed1_k5,1,70,玫瑰 / rose (70),76,skyscraper,skyscraper (76),88.0,False,False,False
flowers,花卉,random,flowers_random_seed1_k5,1,70,玫瑰 / rose (70),77,snail,snail (77),66.0,False,False,False
flowers,花卉,random,flowers_random_seed1_k5,1,70,玫瑰 / rose (70),78,snake,snake (78),60.0,False,False,False
flowers,花卉,random,flowers_random_seed1_k5,1,70,玫瑰 / rose (70),79,spider,spider (79),73.0,False,False,False
flowers,花卉,random,flowers_random_seed1_k5,1,70,玫瑰 / rose (70),80,squirrel,squirrel (80),58.0,False,False,False
flowers,花卉,random,flowers_random_seed1_k5,1,70,玫瑰 / rose (70),81,streetcar,streetcar (81),74.0,False,False,False
flowers,花卉,random,flowers_random_seed1_k5,1,70,玫瑰 / rose (70),82,sunflower,向日葵 / sunflower (82),89.0,False,False,True
flowers,花卉,random,flowers_random_seed1_k5,1,70,玫瑰 / rose (70),83,sweet_pepper,sweet_pepper (83),63.0,False,False,False
flowers,花卉,random,flowers_random_seed1_k5,1,70,玫瑰 / rose (70),84,table,table (84),69.0,False,False,False
flowers,花卉,random,flowers_random_seed1_k5,1,70,玫瑰 / rose (70),85,tank,tank (85),72.0,False,False,False
flowers,花卉,random,flowers_random_seed1_k5,1,70,玫瑰 / rose (70),86,telephone,telephone (86),68.0,False,False,False
flowers,花卉,random,flowers_random_seed1_k5,1,70,玫瑰 / rose (70),87,television,television (87),79.0,False,False,False
flowers,花卉,random,flowers_random_seed1_k5,1,70,玫瑰 / rose (70),88,tiger,tiger (88),80.0,False,False,False
flowers,花卉,random,flowers_random_seed1_k5,1,70,玫瑰 / rose (70),89,tractor,tractor (89),84.0,False,False,False
flowers,花卉,random,flowers_random_seed1_k5,1,70,玫瑰 / rose (70),90,train,火車 / train (90),85.0,False,False,False
flowers,花卉,random,flowers_random_seed1_k5,1,70,玫瑰 / rose (70),91,trout,trout (91),76.0,False,False,False
flowers,花卉,random,flowers_random_seed1_k5,1,70,玫瑰 / rose (70),92,tulip,鬱金香 / tulip (92),59.0,False,False,True
flowers,花卉,random,flowers_random_seed1_k5,1,70,玫瑰 / rose (70),93,turtle,turtle (93),56.0,False,False,False
flowers,花卉,random,flowers_random_seed1_k5,1,70,玫瑰 / rose (70),94,wardrobe,wardrobe (94),90.0,False,False,False
flowers,花卉,random,flowers_random_seed1_k5,1,70,玫瑰 / rose (70),95,whale,whale (95),75.0,False,False,False
flowers,花卉,random,flowers_random_seed1_k5,1,70,玫瑰 / rose (70),96,willow_tree,willow_tree (96),62.0,False,False,False
flowers,花卉,random,flowers_random_seed1_k5,1,70,玫瑰 / rose (70),97,wolf,wolf (97),76.0,False,False,False
flowers,花卉,random,flowers_random_seed1_k5,1,70,玫瑰 / rose (70),98,woman,woman (98),54.0,False,False,False
flowers,花卉,random,flowers_random_seed1_k5,1,70,玫瑰 / rose (70),99,worm,worm (99),71.0,False,False,False
flowers,花卉,random,flowers_random_seed1_k5,2,54,蘭花 / orchid (54),0,apple,apple (0),89.0,False,False,False
flowers,花卉,random,flowers_random_seed1_k5,2,54,蘭花 / orchid (54),1,aquarium_fish,aquarium_fish (1),79.0,False,False,False
flowers,花卉,random,flowers_random_seed1_k5,2,54,蘭花 / orchid (54),2,baby,baby (2),56.0,False,False,False
flowers,花卉,random,flowers_random_seed1_k5,2,54,蘭花 / orchid (54),3,bear,bear (3),52.0,False,False,False
flowers,花卉,random,flowers_random_seed1_k5,2,54,蘭花 / orchid (54),4,beaver,beaver (4),59.0,False,False,False
flowers,花卉,random,flowers_random_seed1_k5,2,54,蘭花 / orchid (54),5,bed,bed (5),72.0,False,False,False
flowers,花卉,random,flowers_random_seed1_k5,2,54,蘭花 / orchid (54),6,bee,bee (6),81.0,False,False,False
flowers,花卉,random,flowers_random_seed1_k5,2,54,蘭花 / orchid (54),7,beetle,beetle (7),74.0,False,False,False
flowers,花卉,random,flowers_random_seed1_k5,2,54,蘭花 / orchid (54),8,bicycle,腳踏車 / bicycle (8),82.0,False,False,False
flowers,花卉,random,flowers_random_seed1_k5,2,54,蘭花 / orchid (54),9,bottle,bottle (9),81.0,False,False,False
flowers,花卉,random,flowers_random_seed1_k5,2,54,蘭花 / orchid (54),10,bowl,bowl (10),48.0,False,False,False
flowers,花卉,random,flowers_random_seed1_k5,2,54,蘭花 / orchid (54),11,boy,boy (11),45.0,False,False,False
flowers,花卉,random,flowers_random_seed1_k5,2,54,蘭花 / orchid (54),12,bridge,bridge (12),80.0,False,False,False
flowers,花卉,random,flowers_random_seed1_k5,2,54,蘭花 / orchid (54),13,bus,公車 / bus (13),67.0,False,False,False
flowers,花卉,random,flowers_random_seed1_k5,2,54,蘭花 / orchid (54),14,butterfly,butterfly (14),56.0,False,False,False
flowers,花卉,random,flowers_random_seed1_k5,2,54,蘭花 / orchid (54),15,camel,駱駝 / camel (15),74.0,False,False,False
flowers,花卉,random,flowers_random_seed1_k5,2,54,蘭花 / orchid (54),16,can,can (16),78.0,False,False,False
flowers,花卉,random,flowers_random_seed1_k5,2,54,蘭花 / orchid (54),17,castle,castle (17),82.0,False,False,False
flowers,花卉,random,flowers_random_seed1_k5,2,54,蘭花 / orchid (54),18,caterpillar,caterpillar (18),63.0,False,False,False
flowers,花卉,random,flowers_random_seed1_k5,2,54,蘭花 / orchid (54),19,cattle,牛 / cattle (19),65.0,False,False,False
flowers,花卉,random,flowers_random_seed1_k5,2,54,蘭花 / orchid (54),20,chair,chair (20),86.0,False,False,False
flowers,花卉,random,flowers_random_seed1_k5,2,54,蘭花 / orchid (54),21,chimpanzee,黑猩猩 / chimpanzee (21),85.0,False,False,False
flowers,花卉,random,flowers_random_seed1_k5,2,54,蘭花 / orchid (54),22,clock,clock (22),69.0,False,False,False
flowers,花卉,random,flowers_random_seed1_k5,2,54,蘭花 / orchid (54),23,cloud,cloud (23),81.0,False,False,False
flowers,花卉,random,flowers_random_seed1_k5,2,54,蘭花 / orchid (54),24,cockroach,cockroach (24),80.0,False,False,False
flowers,花卉,random,flowers_random_seed1_k5,2,54,蘭花 / orchid (54),25,couch,couch (25),55.0,False,False,False
flowers,花卉,random,flowers_random_seed1_k5,2,54,蘭花 / orchid (54),26,crab,crab (26),58.0,False,False,False
flowers,花卉,random,flowers_random_seed1_k5,2,54,蘭花 / orchid (54),27,crocodile,crocodile (27),57.0,False,False,False
flowers,花卉,random,flowers_random_seed1_k5,2,54,蘭花 / orchid (54),28,cup,cup (28),74.0,False,False,False
flowers,花卉,random,flowers_random_seed1_k5,2,54,蘭花 / orchid (54),29,dinosaur,dinosaur (29),66.0,False,False,False
flowers,花卉,random,flowers_random_seed1_k5,2,54,蘭花 / orchid (54),30,dolphin,dolphin (30),67.0,False,False,False
flowers,花卉,random,flowers_random_seed1_k5,2,54,蘭花 / orchid (54),31,elephant,大象 / elephant (31),68.0,False,False,False
flowers,花卉,random,flowers_random_seed1_k5,2,54,蘭花 / orchid (54),32,flatfish,flatfish (32),62.0,False,False,False
flowers,花卉,random,flowers_random_seed1_k5,2,54,蘭花 / orchid (54),33,forest,forest (33),60.0,False,False,False
flowers,花卉,random,flowers_random_seed1_k5,2,54,蘭花 / orchid (54),34,fox,fox (34),76.0,False,False,False
flowers,花卉,random,flowers_random_seed1_k5,2,54,蘭花 / orchid (54),35,girl,girl (35),50.0,False,False,False
flowers,花卉,random,flowers_random_seed1_k5,2,54,蘭花 / orchid (54),36,hamster,hamster (36),81.0,False,False,False
flowers,花卉,random,flowers_random_seed1_k5,2,54,蘭花 / orchid (54),37,house,house (37),79.0,False,False,False
flowers,花卉,random,flowers_random_seed1_k5,2,54,蘭花 / orchid (54),38,kangaroo,袋鼠 / kangaroo (38),65.0,False,False,False
flowers,花卉,random,flowers_random_seed1_k5,2,54,蘭花 / orchid (54),39,keyboard,keyboard (39),81.0,False,False,False
flowers,花卉,random,flowers_random_seed1_k5,2,54,蘭花 / orchid (54),40,lamp,lamp (40),59.0,False,False,False
flowers,花卉,random,flowers_random_seed1_k5,2,54,蘭花 / orchid (54),41,lawn_mower,lawn_mower (41),89.0,False,False,False
flowers,花卉,random,flowers_random_seed1_k5,2,54,蘭花 / orchid (54),42,leopard,leopard (42),72.0,False,False,False
flowers,花卉,random,flowers_random_seed1_k5,2,54,蘭花 / orchid (54),43,lion,lion (43),82.0,False,False,False
flowers,花卉,random,flowers_random_seed1_k5,2,54,蘭花 / orchid (54),44,lizard,lizard (44),45.0,False,False,False
flowers,花卉,random,flowers_random_seed1_k5,2,54,蘭花 / orchid (54),45,lobster,lobster (45),61.0,False,False,False
flowers,花卉,random,flowers_random_seed1_k5,2,54,蘭花 / orchid (54),46,man,man (46),48.0,False,False,False
flowers,花卉,random,flowers_random_seed1_k5,2,54,蘭花 / orchid (54),47,maple_tree,maple_tree (47),67.0,False,False,False
flowers,花卉,random,flowers_random_seed1_k5,2,54,蘭花 / orchid (54),48,motorcycle,摩托車 / motorcycle (48),93.0,False,False,False
flowers,花卉,random,flowers_random_seed1_k5,2,54,蘭花 / orchid (54),49,mountain,mountain (49),84.0,False,False,False
flowers,花卉,random,flowers_random_seed1_k5,2,54,蘭花 / orchid (54),50,mouse,mouse (50),54.0,False,False,False
flowers,花卉,random,flowers_random_seed1_k5,2,54,蘭花 / orchid (54),51,mushroom,mushroom (51),71.0,False,False,False
flowers,花卉,random,flowers_random_seed1_k5,2,54,蘭花 / orchid (54),52,oak_tree,oak_tree (52),65.0,False,False,False
flowers,花卉,random,flowers_random_seed1_k5,2,54,蘭花 / orchid (54),53,orange,orange (53),87.0,False,False,False
flowers,花卉,random,flowers_random_seed1_k5,2,54,蘭花 / orchid (54),54,orchid,蘭花 / orchid (54),0.0,True,True,True
flowers,花卉,random,flowers_random_seed1_k5,2,54,蘭花 / orchid (54),55,otter,otter (55),41.0,False,False,False
flowers,花卉,random,flowers_random_seed1_k5,2,54,蘭花 / orchid (54),56,palm_tree,palm_tree (56),85.0,False,False,False
flowers,花卉,random,flowers_random_seed1_k5,2,54,蘭花 / orchid (54),57,pear,pear (57),78.0,False,False,False
flowers,花卉,random,flowers_random_seed1_k5,2,54,蘭花 / orchid (54),58,pickup_truck,皮卡車 / pickup_truck (58),82.0,False,False,False
flowers,花卉,random,flowers_random_seed1_k5,2,54,蘭花 / orchid (54),59,pine_tree,pine_tree (59),71.0,False,False,False
flowers,花卉,random,flowers_random_seed1_k5,2,54,蘭花 / orchid (54),60,plain,plain (60),86.0,False,False,False
flowers,花卉,random,flowers_random_seed1_k5,2,54,蘭花 / orchid (54),61,plate,plate (61),65.0,False,False,False
flowers,花卉,random,flowers_random_seed1_k5,2,54,蘭花 / orchid (54),62,poppy,罌粟花 / poppy (62),81.0,False,False,True
flowers,花卉,random,flowers_random_seed1_k5,2,54,蘭花 / orchid (54),63,porcupine,porcupine (63),66.0,False,False,False
flowers,花卉,random,flowers_random_seed1_k5,2,54,蘭花 / orchid (54),64,possum,possum (64),52.0,False,False,False
flowers,花卉,random,flowers_random_seed1_k5,2,54,蘭花 / orchid (54),65,rabbit,rabbit (65),63.0,False,False,False
flowers,花卉,random,flowers_random_seed1_k5,2,54,蘭花 / orchid (54),66,raccoon,raccoon (66),79.0,False,False,False
flowers,花卉,random,flowers_random_seed1_k5,2,54,蘭花 / orchid (54),67,ray,ray (67),58.0,False,False,False
flowers,花卉,random,flowers_random_seed1_k5,2,54,蘭花 / orchid (54),68,road,road (68),94.0,False,False,False
flowers,花卉,random,flowers_random_seed1_k5,2,54,蘭花 / orchid (54),69,rocket,rocket (69),78.0,False,False,False
flowers,花卉,random,flowers_random_seed1_k5,2,54,蘭花 / orchid (54),70,rose,玫瑰 / rose (70),0.0,True,False,True
flowers,花卉,random,flowers_random_seed1_k5,2,54,蘭花 / orchid (54),71,sea,sea (71),80.0,False,False,False
flowers,花卉,random,flowers_random_seed1_k5,2,54,蘭花 / orchid (54),72,seal,seal (72),47.0,False,False,False
flowers,花卉,random,flowers_random_seed1_k5,2,54,蘭花 / orchid (54),73,shark,shark (73),57.0,False,False,False
flowers,花卉,random,flowers_random_seed1_k5,2,54,蘭花 / orchid (54),74,shrew,shrew (74),49.0,False,False,False
flowers,花卉,random,flowers_random_seed1_k5,2,54,蘭花 / orchid (54),75,skunk,skunk (75),88.0,False,False,False
flowers,花卉,random,flowers_random_seed1_k5,2,54,蘭花 / orchid (54),76,skyscraper,skyscraper (76),89.0,False,False,False
flowers,花卉,random,flowers_random_seed1_k5,2,54,蘭花 / orchid (54),77,snail,snail (77),64.0,False,False,False
flowers,花卉,random,flowers_random_seed1_k5,2,54,蘭花 / orchid (54),78,snake,snake (78),61.0,False,False,False
flowers,花卉,random,flowers_random_seed1_k5,2,54,蘭花 / orchid (54),79,spider,spider (79),68.0,False,False,False
flowers,花卉,random,flowers_random_seed1_k5,2,54,蘭花 / orchid (54),80,squirrel,squirrel (80),56.0,False,False,False
flowers,花卉,random,flowers_random_seed1_k5,2,54,蘭花 / orchid (54),81,streetcar,streetcar (81),73.0,False,False,False
flowers,花卉,random,flowers_random_seed1_k5,2,54,蘭花 / orchid (54),82,sunflower,向日葵 / sunflower (82),88.0,False,False,True
flowers,花卉,random,flowers_random_seed1_k5,2,54,蘭花 / orchid (54),83,sweet_pepper,sweet_pepper (83),70.0,False,False,False
flowers,花卉,random,flowers_random_seed1_k5,2,54,蘭花 / orchid (54),84,table,table (84),69.0,False,False,False
flowers,花卉,random,flowers_random_seed1_k5,2,54,蘭花 / orchid (54),85,tank,tank (85),70.0,False,False,False
flowers,花卉,random,flowers_random_seed1_k5,2,54,蘭花 / orchid (54),86,telephone,telephone (86),68.0,False,False,False
flowers,花卉,random,flowers_random_seed1_k5,2,54,蘭花 / orchid (54),87,television,television (87),78.0,False,False,False
flowers,花卉,random,flowers_random_seed1_k5,2,54,蘭花 / orchid (54),88,tiger,tiger (88),79.0,False,False,False
flowers,花卉,random,flowers_random_seed1_k5,2,54,蘭花 / orchid (54),89,tractor,tractor (89),82.0,False,False,False
flowers,花卉,random,flowers_random_seed1_k5,2,54,蘭花 / orchid (54),90,train,火車 / train (90),83.0,False,False,False
flowers,花卉,random,flowers_random_seed1_k5,2,54,蘭花 / orchid (54),91,trout,trout (91),79.0,False,False,False
flowers,花卉,random,flowers_random_seed1_k5,2,54,蘭花 / orchid (54),92,tulip,鬱金香 / tulip (92),72.0,False,False,True
flowers,花卉,random,flowers_random_seed1_k5,2,54,蘭花 / orchid (54),93,turtle,turtle (93),56.0,False,False,False
flowers,花卉,random,flowers_random_seed1_k5,2,54,蘭花 / orchid (54),94,wardrobe,wardrobe (94),91.0,False,False,False
flowers,花卉,random,flowers_random_seed1_k5,2,54,蘭花 / orchid (54),95,whale,whale (95),75.0,False,False,False
flowers,花卉,random,flowers_random_seed1_k5,2,54,蘭花 / orchid (54),96,willow_tree,willow_tree (96),62.0,False,False,False
flowers,花卉,random,flowers_random_seed1_k5,2,54,蘭花 / orchid (54),97,wolf,wolf (97),76.0,False,False,False
flowers,花卉,random,flowers_random_seed1_k5,2,54,蘭花 / orchid (54),98,woman,woman (98),51.0,False,False,False
flowers,花卉,random,flowers_random_seed1_k5,2,54,蘭花 / orchid (54),99,worm,worm (99),70.0,False,False,False
flowers,花卉,random,flowers_random_seed1_k5,3,92,鬱金香 / tulip (92),0,apple,apple (0),90.0,False,False,False
flowers,花卉,random,flowers_random_seed1_k5,3,92,鬱金香 / tulip (92),1,aquarium_fish,aquarium_fish (1),83.0,False,False,False
flowers,花卉,random,flowers_random_seed1_k5,3,92,鬱金香 / tulip (92),2,baby,baby (2),61.0,False,False,False
flowers,花卉,random,flowers_random_seed1_k5,3,92,鬱金香 / tulip (92),3,bear,bear (3),52.0,False,False,False
flowers,花卉,random,flowers_random_seed1_k5,3,92,鬱金香 / tulip (92),4,beaver,beaver (4),58.0,False,False,False
flowers,花卉,random,flowers_random_seed1_k5,3,92,鬱金香 / tulip (92),5,bed,bed (5),69.0,False,False,False
flowers,花卉,random,flowers_random_seed1_k5,3,92,鬱金香 / tulip (92),6,bee,bee (6),79.0,False,False,False
flowers,花卉,random,flowers_random_seed1_k5,3,92,鬱金香 / tulip (92),7,beetle,beetle (7),76.0,False,False,False
flowers,花卉,random,flowers_random_seed1_k5,3,92,鬱金香 / tulip (92),8,bicycle,腳踏車 / bicycle (8),82.0,False,False,False
flowers,花卉,random,flowers_random_seed1_k5,3,92,鬱金香 / tulip (92),9,bottle,bottle (9),79.0,False,False,False
flowers,花卉,random,flowers_random_seed1_k5,3,92,鬱金香 / tulip (92),10,bowl,bowl (10),46.0,False,False,False
flowers,花卉,random,flowers_random_seed1_k5,3,92,鬱金香 / tulip (92),11,boy,boy (11),46.0,False,False,False
flowers,花卉,random,flowers_random_seed1_k5,3,92,鬱金香 / tulip (92),12,bridge,bridge (12),79.0,False,False,False
flowers,花卉,random,flowers_random_seed1_k5,3,92,鬱金香 / tulip (92),13,bus,公車 / bus (13),68.0,False,False,False
flowers,花卉,random,flowers_random_seed1_k5,3,92,鬱金香 / tulip (92),14,butterfly,butterfly (14),56.0,False,False,False
flowers,花卉,random,flowers_random_seed1_k5,3,92,鬱金香 / tulip (92),15,camel,駱駝 / camel (15),73.0,False,False,False
flowers,花卉,random,flowers_random_seed1_k5,3,92,鬱金香 / tulip (92),16,can,can (16),78.0,False,False,False
flowers,花卉,random,flowers_random_seed1_k5,3,92,鬱金香 / tulip (92),17,castle,castle (17),83.0,False,False,False
flowers,花卉,random,flowers_random_seed1_k5,3,92,鬱金香 / tulip (92),18,caterpillar,caterpillar (18),68.0,False,False,False
flowers,花卉,random,flowers_random_seed1_k5,3,92,鬱金香 / tulip (92),19,cattle,牛 / cattle (19),64.0,False,False,False
flowers,花卉,random,flowers_random_seed1_k5,3,92,鬱金香 / tulip (92),20,chair,chair (20),86.0,False,False,False
flowers,花卉,random,flowers_random_seed1_k5,3,92,鬱金香 / tulip (92),21,chimpanzee,黑猩猩 / chimpanzee (21),85.0,False,False,False
flowers,花卉,random,flowers_random_seed1_k5,3,92,鬱金香 / tulip (92),22,clock,clock (22),69.0,False,False,False
flowers,花卉,random,flowers_random_seed1_k5,3,92,鬱金香 / tulip (92),23,cloud,cloud (23),81.0,False,False,False
flowers,花卉,random,flowers_random_seed1_k5,3,92,鬱金香 / tulip (92),24,cockroach,cockroach (24),80.0,False,False,False
flowers,花卉,random,flowers_random_seed1_k5,3,92,鬱金香 / tulip (92),25,couch,couch (25),57.0,False,False,False
flowers,花卉,random,flowers_random_seed1_k5,3,92,鬱金香 / tulip (92),26,crab,crab (26),62.0,False,False,False
flowers,花卉,random,flowers_random_seed1_k5,3,92,鬱金香 / tulip (92),27,crocodile,crocodile (27),58.0,False,False,False
flowers,花卉,random,flowers_random_seed1_k5,3,92,鬱金香 / tulip (92),28,cup,cup (28),74.0,False,False,False
flowers,花卉,random,flowers_random_seed1_k5,3,92,鬱金香 / tulip (92),29,dinosaur,dinosaur (29),65.0,False,False,False
flowers,花卉,random,flowers_random_seed1_k5,3,92,鬱金香 / tulip (92),30,dolphin,dolphin (30),70.0,False,False,False
flowers,花卉,random,flowers_random_seed1_k5,3,92,鬱金香 / tulip (92),31,elephant,大象 / elephant (31),67.0,False,False,False
flowers,花卉,random,flowers_random_seed1_k5,3,92,鬱金香 / tulip (92),32,flatfish,flatfish (32),64.0,False,False,False
flowers,花卉,random,flowers_random_seed1_k5,3,92,鬱金香 / tulip (92),33,forest,forest (33),62.0,False,False,False
flowers,花卉,random,flowers_random_seed1_k5,3,92,鬱金香 / tulip (92),34,fox,fox (34),75.0,False,False,False
flowers,花卉,random,flowers_random_seed1_k5,3,92,鬱金香 / tulip (92),35,girl,girl (35),45.0,False,False,False
flowers,花卉,random,flowers_random_seed1_k5,3,92,鬱金香 / tulip (92),36,hamster,hamster (36),81.0,False,False,False
flowers,花卉,random,flowers_random_seed1_k5,3,92,鬱金香 / tulip (92),37,house,house (37),79.0,False,False,False
flowers,花卉,random,flowers_random_seed1_k5,3,92,鬱金香 / tulip (92),38,kangaroo,袋鼠 / kangaroo (38),65.0,False,False,False
flowers,花卉,random,flowers_random_seed1_k5,3,92,鬱金香 / tulip (92),39,keyboard,keyboard (39),81.0,False,False,False
flowers,花卉,random,flowers_random_seed1_k5,3,92,鬱金香 / tulip (92),40,lamp,lamp (40),59.0,False,False,False
flowers,花卉,random,flowers_random_seed1_k5,3,92,鬱金香 / tulip (92),41,lawn_mower,lawn_mower (41),87.0,False,False,False
flowers,花卉,random,flowers_random_seed1_k5,3,92,鬱金香 / tulip (92),42,leopard,leopard (42),72.0,False,False,False
flowers,花卉,random,flowers_random_seed1_k5,3,92,鬱金香 / tulip (92),43,lion,lion (43),84.0,False,False,False
flowers,花卉,random,flowers_random_seed1_k5,3,92,鬱金香 / tulip (92),44,lizard,lizard (44),49.0,False,False,False
flowers,花卉,random,flowers_random_seed1_k5,3,92,鬱金香 / tulip (92),45,lobster,lobster (45),64.0,False,False,False
flowers,花卉,random,flowers_random_seed1_k5,3,92,鬱金香 / tulip (92),46,man,man (46),46.0,False,False,False
flowers,花卉,random,flowers_random_seed1_k5,3,92,鬱金香 / tulip (92),47,maple_tree,maple_tree (47),62.0,False,False,False
flowers,花卉,random,flowers_random_seed1_k5,3,92,鬱金香 / tulip (92),48,motorcycle,摩托車 / motorcycle (48),92.0,False,False,False
flowers,花卉,random,flowers_random_seed1_k5,3,92,鬱金香 / tulip (92),49,mountain,mountain (49),85.0,False,False,False
flowers,花卉,random,flowers_random_seed1_k5,3,92,鬱金香 / tulip (92),50,mouse,mouse (50),53.0,False,False,False
flowers,花卉,random,flowers_random_seed1_k5,3,92,鬱金香 / tulip (92),51,mushroom,mushroom (51),73.0,False,False,False
flowers,花卉,random,flowers_random_seed1_k5,3,92,鬱金香 / tulip (92),52,oak_tree,oak_tree (52),67.0,False,False,False
flowers,花卉,random,flowers_random_seed1_k5,3,92,鬱金香 / tulip (92),53,orange,orange (53),86.0,False,False,False
flowers,花卉,random,flowers_random_seed1_k5,3,92,鬱金香 / tulip (92),54,orchid,蘭花 / orchid (54),0.0,True,False,True
flowers,花卉,random,flowers_random_seed1_k5,3,92,鬱金香 / tulip (92),55,otter,otter (55),40.0,False,False,False
flowers,花卉,random,flowers_random_seed1_k5,3,92,鬱金香 / tulip (92),56,palm_tree,palm_tree (56),86.0,False,False,False
flowers,花卉,random,flowers_random_seed1_k5,3,92,鬱金香 / tulip (92),57,pear,pear (57),77.0,False,False,False
flowers,花卉,random,flowers_random_seed1_k5,3,92,鬱金香 / tulip (92),58,pickup_truck,皮卡車 / pickup_truck (58),86.0,False,False,False
flowers,花卉,random,flowers_random_seed1_k5,3,92,鬱金香 / tulip (92),59,pine_tree,pine_tree (59),72.0,False,False,False
flowers,花卉,random,flowers_random_seed1_k5,3,92,鬱金香 / tulip (92),60,plain,plain (60),86.0,False,False,False
flowers,花卉,random,flowers_random_seed1_k5,3,92,鬱金香 / tulip (92),61,plate,plate (61),63.0,False,False,False
flowers,花卉,random,flowers_random_seed1_k5,3,92,鬱金香 / tulip (92),62,poppy,罌粟花 / poppy (62),83.0,False,False,True
flowers,花卉,random,flowers_random_seed1_k5,3,92,鬱金香 / tulip (92),63,porcupine,porcupine (63),66.0,False,False,False
flowers,花卉,random,flowers_random_seed1_k5,3,92,鬱金香 / tulip (92),64,possum,possum (64),52.0,False,False,False
flowers,花卉,random,flowers_random_seed1_k5,3,92,鬱金香 / tulip (92),65,rabbit,rabbit (65),60.0,False,False,False
flowers,花卉,random,flowers_random_seed1_k5,3,92,鬱金香 / tulip (92),66,raccoon,raccoon (66),80.0,False,False,False
flowers,花卉,random,flowers_random_seed1_k5,3,92,鬱金香 / tulip (92),67,ray,ray (67),58.0,False,False,False
flowers,花卉,random,flowers_random_seed1_k5,3,92,鬱金香 / tulip (92),68,road,road (68),94.0,False,False,False
flowers,花卉,random,flowers_random_seed1_k5,3,92,鬱金香 / tulip (92),69,rocket,rocket (69),79.0,False,False,False
flowers,花卉,random,flowers_random_seed1_k5,3,92,鬱金香 / tulip (92),70,rose,玫瑰 / rose (70),0.0,True,False,True
flowers,花卉,random,flowers_random_seed1_k5,3,92,鬱金香 / tulip (92),71,sea,sea (71),80.0,False,False,False
flowers,花卉,random,flowers_random_seed1_k5,3,92,鬱金香 / tulip (92),72,seal,seal (72),45.0,False,False,False
flowers,花卉,random,flowers_random_seed1_k5,3,92,鬱金香 / tulip (92),73,shark,shark (73),55.0,False,False,False
flowers,花卉,random,flowers_random_seed1_k5,3,92,鬱金香 / tulip (92),74,shrew,shrew (74),49.0,False,False,False
flowers,花卉,random,flowers_random_seed1_k5,3,92,鬱金香 / tulip (92),75,skunk,skunk (75),90.0,False,False,False
flowers,花卉,random,flowers_random_seed1_k5,3,92,鬱金香 / tulip (92),76,skyscraper,skyscraper (76),88.0,False,False,False
flowers,花卉,random,flowers_random_seed1_k5,3,92,鬱金香 / tulip (92),77,snail,snail (77),65.0,False,False,False
flowers,花卉,random,flowers_random_seed1_k5,3,92,鬱金香 / tulip (92),78,snake,snake (78),62.0,False,False,False
flowers,花卉,random,flowers_random_seed1_k5,3,92,鬱金香 / tulip (92),79,spider,spider (79),71.0,False,False,False
flowers,花卉,random,flowers_random_seed1_k5,3,92,鬱金香 / tulip (92),80,squirrel,squirrel (80),55.0,False,False,False
flowers,花卉,random,flowers_random_seed1_k5,3,92,鬱金香 / tulip (92),81,streetcar,streetcar (81),71.0,False,False,False
flowers,花卉,random,flowers_random_seed1_k5,3,92,鬱金香 / tulip (92),82,sunflower,向日葵 / sunflower (82),90.0,False,False,True
flowers,花卉,random,flowers_random_seed1_k5,3,92,鬱金香 / tulip (92),83,sweet_pepper,sweet_pepper (83),71.0,False,False,False
flowers,花卉,random,flowers_random_seed1_k5,3,92,鬱金香 / tulip (92),84,table,table (84),67.0,False,False,False
flowers,花卉,random,flowers_random_seed1_k5,3,92,鬱金香 / tulip (92),85,tank,tank (85),71.0,False,False,False
flowers,花卉,random,flowers_random_seed1_k5,3,92,鬱金香 / tulip (92),86,telephone,telephone (86),68.0,False,False,False
flowers,花卉,random,flowers_random_seed1_k5,3,92,鬱金香 / tulip (92),87,television,television (87),77.0,False,False,False
flowers,花卉,random,flowers_random_seed1_k5,3,92,鬱金香 / tulip (92),88,tiger,tiger (88),80.0,False,False,False
flowers,花卉,random,flowers_random_seed1_k5,3,92,鬱金香 / tulip (92),89,tractor,tractor (89),84.0,False,False,False
flowers,花卉,random,flowers_random_seed1_k5,3,92,鬱金香 / tulip (92),90,train,火車 / train (90),80.0,False,False,False
flowers,花卉,random,flowers_random_seed1_k5,3,92,鬱金香 / tulip (92),91,trout,trout (91),78.0,False,False,False
flowers,花卉,random,flowers_random_seed1_k5,3,92,鬱金香 / tulip (92),92,tulip,鬱金香 / tulip (92),0.0,True,True,True
flowers,花卉,random,flowers_random_seed1_k5,3,92,鬱金香 / tulip (92),93,turtle,turtle (93),57.0,False,False,False
flowers,花卉,random,flowers_random_seed1_k5,3,92,鬱金香 / tulip (92),94,wardrobe,wardrobe (94),91.0,False,False,False
flowers,花卉,random,flowers_random_seed1_k5,3,92,鬱金香 / tulip (92),95,whale,whale (95),74.0,False,False,False
flowers,花卉,random,flowers_random_seed1_k5,3,92,鬱金香 / tulip (92),96,willow_tree,willow_tree (96),63.0,False,False,False
flowers,花卉,random,flowers_random_seed1_k5,3,92,鬱金香 / tulip (92),97,wolf,wolf (97),75.0,False,False,False
flowers,花卉,random,flowers_random_seed1_k5,3,92,鬱金香 / tulip (92),98,woman,woman (98),51.0,False,False,False
flowers,花卉,random,flowers_random_seed1_k5,3,92,鬱金香 / tulip (92),99,worm,worm (99),70.0,False,False,False
flowers,花卉,random,flowers_random_seed1_k5,4,62,罌粟花 / poppy (62),0,apple,apple (0),89.0,False,False,False
flowers,花卉,random,flowers_random_seed1_k5,4,62,罌粟花 / poppy (62),1,aquarium_fish,aquarium_fish (1),85.0,False,False,False
flowers,花卉,random,flowers_random_seed1_k5,4,62,罌粟花 / poppy (62),2,baby,baby (2),62.0,False,False,False
flowers,花卉,random,flowers_random_seed1_k5,4,62,罌粟花 / poppy (62),3,bear,bear (3),52.0,False,False,False
flowers,花卉,random,flowers_random_seed1_k5,4,62,罌粟花 / poppy (62),4,beaver,beaver (4),59.0,False,False,False
flowers,花卉,random,flowers_random_seed1_k5,4,62,罌粟花 / poppy (62),5,bed,bed (5),70.0,False,False,False
flowers,花卉,random,flowers_random_seed1_k5,4,62,罌粟花 / poppy (62),6,bee,bee (6),80.0,False,False,False
flowers,花卉,random,flowers_random_seed1_k5,4,62,罌粟花 / poppy (62),7,beetle,beetle (7),78.0,False,False,False
flowers,花卉,random,flowers_random_seed1_k5,4,62,罌粟花 / poppy (62),8,bicycle,腳踏車 / bicycle (8),84.0,False,False,False
flowers,花卉,random,flowers_random_seed1_k5,4,62,罌粟花 / poppy (62),9,bottle,bottle (9),78.0,False,False,False
flowers,花卉,random,flowers_random_seed1_k5,4,62,罌粟花 / poppy (62),10,bowl,bowl (10),48.0,False,False,False
flowers,花卉,random,flowers_random_seed1_k5,4,62,罌粟花 / poppy (62),11,boy,boy (11),49.0,False,False,False
flowers,花卉,random,flowers_random_seed1_k5,4,62,罌粟花 / poppy (62),12,bridge,bridge (12),77.0,False,False,False
flowers,花卉,random,flowers_random_seed1_k5,4,62,罌粟花 / poppy (62),13,bus,公車 / bus (13),68.0,False,False,False
flowers,花卉,random,flowers_random_seed1_k5,4,62,罌粟花 / poppy (62),14,butterfly,butterfly (14),58.0,False,False,False
flowers,花卉,random,flowers_random_seed1_k5,4,62,罌粟花 / poppy (62),15,camel,駱駝 / camel (15),73.0,False,False,False
flowers,花卉,random,flowers_random_seed1_k5,4,62,罌粟花 / poppy (62),16,can,can (16),78.0,False,False,False
flowers,花卉,random,flowers_random_seed1_k5,4,62,罌粟花 / poppy (62),17,castle,castle (17),80.0,False,False,False
flowers,花卉,random,flowers_random_seed1_k5,4,62,罌粟花 / poppy (62),18,caterpillar,caterpillar (18),66.0,False,False,False
flowers,花卉,random,flowers_random_seed1_k5,4,62,罌粟花 / poppy (62),19,cattle,牛 / cattle (19),65.0,False,False,False
flowers,花卉,random,flowers_random_seed1_k5,4,62,罌粟花 / poppy (62),20,chair,chair (20),86.0,False,False,False
flowers,花卉,random,flowers_random_seed1_k5,4,62,罌粟花 / poppy (62),21,chimpanzee,黑猩猩 / chimpanzee (21),84.0,False,False,False
flowers,花卉,random,flowers_random_seed1_k5,4,62,罌粟花 / poppy (62),22,clock,clock (22),68.0,False,False,False
flowers,花卉,random,flowers_random_seed1_k5,4,62,罌粟花 / poppy (62),23,cloud,cloud (23),80.0,False,False,False
flowers,花卉,random,flowers_random_seed1_k5,4,62,罌粟花 / poppy (62),24,cockroach,cockroach (24),80.0,False,False,False
flowers,花卉,random,flowers_random_seed1_k5,4,62,罌粟花 / poppy (62),25,couch,couch (25),54.0,False,False,False
flowers,花卉,random,flowers_random_seed1_k5,4,62,罌粟花 / poppy (62),26,crab,crab (26),62.0,False,False,False
flowers,花卉,random,flowers_random_seed1_k5,4,62,罌粟花 / poppy (62),27,crocodile,crocodile (27),54.0,False,False,False
flowers,花卉,random,flowers_random_seed1_k5,4,62,罌粟花 / poppy (62),28,cup,cup (28),73.0,False,False,False
flowers,花卉,random,flowers_random_seed1_k5,4,62,罌粟花 / poppy (62),29,dinosaur,dinosaur (29),64.0,False,False,False
flowers,花卉,random,flowers_random_seed1_k5,4,62,罌粟花 / poppy (62),30,dolphin,dolphin (30),67.0,False,False,False
flowers,花卉,random,flowers_random_seed1_k5,4,62,罌粟花 / poppy (62),31,elephant,大象 / elephant (31),67.0,False,False,False
flowers,花卉,random,flowers_random_seed1_k5,4,62,罌粟花 / poppy (62),32,flatfish,flatfish (32),65.0,False,False,False
flowers,花卉,random,flowers_random_seed1_k5,4,62,罌粟花 / poppy (62),33,forest,forest (33),60.0,False,False,False
flowers,花卉,random,flowers_random_seed1_k5,4,62,罌粟花 / poppy (62),34,fox,fox (34),77.0,False,False,False
flowers,花卉,random,flowers_random_seed1_k5,4,62,罌粟花 / poppy (62),35,girl,girl (35),49.0,False,False,False
flowers,花卉,random,flowers_random_seed1_k5,4,62,罌粟花 / poppy (62),36,hamster,hamster (36),81.0,False,False,False
flowers,花卉,random,flowers_random_seed1_k5,4,62,罌粟花 / poppy (62),37,house,house (37),78.0,False,False,False
flowers,花卉,random,flowers_random_seed1_k5,4,62,罌粟花 / poppy (62),38,kangaroo,袋鼠 / kangaroo (38),66.0,False,False,False
flowers,花卉,random,flowers_random_seed1_k5,4,62,罌粟花 / poppy (62),39,keyboard,keyboard (39),79.0,False,False,False
flowers,花卉,random,flowers_random_seed1_k5,4,62,罌粟花 / poppy (62),40,lamp,lamp (40),60.0,False,False,False
flowers,花卉,random,flowers_random_seed1_k5,4,62,罌粟花 / poppy (62),41,lawn_mower,lawn_mower (41),89.0,False,False,False
flowers,花卉,random,flowers_random_seed1_k5,4,62,罌粟花 / poppy (62),42,leopard,leopard (42),71.0,False,False,False
flowers,花卉,random,flowers_random_seed1_k5,4,62,罌粟花 / poppy (62),43,lion,lion (43),83.0,False,False,False
flowers,花卉,random,flowers_random_seed1_k5,4,62,罌粟花 / poppy (62),44,lizard,lizard (44),47.0,False,False,False
flowers,花卉,random,flowers_random_seed1_k5,4,62,罌粟花 / poppy (62),45,lobster,lobster (45),66.0,False,False,False
flowers,花卉,random,flowers_random_seed1_k5,4,62,罌粟花 / poppy (62),46,man,man (46),47.0,False,False,False
flowers,花卉,random,flowers_random_seed1_k5,4,62,罌粟花 / poppy (62),47,maple_tree,maple_tree (47),65.0,False,False,False
flowers,花卉,random,flowers_random_seed1_k5,4,62,罌粟花 / poppy (62),48,motorcycle,摩托車 / motorcycle (48),92.0,False,False,False
flowers,花卉,random,flowers_random_seed1_k5,4,62,罌粟花 / poppy (62),49,mountain,mountain (49),84.0,False,False,False
flowers,花卉,random,flowers_random_seed1_k5,4,62,罌粟花 / poppy (62),50,mouse,mouse (50),52.0,False,False,False
flowers,花卉,random,flowers_random_seed1_k5,4,62,罌粟花 / poppy (62),51,mushroom,mushroom (51),69.0,False,False,False
flowers,花卉,random,flowers_random_seed1_k5,4,62,罌粟花 / poppy (62),52,oak_tree,oak_tree (52),65.0,False,False,False
flowers,花卉,random,flowers_random_seed1_k5,4,62,罌粟花 / poppy (62),53,orange,orange (53),89.0,False,False,False
flowers,花卉,random,flowers_random_seed1_k5,4,62,罌粟花 / poppy (62),54,orchid,蘭花 / orchid (54),0.0,True,False,True
flowers,花卉,random,flowers_random_seed1_k5,4,62,罌粟花 / poppy (62),55,otter,otter (55),41.0,False,False,False
flowers,花卉,random,flowers_random_seed1_k5,4,62,罌粟花 / poppy (62),56,palm_tree,palm_tree (56),88.0,False,False,False
flowers,花卉,random,flowers_random_seed1_k5,4,62,罌粟花 / poppy (62),57,pear,pear (57),79.0,False,False,False
flowers,花卉,random,flowers_random_seed1_k5,4,62,罌粟花 / poppy (62),58,pickup_truck,皮卡車 / pickup_truck (58),87.0,False,False,False
flowers,花卉,random,flowers_random_seed1_k5,4,62,罌粟花 / poppy (62),59,pine_tree,pine_tree (59),70.0,False,False,False
flowers,花卉,random,flowers_random_seed1_k5,4,62,罌粟花 / poppy (62),60,plain,plain (60),85.0,False,False,False
flowers,花卉,random,flowers_random_seed1_k5,4,62,罌粟花 / poppy (62),61,plate,plate (61),64.0,False,False,False
flowers,花卉,random,flowers_random_seed1_k5,4,62,罌粟花 / poppy (62),62,poppy,罌粟花 / poppy (62),0.0,True,True,True
flowers,花卉,random,flowers_random_seed1_k5,4,62,罌粟花 / poppy (62),63,porcupine,porcupine (63),67.0,False,False,False
flowers,花卉,random,flowers_random_seed1_k5,4,62,罌粟花 / poppy (62),64,possum,possum (64),52.0,False,False,False
flowers,花卉,random,flowers_random_seed1_k5,4,62,罌粟花 / poppy (62),65,rabbit,rabbit (65),57.0,False,False,False
flowers,花卉,random,flowers_random_seed1_k5,4,62,罌粟花 / poppy (62),66,raccoon,raccoon (66),78.0,False,False,False
flowers,花卉,random,flowers_random_seed1_k5,4,62,罌粟花 / poppy (62),67,ray,ray (67),58.0,False,False,False
flowers,花卉,random,flowers_random_seed1_k5,4,62,罌粟花 / poppy (62),68,road,road (68),94.0,False,False,False
flowers,花卉,random,flowers_random_seed1_k5,4,62,罌粟花 / poppy (62),69,rocket,rocket (69),78.0,False,False,False
flowers,花卉,random,flowers_random_seed1_k5,4,62,罌粟花 / poppy (62),70,rose,玫瑰 / rose (70),0.0,True,False,True
flowers,花卉,random,flowers_random_seed1_k5,4,62,罌粟花 / poppy (62),71,sea,sea (71),82.0,False,False,False
flowers,花卉,random,flowers_random_seed1_k5,4,62,罌粟花 / poppy (62),72,seal,seal (72),46.0,False,False,False
flowers,花卉,random,flowers_random_seed1_k5,4,62,罌粟花 / poppy (62),73,shark,shark (73),57.0,False,False,False
flowers,花卉,random,flowers_random_seed1_k5,4,62,罌粟花 / poppy (62),74,shrew,shrew (74),52.0,False,False,False
flowers,花卉,random,flowers_random_seed1_k5,4,62,罌粟花 / poppy (62),75,skunk,skunk (75),90.0,False,False,False
flowers,花卉,random,flowers_random_seed1_k5,4,62,罌粟花 / poppy (62),76,skyscraper,skyscraper (76),88.0,False,False,False
flowers,花卉,random,flowers_random_seed1_k5,4,62,罌粟花 / poppy (62),77,snail,snail (77),64.0,False,False,False
flowers,花卉,random,flowers_random_seed1_k5,4,62,罌粟花 / poppy (62),78,snake,snake (78),61.0,False,False,False
flowers,花卉,random,flowers_random_seed1_k5,4,62,罌粟花 / poppy (62),79,spider,spider (79),74.0,False,False,False
flowers,花卉,random,flowers_random_seed1_k5,4,62,罌粟花 / poppy (62),80,squirrel,squirrel (80),55.0,False,False,False
flowers,花卉,random,flowers_random_seed1_k5,4,62,罌粟花 / poppy (62),81,streetcar,streetcar (81),71.0,False,False,False
flowers,花卉,random,flowers_random_seed1_k5,4,62,罌粟花 / poppy (62),82,sunflower,向日葵 / sunflower (82),89.0,False,False,True
flowers,花卉,random,flowers_random_seed1_k5,4,62,罌粟花 / poppy (62),83,sweet_pepper,sweet_pepper (83),70.0,False,False,False
flowers,花卉,random,flowers_random_seed1_k5,4,62,罌粟花 / poppy (62),84,table,table (84),66.0,False,False,False
flowers,花卉,random,flowers_random_seed1_k5,4,62,罌粟花 / poppy (62),85,tank,tank (85),71.0,False,False,False
flowers,花卉,random,flowers_random_seed1_k5,4,62,罌粟花 / poppy (62),86,telephone,telephone (86),70.0,False,False,False
flowers,花卉,random,flowers_random_seed1_k5,4,62,罌粟花 / poppy (62),87,television,television (87),79.0,False,False,False
flowers,花卉,random,flowers_random_seed1_k5,4,62,罌粟花 / poppy (62),88,tiger,tiger (88),80.0,False,False,False
flowers,花卉,random,flowers_random_seed1_k5,4,62,罌粟花 / poppy (62),89,tractor,tractor (89),85.0,False,False,False
flowers,花卉,random,flowers_random_seed1_k5,4,62,罌粟花 / poppy (62),90,train,火車 / train (90),81.0,False,False,False
flowers,花卉,random,flowers_random_seed1_k5,4,62,罌粟花 / poppy (62),91,trout,trout (91),81.0,False,False,False
flowers,花卉,random,flowers_random_seed1_k5,4,62,罌粟花 / poppy (62),92,tulip,鬱金香 / tulip (92),0.0,True,False,True
flowers,花卉,random,flowers_random_seed1_k5,4,62,罌粟花 / poppy (62),93,turtle,turtle (93),61.0,False,False,False
flowers,花卉,random,flowers_random_seed1_k5,4,62,罌粟花 / poppy (62),94,wardrobe,wardrobe (94),91.0,False,False,False
flowers,花卉,random,flowers_random_seed1_k5,4,62,罌粟花 / poppy (62),95,whale,whale (95),73.0,False,False,False
flowers,花卉,random,flowers_random_seed1_k5,4,62,罌粟花 / poppy (62),96,willow_tree,willow_tree (96),63.0,False,False,False
flowers,花卉,random,flowers_random_seed1_k5,4,62,罌粟花 / poppy (62),97,wolf,wolf (97),75.0,False,False,False
flowers,花卉,random,flowers_random_seed1_k5,4,62,罌粟花 / poppy (62),98,woman,woman (98),47.0,False,False,False
flowers,花卉,random,flowers_random_seed1_k5,4,62,罌粟花 / poppy (62),99,worm,worm (99),67.0,False,False,False
flowers,花卉,random,flowers_random_seed1_k5,5,82,向日葵 / sunflower (82),0,apple,apple (0),88.0,False,False,False
flowers,花卉,random,flowers_random_seed1_k5,5,82,向日葵 / sunflower (82),1,aquarium_fish,aquarium_fish (1),83.0,False,False,False
flowers,花卉,random,flowers_random_seed1_k5,5,82,向日葵 / sunflower (82),2,baby,baby (2),62.0,False,False,False
flowers,花卉,random,flowers_random_seed1_k5,5,82,向日葵 / sunflower (82),3,bear,bear (3),53.0,False,False,False
flowers,花卉,random,flowers_random_seed1_k5,5,82,向日葵 / sunflower (82),4,beaver,beaver (4),61.0,False,False,False
flowers,花卉,random,flowers_random_seed1_k5,5,82,向日葵 / sunflower (82),5,bed,bed (5),76.0,False,False,False
flowers,花卉,random,flowers_random_seed1_k5,5,82,向日葵 / sunflower (82),6,bee,bee (6),83.0,False,False,False
flowers,花卉,random,flowers_random_seed1_k5,5,82,向日葵 / sunflower (82),7,beetle,beetle (7),79.0,False,False,False
flowers,花卉,random,flowers_random_seed1_k5,5,82,向日葵 / sunflower (82),8,bicycle,腳踏車 / bicycle (8),83.0,False,False,False
flowers,花卉,random,flowers_random_seed1_k5,5,82,向日葵 / sunflower (82),9,bottle,bottle (9),83.0,False,False,False
flowers,花卉,random,flowers_random_seed1_k5,5,82,向日葵 / sunflower (82),10,bowl,bowl (10),49.0,False,False,False
flowers,花卉,random,flowers_random_seed1_k5,5,82,向日葵 / sunflower (82),11,boy,boy (11),47.0,False,False,False
flowers,花卉,random,flowers_random_seed1_k5,5,82,向日葵 / sunflower (82),12,bridge,bridge (12),76.0,False,False,False
flowers,花卉,random,flowers_random_seed1_k5,5,82,向日葵 / sunflower (82),13,bus,公車 / bus (13),68.0,False,False,False
flowers,花卉,random,flowers_random_seed1_k5,5,82,向日葵 / sunflower (82),14,butterfly,butterfly (14),58.0,False,False,False
flowers,花卉,random,flowers_random_seed1_k5,5,82,向日葵 / sunflower (82),15,camel,駱駝 / camel (15),74.0,False,False,False
flowers,花卉,random,flowers_random_seed1_k5,5,82,向日葵 / sunflower (82),16,can,can (16),78.0,False,False,False
flowers,花卉,random,flowers_random_seed1_k5,5,82,向日葵 / sunflower (82),17,castle,castle (17),80.0,False,False,False
flowers,花卉,random,flowers_random_seed1_k5,5,82,向日葵 / sunflower (82),18,caterpillar,caterpillar (18),62.0,False,False,False
flowers,花卉,random,flowers_random_seed1_k5,5,82,向日葵 / sunflower (82),19,cattle,牛 / cattle (19),63.0,False,False,False
flowers,花卉,random,flowers_random_seed1_k5,5,82,向日葵 / sunflower (82),20,chair,chair (20),86.0,False,False,False
flowers,花卉,random,flowers_random_seed1_k5,5,82,向日葵 / sunflower (82),21,chimpanzee,黑猩猩 / chimpanzee (21),85.0,False,False,False
flowers,花卉,random,flowers_random_seed1_k5,5,82,向日葵 / sunflower (82),22,clock,clock (22),67.0,False,False,False
flowers,花卉,random,flowers_random_seed1_k5,5,82,向日葵 / sunflower (82),23,cloud,cloud (23),80.0,False,False,False
flowers,花卉,random,flowers_random_seed1_k5,5,82,向日葵 / sunflower (82),24,cockroach,cockroach (24),77.0,False,False,False
flowers,花卉,random,flowers_random_seed1_k5,5,82,向日葵 / sunflower (82),25,couch,couch (25),52.0,False,False,False
flowers,花卉,random,flowers_random_seed1_k5,5,82,向日葵 / sunflower (82),26,crab,crab (26),66.0,False,False,False
flowers,花卉,random,flowers_random_seed1_k5,5,82,向日葵 / sunflower (82),27,crocodile,crocodile (27),57.0,False,False,False
flowers,花卉,random,flowers_random_seed1_k5,5,82,向日葵 / sunflower (82),28,cup,cup (28),73.0,False,False,False
flowers,花卉,random,flowers_random_seed1_k5,5,82,向日葵 / sunflower (82),29,dinosaur,dinosaur (29),64.0,False,False,False
flowers,花卉,random,flowers_random_seed1_k5,5,82,向日葵 / sunflower (82),30,dolphin,dolphin (30),68.0,False,False,False
flowers,花卉,random,flowers_random_seed1_k5,5,82,向日葵 / sunflower (82),31,elephant,大象 / elephant (31),65.0,False,False,False
flowers,花卉,random,flowers_random_seed1_k5,5,82,向日葵 / sunflower (82),32,flatfish,flatfish (32),62.0,False,False,False
flowers,花卉,random,flowers_random_seed1_k5,5,82,向日葵 / sunflower (82),33,forest,forest (33),62.0,False,False,False
flowers,花卉,random,flowers_random_seed1_k5,5,82,向日葵 / sunflower (82),34,fox,fox (34),74.0,False,False,False
flowers,花卉,random,flowers_random_seed1_k5,5,82,向日葵 / sunflower (82),35,girl,girl (35),48.0,False,False,False
flowers,花卉,random,flowers_random_seed1_k5,5,82,向日葵 / sunflower (82),36,hamster,hamster (36),81.0,False,False,False
flowers,花卉,random,flowers_random_seed1_k5,5,82,向日葵 / sunflower (82),37,house,house (37),78.0,False,False,False
flowers,花卉,random,flowers_random_seed1_k5,5,82,向日葵 / sunflower (82),38,kangaroo,袋鼠 / kangaroo (38),64.0,False,False,False
flowers,花卉,random,flowers_random_seed1_k5,5,82,向日葵 / sunflower (82),39,keyboard,keyboard (39),80.0,False,False,False
flowers,花卉,random,flowers_random_seed1_k5,5,82,向日葵 / sunflower (82),40,lamp,lamp (40),58.0,False,False,False
flowers,花卉,random,flowers_random_seed1_k5,5,82,向日葵 / sunflower (82),41,lawn_mower,lawn_mower (41),89.0,False,False,False
flowers,花卉,random,flowers_random_seed1_k5,5,82,向日葵 / sunflower (82),42,leopard,leopard (42),72.0,False,False,False
flowers,花卉,random,flowers_random_seed1_k5,5,82,向日葵 / sunflower (82),43,lion,lion (43),84.0,False,False,False
flowers,花卉,random,flowers_random_seed1_k5,5,82,向日葵 / sunflower (82),44,lizard,lizard (44),45.0,False,False,False
flowers,花卉,random,flowers_random_seed1_k5,5,82,向日葵 / sunflower (82),45,lobster,lobster (45),62.0,False,False,False
flowers,花卉,random,flowers_random_seed1_k5,5,82,向日葵 / sunflower (82),46,man,man (46),48.0,False,False,False
flowers,花卉,random,flowers_random_seed1_k5,5,82,向日葵 / sunflower (82),47,maple_tree,maple_tree (47),67.0,False,False,False
flowers,花卉,random,flowers_random_seed1_k5,5,82,向日葵 / sunflower (82),48,motorcycle,摩托車 / motorcycle (48),93.0,False,False,False
flowers,花卉,random,flowers_random_seed1_k5,5,82,向日葵 / sunflower (82),49,mountain,mountain (49),84.0,False,False,False
flowers,花卉,random,flowers_random_seed1_k5,5,82,向日葵 / sunflower (82),50,mouse,mouse (50),52.0,False,False,False
flowers,花卉,random,flowers_random_seed1_k5,5,82,向日葵 / sunflower (82),51,mushroom,mushroom (51),70.0,False,False,False
flowers,花卉,random,flowers_random_seed1_k5,5,82,向日葵 / sunflower (82),52,oak_tree,oak_tree (52),66.0,False,False,False
flowers,花卉,random,flowers_random_seed1_k5,5,82,向日葵 / sunflower (82),53,orange,orange (53),88.0,False,False,False
flowers,花卉,random,flowers_random_seed1_k5,5,82,向日葵 / sunflower (82),54,orchid,蘭花 / orchid (54),0.0,True,False,True
flowers,花卉,random,flowers_random_seed1_k5,5,82,向日葵 / sunflower (82),55,otter,otter (55),40.0,False,False,False
flowers,花卉,random,flowers_random_seed1_k5,5,82,向日葵 / sunflower (82),56,palm_tree,palm_tree (56),88.0,False,False,False
flowers,花卉,random,flowers_random_seed1_k5,5,82,向日葵 / sunflower (82),57,pear,pear (57),78.0,False,False,False
flowers,花卉,random,flowers_random_seed1_k5,5,82,向日葵 / sunflower (82),58,pickup_truck,皮卡車 / pickup_truck (58),86.0,False,False,False
flowers,花卉,random,flowers_random_seed1_k5,5,82,向日葵 / sunflower (82),59,pine_tree,pine_tree (59),69.0,False,False,False
flowers,花卉,random,flowers_random_seed1_k5,5,82,向日葵 / sunflower (82),60,plain,plain (60),86.0,False,False,False
flowers,花卉,random,flowers_random_seed1_k5,5,82,向日葵 / sunflower (82),61,plate,plate (61),66.0,False,False,False
flowers,花卉,random,flowers_random_seed1_k5,5,82,向日葵 / sunflower (82),62,poppy,罌粟花 / poppy (62),0.0,True,False,True
flowers,花卉,random,flowers_random_seed1_k5,5,82,向日葵 / sunflower (82),63,porcupine,porcupine (63),71.0,False,False,False
flowers,花卉,random,flowers_random_seed1_k5,5,82,向日葵 / sunflower (82),64,possum,possum (64),52.0,False,False,False
flowers,花卉,random,flowers_random_seed1_k5,5,82,向日葵 / sunflower (82),65,rabbit,rabbit (65),57.0,False,False,False
flowers,花卉,random,flowers_random_seed1_k5,5,82,向日葵 / sunflower (82),66,raccoon,raccoon (66),78.0,False,False,False
flowers,花卉,random,flowers_random_seed1_k5,5,82,向日葵 / sunflower (82),67,ray,ray (67),58.0,False,False,False
flowers,花卉,random,flowers_random_seed1_k5,5,82,向日葵 / sunflower (82),68,road,road (68),94.0,False,False,False
flowers,花卉,random,flowers_random_seed1_k5,5,82,向日葵 / sunflower (82),69,rocket,rocket (69),79.0,False,False,False
flowers,花卉,random,flowers_random_seed1_k5,5,82,向日葵 / sunflower (82),70,rose,玫瑰 / rose (70),0.0,True,False,True
flowers,花卉,random,flowers_random_seed1_k5,5,82,向日葵 / sunflower (82),71,sea,sea (71),81.0,False,False,False
flowers,花卉,random,flowers_random_seed1_k5,5,82,向日葵 / sunflower (82),72,seal,seal (72),47.0,False,False,False
flowers,花卉,random,flowers_random_seed1_k5,5,82,向日葵 / sunflower (82),73,shark,shark (73),58.0,False,False,False
flowers,花卉,random,flowers_random_seed1_k5,5,82,向日葵 / sunflower (82),74,shrew,shrew (74),52.0,False,False,False
flowers,花卉,random,flowers_random_seed1_k5,5,82,向日葵 / sunflower (82),75,skunk,skunk (75),90.0,False,False,False
flowers,花卉,random,flowers_random_seed1_k5,5,82,向日葵 / sunflower (82),76,skyscraper,skyscraper (76),88.0,False,False,False
flowers,花卉,random,flowers_random_seed1_k5,5,82,向日葵 / sunflower (82),77,snail,snail (77),64.0,False,False,False
flowers,花卉,random,flowers_random_seed1_k5,5,82,向日葵 / sunflower (82),78,snake,snake (78),62.0,False,False,False
flowers,花卉,random,flowers_random_seed1_k5,5,82,向日葵 / sunflower (82),79,spider,spider (79),72.0,False,False,False
flowers,花卉,random,flowers_random_seed1_k5,5,82,向日葵 / sunflower (82),80,squirrel,squirrel (80),53.0,False,False,False
flowers,花卉,random,flowers_random_seed1_k5,5,82,向日葵 / sunflower (82),81,streetcar,streetcar (81),72.0,False,False,False
flowers,花卉,random,flowers_random_seed1_k5,5,82,向日葵 / sunflower (82),82,sunflower,向日葵 / sunflower (82),0.0,True,True,True
flowers,花卉,random,flowers_random_seed1_k5,5,82,向日葵 / sunflower (82),83,sweet_pepper,sweet_pepper (83),71.0,False,False,False
flowers,花卉,random,flowers_random_seed1_k5,5,82,向日葵 / sunflower (82),84,table,table (84),68.0,False,False,False
flowers,花卉,random,flowers_random_seed1_k5,5,82,向日葵 / sunflower (82),85,tank,tank (85),73.0,False,False,False
flowers,花卉,random,flowers_random_seed1_k5,5,82,向日葵 / sunflower (82),86,telephone,telephone (86),69.0,False,False,False
flowers,花卉,random,flowers_random_seed1_k5,5,82,向日葵 / sunflower (82),87,television,television (87),79.0,False,False,False
flowers,花卉,random,flowers_random_seed1_k5,5,82,向日葵 / sunflower (82),88,tiger,tiger (88),79.0,False,False,False
flowers,花卉,random,flowers_random_seed1_k5,5,82,向日葵 / sunflower (82),89,tractor,tractor (89),83.0,False,False,False
flowers,花卉,random,flowers_random_seed1_k5,5,82,向日葵 / sunflower (82),90,train,火車 / train (90),81.0,False,False,False
flowers,花卉,random,flowers_random_seed1_k5,5,82,向日葵 / sunflower (82),91,trout,trout (91),78.0,False,False,False
flowers,花卉,random,flowers_random_seed1_k5,5,82,向日葵 / sunflower (82),92,tulip,鬱金香 / tulip (92),0.0,True,False,True
flowers,花卉,random,flowers_random_seed1_k5,5,82,向日葵 / sunflower (82),93,turtle,turtle (93),59.0,False,False,False
flowers,花卉,random,flowers_random_seed1_k5,5,82,向日葵 / sunflower (82),94,wardrobe,wardrobe (94),91.0,False,False,False
flowers,花卉,random,flowers_random_seed1_k5,5,82,向日葵 / sunflower (82),95,whale,whale (95),75.0,False,False,False
flowers,花卉,random,flowers_random_seed1_k5,5,82,向日葵 / sunflower (82),96,willow_tree,willow_tree (96),63.0,False,False,False
flowers,花卉,random,flowers_random_seed1_k5,5,82,向日葵 / sunflower (82),97,wolf,wolf (97),76.0,False,False,False
flowers,花卉,random,flowers_random_seed1_k5,5,82,向日葵 / sunflower (82),98,woman,woman (98),44.0,False,False,False
flowers,花卉,random,flowers_random_seed1_k5,5,82,向日葵 / sunflower (82),99,worm,worm (99),73.0,False,False,False
flowers,花卉,hardfirst,flowers_hardfirst_seed1_k5,1,92,鬱金香 / tulip (92),0,apple,apple (0),89.0,False,False,False
flowers,花卉,hardfirst,flowers_hardfirst_seed1_k5,1,92,鬱金香 / tulip (92),1,aquarium_fish,aquarium_fish (1),81.0,False,False,False
flowers,花卉,hardfirst,flowers_hardfirst_seed1_k5,1,92,鬱金香 / tulip (92),2,baby,baby (2),57.0,False,False,False
flowers,花卉,hardfirst,flowers_hardfirst_seed1_k5,1,92,鬱金香 / tulip (92),3,bear,bear (3),51.0,False,False,False
flowers,花卉,hardfirst,flowers_hardfirst_seed1_k5,1,92,鬱金香 / tulip (92),4,beaver,beaver (4),53.0,False,False,False
flowers,花卉,hardfirst,flowers_hardfirst_seed1_k5,1,92,鬱金香 / tulip (92),5,bed,bed (5),68.0,False,False,False
flowers,花卉,hardfirst,flowers_hardfirst_seed1_k5,1,92,鬱金香 / tulip (92),6,bee,bee (6),79.0,False,False,False
flowers,花卉,hardfirst,flowers_hardfirst_seed1_k5,1,92,鬱金香 / tulip (92),7,beetle,beetle (7),74.0,False,False,False
flowers,花卉,hardfirst,flowers_hardfirst_seed1_k5,1,92,鬱金香 / tulip (92),8,bicycle,腳踏車 / bicycle (8),81.0,False,False,False
flowers,花卉,hardfirst,flowers_hardfirst_seed1_k5,1,92,鬱金香 / tulip (92),9,bottle,bottle (9),78.0,False,False,False
flowers,花卉,hardfirst,flowers_hardfirst_seed1_k5,1,92,鬱金香 / tulip (92),10,bowl,bowl (10),46.0,False,False,False
flowers,花卉,hardfirst,flowers_hardfirst_seed1_k5,1,92,鬱金香 / tulip (92),11,boy,boy (11),46.0,False,False,False
flowers,花卉,hardfirst,flowers_hardfirst_seed1_k5,1,92,鬱金香 / tulip (92),12,bridge,bridge (12),79.0,False,False,False
flowers,花卉,hardfirst,flowers_hardfirst_seed1_k5,1,92,鬱金香 / tulip (92),13,bus,公車 / bus (13),66.0,False,False,False
flowers,花卉,hardfirst,flowers_hardfirst_seed1_k5,1,92,鬱金香 / tulip (92),14,butterfly,butterfly (14),55.0,False,False,False
flowers,花卉,hardfirst,flowers_hardfirst_seed1_k5,1,92,鬱金香 / tulip (92),15,camel,駱駝 / camel (15),77.0,False,False,False
flowers,花卉,hardfirst,flowers_hardfirst_seed1_k5,1,92,鬱金香 / tulip (92),16,can,can (16),76.0,False,False,False
flowers,花卉,hardfirst,flowers_hardfirst_seed1_k5,1,92,鬱金香 / tulip (92),17,castle,castle (17),81.0,False,False,False
flowers,花卉,hardfirst,flowers_hardfirst_seed1_k5,1,92,鬱金香 / tulip (92),18,caterpillar,caterpillar (18),64.0,False,False,False
flowers,花卉,hardfirst,flowers_hardfirst_seed1_k5,1,92,鬱金香 / tulip (92),19,cattle,牛 / cattle (19),66.0,False,False,False
flowers,花卉,hardfirst,flowers_hardfirst_seed1_k5,1,92,鬱金香 / tulip (92),20,chair,chair (20),86.0,False,False,False
flowers,花卉,hardfirst,flowers_hardfirst_seed1_k5,1,92,鬱金香 / tulip (92),21,chimpanzee,黑猩猩 / chimpanzee (21),84.0,False,False,False
flowers,花卉,hardfirst,flowers_hardfirst_seed1_k5,1,92,鬱金香 / tulip (92),22,clock,clock (22),69.0,False,False,False
flowers,花卉,hardfirst,flowers_hardfirst_seed1_k5,1,92,鬱金香 / tulip (92),23,cloud,cloud (23),79.0,False,False,False
flowers,花卉,hardfirst,flowers_hardfirst_seed1_k5,1,92,鬱金香 / tulip (92),24,cockroach,cockroach (24),79.0,False,False,False
flowers,花卉,hardfirst,flowers_hardfirst_seed1_k5,1,92,鬱金香 / tulip (92),25,couch,couch (25),54.0,False,False,False
flowers,花卉,hardfirst,flowers_hardfirst_seed1_k5,1,92,鬱金香 / tulip (92),26,crab,crab (26),65.0,False,False,False
flowers,花卉,hardfirst,flowers_hardfirst_seed1_k5,1,92,鬱金香 / tulip (92),27,crocodile,crocodile (27),59.0,False,False,False
flowers,花卉,hardfirst,flowers_hardfirst_seed1_k5,1,92,鬱金香 / tulip (92),28,cup,cup (28),73.0,False,False,False
flowers,花卉,hardfirst,flowers_hardfirst_seed1_k5,1,92,鬱金香 / tulip (92),29,dinosaur,dinosaur (29),65.0,False,False,False
flowers,花卉,hardfirst,flowers_hardfirst_seed1_k5,1,92,鬱金香 / tulip (92),30,dolphin,dolphin (30),67.0,False,False,False
flowers,花卉,hardfirst,flowers_hardfirst_seed1_k5,1,92,鬱金香 / tulip (92),31,elephant,大象 / elephant (31),66.0,False,False,False
flowers,花卉,hardfirst,flowers_hardfirst_seed1_k5,1,92,鬱金香 / tulip (92),32,flatfish,flatfish (32),64.0,False,False,False
flowers,花卉,hardfirst,flowers_hardfirst_seed1_k5,1,92,鬱金香 / tulip (92),33,forest,forest (33),62.0,False,False,False
flowers,花卉,hardfirst,flowers_hardfirst_seed1_k5,1,92,鬱金香 / tulip (92),34,fox,fox (34),75.0,False,False,False
flowers,花卉,hardfirst,flowers_hardfirst_seed1_k5,1,92,鬱金香 / tulip (92),35,girl,girl (35),51.0,False,False,False
flowers,花卉,hardfirst,flowers_hardfirst_seed1_k5,1,92,鬱金香 / tulip (92),36,hamster,hamster (36),83.0,False,False,False
flowers,花卉,hardfirst,flowers_hardfirst_seed1_k5,1,92,鬱金香 / tulip (92),37,house,house (37),76.0,False,False,False
flowers,花卉,hardfirst,flowers_hardfirst_seed1_k5,1,92,鬱金香 / tulip (92),38,kangaroo,袋鼠 / kangaroo (38),66.0,False,False,False
flowers,花卉,hardfirst,flowers_hardfirst_seed1_k5,1,92,鬱金香 / tulip (92),39,keyboard,keyboard (39),79.0,False,False,False
flowers,花卉,hardfirst,flowers_hardfirst_seed1_k5,1,92,鬱金香 / tulip (92),40,lamp,lamp (40),60.0,False,False,False
flowers,花卉,hardfirst,flowers_hardfirst_seed1_k5,1,92,鬱金香 / tulip (92),41,lawn_mower,lawn_mower (41),87.0,False,False,False
flowers,花卉,hardfirst,flowers_hardfirst_seed1_k5,1,92,鬱金香 / tulip (92),42,leopard,leopard (42),72.0,False,False,False
flowers,花卉,hardfirst,flowers_hardfirst_seed1_k5,1,92,鬱金香 / tulip (92),43,lion,lion (43),85.0,False,False,False
flowers,花卉,hardfirst,flowers_hardfirst_seed1_k5,1,92,鬱金香 / tulip (92),44,lizard,lizard (44),49.0,False,False,False
flowers,花卉,hardfirst,flowers_hardfirst_seed1_k5,1,92,鬱金香 / tulip (92),45,lobster,lobster (45),63.0,False,False,False
flowers,花卉,hardfirst,flowers_hardfirst_seed1_k5,1,92,鬱金香 / tulip (92),46,man,man (46),45.0,False,False,False
flowers,花卉,hardfirst,flowers_hardfirst_seed1_k5,1,92,鬱金香 / tulip (92),47,maple_tree,maple_tree (47),61.0,False,False,False
flowers,花卉,hardfirst,flowers_hardfirst_seed1_k5,1,92,鬱金香 / tulip (92),48,motorcycle,摩托車 / motorcycle (48),91.0,False,False,False
flowers,花卉,hardfirst,flowers_hardfirst_seed1_k5,1,92,鬱金香 / tulip (92),49,mountain,mountain (49),83.0,False,False,False
flowers,花卉,hardfirst,flowers_hardfirst_seed1_k5,1,92,鬱金香 / tulip (92),50,mouse,mouse (50),53.0,False,False,False
flowers,花卉,hardfirst,flowers_hardfirst_seed1_k5,1,92,鬱金香 / tulip (92),51,mushroom,mushroom (51),69.0,False,False,False
flowers,花卉,hardfirst,flowers_hardfirst_seed1_k5,1,92,鬱金香 / tulip (92),52,oak_tree,oak_tree (52),68.0,False,False,False
flowers,花卉,hardfirst,flowers_hardfirst_seed1_k5,1,92,鬱金香 / tulip (92),53,orange,orange (53),88.0,False,False,False
flowers,花卉,hardfirst,flowers_hardfirst_seed1_k5,1,92,鬱金香 / tulip (92),54,orchid,蘭花 / orchid (54),84.0,False,False,True
flowers,花卉,hardfirst,flowers_hardfirst_seed1_k5,1,92,鬱金香 / tulip (92),55,otter,otter (55),40.0,False,False,False
flowers,花卉,hardfirst,flowers_hardfirst_seed1_k5,1,92,鬱金香 / tulip (92),56,palm_tree,palm_tree (56),87.0,False,False,False
flowers,花卉,hardfirst,flowers_hardfirst_seed1_k5,1,92,鬱金香 / tulip (92),57,pear,pear (57),77.0,False,False,False
flowers,花卉,hardfirst,flowers_hardfirst_seed1_k5,1,92,鬱金香 / tulip (92),58,pickup_truck,皮卡車 / pickup_truck (58),86.0,False,False,False
flowers,花卉,hardfirst,flowers_hardfirst_seed1_k5,1,92,鬱金香 / tulip (92),59,pine_tree,pine_tree (59),70.0,False,False,False
flowers,花卉,hardfirst,flowers_hardfirst_seed1_k5,1,92,鬱金香 / tulip (92),60,plain,plain (60),87.0,False,False,False
flowers,花卉,hardfirst,flowers_hardfirst_seed1_k5,1,92,鬱金香 / tulip (92),61,plate,plate (61),66.0,False,False,False
flowers,花卉,hardfirst,flowers_hardfirst_seed1_k5,1,92,鬱金香 / tulip (92),62,poppy,罌粟花 / poppy (62),80.0,False,False,True
flowers,花卉,hardfirst,flowers_hardfirst_seed1_k5,1,92,鬱金香 / tulip (92),63,porcupine,porcupine (63),67.0,False,False,False
flowers,花卉,hardfirst,flowers_hardfirst_seed1_k5,1,92,鬱金香 / tulip (92),64,possum,possum (64),52.0,False,False,False
flowers,花卉,hardfirst,flowers_hardfirst_seed1_k5,1,92,鬱金香 / tulip (92),65,rabbit,rabbit (65),61.0,False,False,False
flowers,花卉,hardfirst,flowers_hardfirst_seed1_k5,1,92,鬱金香 / tulip (92),66,raccoon,raccoon (66),79.0,False,False,False
flowers,花卉,hardfirst,flowers_hardfirst_seed1_k5,1,92,鬱金香 / tulip (92),67,ray,ray (67),55.0,False,False,False
flowers,花卉,hardfirst,flowers_hardfirst_seed1_k5,1,92,鬱金香 / tulip (92),68,road,road (68),94.0,False,False,False
flowers,花卉,hardfirst,flowers_hardfirst_seed1_k5,1,92,鬱金香 / tulip (92),69,rocket,rocket (69),79.0,False,False,False
flowers,花卉,hardfirst,flowers_hardfirst_seed1_k5,1,92,鬱金香 / tulip (92),70,rose,玫瑰 / rose (70),73.0,False,False,True
flowers,花卉,hardfirst,flowers_hardfirst_seed1_k5,1,92,鬱金香 / tulip (92),71,sea,sea (71),79.0,False,False,False
flowers,花卉,hardfirst,flowers_hardfirst_seed1_k5,1,92,鬱金香 / tulip (92),72,seal,seal (72),47.0,False,False,False
flowers,花卉,hardfirst,flowers_hardfirst_seed1_k5,1,92,鬱金香 / tulip (92),73,shark,shark (73),57.0,False,False,False
flowers,花卉,hardfirst,flowers_hardfirst_seed1_k5,1,92,鬱金香 / tulip (92),74,shrew,shrew (74),48.0,False,False,False
flowers,花卉,hardfirst,flowers_hardfirst_seed1_k5,1,92,鬱金香 / tulip (92),75,skunk,skunk (75),92.0,False,False,False
flowers,花卉,hardfirst,flowers_hardfirst_seed1_k5,1,92,鬱金香 / tulip (92),76,skyscraper,skyscraper (76),88.0,False,False,False
flowers,花卉,hardfirst,flowers_hardfirst_seed1_k5,1,92,鬱金香 / tulip (92),77,snail,snail (77),65.0,False,False,False
flowers,花卉,hardfirst,flowers_hardfirst_seed1_k5,1,92,鬱金香 / tulip (92),78,snake,snake (78),60.0,False,False,False
flowers,花卉,hardfirst,flowers_hardfirst_seed1_k5,1,92,鬱金香 / tulip (92),79,spider,spider (79),70.0,False,False,False
flowers,花卉,hardfirst,flowers_hardfirst_seed1_k5,1,92,鬱金香 / tulip (92),80,squirrel,squirrel (80),55.0,False,False,False
flowers,花卉,hardfirst,flowers_hardfirst_seed1_k5,1,92,鬱金香 / tulip (92),81,streetcar,streetcar (81),73.0,False,False,False
flowers,花卉,hardfirst,flowers_hardfirst_seed1_k5,1,92,鬱金香 / tulip (92),82,sunflower,向日葵 / sunflower (82),90.0,False,False,True
flowers,花卉,hardfirst,flowers_hardfirst_seed1_k5,1,92,鬱金香 / tulip (92),83,sweet_pepper,sweet_pepper (83),64.0,False,False,False
flowers,花卉,hardfirst,flowers_hardfirst_seed1_k5,1,92,鬱金香 / tulip (92),84,table,table (84),67.0,False,False,False
flowers,花卉,hardfirst,flowers_hardfirst_seed1_k5,1,92,鬱金香 / tulip (92),85,tank,tank (85),71.0,False,False,False
flowers,花卉,hardfirst,flowers_hardfirst_seed1_k5,1,92,鬱金香 / tulip (92),86,telephone,telephone (86),68.0,False,False,False
flowers,花卉,hardfirst,flowers_hardfirst_seed1_k5,1,92,鬱金香 / tulip (92),87,television,television (87),77.0,False,False,False
flowers,花卉,hardfirst,flowers_hardfirst_seed1_k5,1,92,鬱金香 / tulip (92),88,tiger,tiger (88),79.0,False,False,False
flowers,花卉,hardfirst,flowers_hardfirst_seed1_k5,1,92,鬱金香 / tulip (92),89,tractor,tractor (89),86.0,False,False,False
flowers,花卉,hardfirst,flowers_hardfirst_seed1_k5,1,92,鬱金香 / tulip (92),90,train,火車 / train (90),84.0,False,False,False
flowers,花卉,hardfirst,flowers_hardfirst_seed1_k5,1,92,鬱金香 / tulip (92),91,trout,trout (91),77.0,False,False,False
flowers,花卉,hardfirst,flowers_hardfirst_seed1_k5,1,92,鬱金香 / tulip (92),92,tulip,鬱金香 / tulip (92),0.0,True,True,True
flowers,花卉,hardfirst,flowers_hardfirst_seed1_k5,1,92,鬱金香 / tulip (92),93,turtle,turtle (93),56.0,False,False,False
flowers,花卉,hardfirst,flowers_hardfirst_seed1_k5,1,92,鬱金香 / tulip (92),94,wardrobe,wardrobe (94),91.0,False,False,False
flowers,花卉,hardfirst,flowers_hardfirst_seed1_k5,1,92,鬱金香 / tulip (92),95,whale,whale (95),73.0,False,False,False
flowers,花卉,hardfirst,flowers_hardfirst_seed1_k5,1,92,鬱金香 / tulip (92),96,willow_tree,willow_tree (96),63.0,False,False,False
flowers,花卉,hardfirst,flowers_hardfirst_seed1_k5,1,92,鬱金香 / tulip (92),97,wolf,wolf (97),78.0,False,False,False
flowers,花卉,hardfirst,flowers_hardfirst_seed1_k5,1,92,鬱金香 / tulip (92),98,woman,woman (98),52.0,False,False,False
flowers,花卉,hardfirst,flowers_hardfirst_seed1_k5,1,92,鬱金香 / tulip (92),99,worm,worm (99),74.0,False,False,False
flowers,花卉,hardfirst,flowers_hardfirst_seed1_k5,2,70,玫瑰 / rose (70),0,apple,apple (0),88.0,False,False,False
flowers,花卉,hardfirst,flowers_hardfirst_seed1_k5,2,70,玫瑰 / rose (70),1,aquarium_fish,aquarium_fish (1),80.0,False,False,False
flowers,花卉,hardfirst,flowers_hardfirst_seed1_k5,2,70,玫瑰 / rose (70),2,baby,baby (2),58.0,False,False,False
flowers,花卉,hardfirst,flowers_hardfirst_seed1_k5,2,70,玫瑰 / rose (70),3,bear,bear (3),54.0,False,False,False
flowers,花卉,hardfirst,flowers_hardfirst_seed1_k5,2,70,玫瑰 / rose (70),4,beaver,beaver (4),58.0,False,False,False
flowers,花卉,hardfirst,flowers_hardfirst_seed1_k5,2,70,玫瑰 / rose (70),5,bed,bed (5),68.0,False,False,False
flowers,花卉,hardfirst,flowers_hardfirst_seed1_k5,2,70,玫瑰 / rose (70),6,bee,bee (6),82.0,False,False,False
flowers,花卉,hardfirst,flowers_hardfirst_seed1_k5,2,70,玫瑰 / rose (70),7,beetle,beetle (7),76.0,False,False,False
flowers,花卉,hardfirst,flowers_hardfirst_seed1_k5,2,70,玫瑰 / rose (70),8,bicycle,腳踏車 / bicycle (8),81.0,False,False,False
flowers,花卉,hardfirst,flowers_hardfirst_seed1_k5,2,70,玫瑰 / rose (70),9,bottle,bottle (9),79.0,False,False,False
flowers,花卉,hardfirst,flowers_hardfirst_seed1_k5,2,70,玫瑰 / rose (70),10,bowl,bowl (10),42.0,False,False,False
flowers,花卉,hardfirst,flowers_hardfirst_seed1_k5,2,70,玫瑰 / rose (70),11,boy,boy (11),50.0,False,False,False
flowers,花卉,hardfirst,flowers_hardfirst_seed1_k5,2,70,玫瑰 / rose (70),12,bridge,bridge (12),79.0,False,False,False
flowers,花卉,hardfirst,flowers_hardfirst_seed1_k5,2,70,玫瑰 / rose (70),13,bus,公車 / bus (13),66.0,False,False,False
flowers,花卉,hardfirst,flowers_hardfirst_seed1_k5,2,70,玫瑰 / rose (70),14,butterfly,butterfly (14),60.0,False,False,False
flowers,花卉,hardfirst,flowers_hardfirst_seed1_k5,2,70,玫瑰 / rose (70),15,camel,駱駝 / camel (15),75.0,False,False,False
flowers,花卉,hardfirst,flowers_hardfirst_seed1_k5,2,70,玫瑰 / rose (70),16,can,can (16),78.0,False,False,False
flowers,花卉,hardfirst,flowers_hardfirst_seed1_k5,2,70,玫瑰 / rose (70),17,castle,castle (17),81.0,False,False,False
flowers,花卉,hardfirst,flowers_hardfirst_seed1_k5,2,70,玫瑰 / rose (70),18,caterpillar,caterpillar (18),64.0,False,False,False
flowers,花卉,hardfirst,flowers_hardfirst_seed1_k5,2,70,玫瑰 / rose (70),19,cattle,牛 / cattle (19),67.0,False,False,False
flowers,花卉,hardfirst,flowers_hardfirst_seed1_k5,2,70,玫瑰 / rose (70),20,chair,chair (20),86.0,False,False,False
flowers,花卉,hardfirst,flowers_hardfirst_seed1_k5,2,70,玫瑰 / rose (70),21,chimpanzee,黑猩猩 / chimpanzee (21),86.0,False,False,False
flowers,花卉,hardfirst,flowers_hardfirst_seed1_k5,2,70,玫瑰 / rose (70),22,clock,clock (22),68.0,False,False,False
flowers,花卉,hardfirst,flowers_hardfirst_seed1_k5,2,70,玫瑰 / rose (70),23,cloud,cloud (23),79.0,False,False,False
flowers,花卉,hardfirst,flowers_hardfirst_seed1_k5,2,70,玫瑰 / rose (70),24,cockroach,cockroach (24),78.0,False,False,False
flowers,花卉,hardfirst,flowers_hardfirst_seed1_k5,2,70,玫瑰 / rose (70),25,couch,couch (25),55.0,False,False,False
flowers,花卉,hardfirst,flowers_hardfirst_seed1_k5,2,70,玫瑰 / rose (70),26,crab,crab (26),64.0,False,False,False
flowers,花卉,hardfirst,flowers_hardfirst_seed1_k5,2,70,玫瑰 / rose (70),27,crocodile,crocodile (27),58.0,False,False,False
flowers,花卉,hardfirst,flowers_hardfirst_seed1_k5,2,70,玫瑰 / rose (70),28,cup,cup (28),75.0,False,False,False
flowers,花卉,hardfirst,flowers_hardfirst_seed1_k5,2,70,玫瑰 / rose (70),29,dinosaur,dinosaur (29),64.0,False,False,False
flowers,花卉,hardfirst,flowers_hardfirst_seed1_k5,2,70,玫瑰 / rose (70),30,dolphin,dolphin (30),65.0,False,False,False
flowers,花卉,hardfirst,flowers_hardfirst_seed1_k5,2,70,玫瑰 / rose (70),31,elephant,大象 / elephant (31),67.0,False,False,False
flowers,花卉,hardfirst,flowers_hardfirst_seed1_k5,2,70,玫瑰 / rose (70),32,flatfish,flatfish (32),65.0,False,False,False
flowers,花卉,hardfirst,flowers_hardfirst_seed1_k5,2,70,玫瑰 / rose (70),33,forest,forest (33),59.0,False,False,False
flowers,花卉,hardfirst,flowers_hardfirst_seed1_k5,2,70,玫瑰 / rose (70),34,fox,fox (34),77.0,False,False,False
flowers,花卉,hardfirst,flowers_hardfirst_seed1_k5,2,70,玫瑰 / rose (70),35,girl,girl (35),46.0,False,False,False
flowers,花卉,hardfirst,flowers_hardfirst_seed1_k5,2,70,玫瑰 / rose (70),36,hamster,hamster (36),81.0,False,False,False
flowers,花卉,hardfirst,flowers_hardfirst_seed1_k5,2,70,玫瑰 / rose (70),37,house,house (37),76.0,False,False,False
flowers,花卉,hardfirst,flowers_hardfirst_seed1_k5,2,70,玫瑰 / rose (70),38,kangaroo,袋鼠 / kangaroo (38),63.0,False,False,False
flowers,花卉,hardfirst,flowers_hardfirst_seed1_k5,2,70,玫瑰 / rose (70),39,keyboard,keyboard (39),79.0,False,False,False
flowers,花卉,hardfirst,flowers_hardfirst_seed1_k5,2,70,玫瑰 / rose (70),40,lamp,lamp (40),59.0,False,False,False
flowers,花卉,hardfirst,flowers_hardfirst_seed1_k5,2,70,玫瑰 / rose (70),41,lawn_mower,lawn_mower (41),88.0,False,False,False
flowers,花卉,hardfirst,flowers_hardfirst_seed1_k5,2,70,玫瑰 / rose (70),42,leopard,leopard (42),74.0,False,False,False
flowers,花卉,hardfirst,flowers_hardfirst_seed1_k5,2,70,玫瑰 / rose (70),43,lion,lion (43),84.0,False,False,False
flowers,花卉,hardfirst,flowers_hardfirst_seed1_k5,2,70,玫瑰 / rose (70),44,lizard,lizard (44),46.0,False,False,False
flowers,花卉,hardfirst,flowers_hardfirst_seed1_k5,2,70,玫瑰 / rose (70),45,lobster,lobster (45),62.0,False,False,False
flowers,花卉,hardfirst,flowers_hardfirst_seed1_k5,2,70,玫瑰 / rose (70),46,man,man (46),47.0,False,False,False
flowers,花卉,hardfirst,flowers_hardfirst_seed1_k5,2,70,玫瑰 / rose (70),47,maple_tree,maple_tree (47),62.0,False,False,False
flowers,花卉,hardfirst,flowers_hardfirst_seed1_k5,2,70,玫瑰 / rose (70),48,motorcycle,摩托車 / motorcycle (48),93.0,False,False,False
flowers,花卉,hardfirst,flowers_hardfirst_seed1_k5,2,70,玫瑰 / rose (70),49,mountain,mountain (49),82.0,False,False,False
flowers,花卉,hardfirst,flowers_hardfirst_seed1_k5,2,70,玫瑰 / rose (70),50,mouse,mouse (50),50.0,False,False,False
flowers,花卉,hardfirst,flowers_hardfirst_seed1_k5,2,70,玫瑰 / rose (70),51,mushroom,mushroom (51),72.0,False,False,False
flowers,花卉,hardfirst,flowers_hardfirst_seed1_k5,2,70,玫瑰 / rose (70),52,oak_tree,oak_tree (52),67.0,False,False,False
flowers,花卉,hardfirst,flowers_hardfirst_seed1_k5,2,70,玫瑰 / rose (70),53,orange,orange (53),89.0,False,False,False
flowers,花卉,hardfirst,flowers_hardfirst_seed1_k5,2,70,玫瑰 / rose (70),54,orchid,蘭花 / orchid (54),82.0,False,False,True
flowers,花卉,hardfirst,flowers_hardfirst_seed1_k5,2,70,玫瑰 / rose (70),55,otter,otter (55),42.0,False,False,False
flowers,花卉,hardfirst,flowers_hardfirst_seed1_k5,2,70,玫瑰 / rose (70),56,palm_tree,palm_tree (56),87.0,False,False,False
flowers,花卉,hardfirst,flowers_hardfirst_seed1_k5,2,70,玫瑰 / rose (70),57,pear,pear (57),78.0,False,False,False
flowers,花卉,hardfirst,flowers_hardfirst_seed1_k5,2,70,玫瑰 / rose (70),58,pickup_truck,皮卡車 / pickup_truck (58),84.0,False,False,False
flowers,花卉,hardfirst,flowers_hardfirst_seed1_k5,2,70,玫瑰 / rose (70),59,pine_tree,pine_tree (59),68.0,False,False,False
flowers,花卉,hardfirst,flowers_hardfirst_seed1_k5,2,70,玫瑰 / rose (70),60,plain,plain (60),86.0,False,False,False
flowers,花卉,hardfirst,flowers_hardfirst_seed1_k5,2,70,玫瑰 / rose (70),61,plate,plate (61),65.0,False,False,False
flowers,花卉,hardfirst,flowers_hardfirst_seed1_k5,2,70,玫瑰 / rose (70),62,poppy,罌粟花 / poppy (62),78.0,False,False,True
flowers,花卉,hardfirst,flowers_hardfirst_seed1_k5,2,70,玫瑰 / rose (70),63,porcupine,porcupine (63),66.0,False,False,False
flowers,花卉,hardfirst,flowers_hardfirst_seed1_k5,2,70,玫瑰 / rose (70),64,possum,possum (64),52.0,False,False,False
flowers,花卉,hardfirst,flowers_hardfirst_seed1_k5,2,70,玫瑰 / rose (70),65,rabbit,rabbit (65),57.0,False,False,False
flowers,花卉,hardfirst,flowers_hardfirst_seed1_k5,2,70,玫瑰 / rose (70),66,raccoon,raccoon (66),78.0,False,False,False
flowers,花卉,hardfirst,flowers_hardfirst_seed1_k5,2,70,玫瑰 / rose (70),67,ray,ray (67),57.0,False,False,False
flowers,花卉,hardfirst,flowers_hardfirst_seed1_k5,2,70,玫瑰 / rose (70),68,road,road (68),94.0,False,False,False
flowers,花卉,hardfirst,flowers_hardfirst_seed1_k5,2,70,玫瑰 / rose (70),69,rocket,rocket (69),79.0,False,False,False
flowers,花卉,hardfirst,flowers_hardfirst_seed1_k5,2,70,玫瑰 / rose (70),70,rose,玫瑰 / rose (70),0.0,True,True,True
flowers,花卉,hardfirst,flowers_hardfirst_seed1_k5,2,70,玫瑰 / rose (70),71,sea,sea (71),79.0,False,False,False
flowers,花卉,hardfirst,flowers_hardfirst_seed1_k5,2,70,玫瑰 / rose (70),72,seal,seal (72),47.0,False,False,False
flowers,花卉,hardfirst,flowers_hardfirst_seed1_k5,2,70,玫瑰 / rose (70),73,shark,shark (73),59.0,False,False,False
flowers,花卉,hardfirst,flowers_hardfirst_seed1_k5,2,70,玫瑰 / rose (70),74,shrew,shrew (74),49.0,False,False,False
flowers,花卉,hardfirst,flowers_hardfirst_seed1_k5,2,70,玫瑰 / rose (70),75,skunk,skunk (75),90.0,False,False,False
flowers,花卉,hardfirst,flowers_hardfirst_seed1_k5,2,70,玫瑰 / rose (70),76,skyscraper,skyscraper (76),87.0,False,False,False
flowers,花卉,hardfirst,flowers_hardfirst_seed1_k5,2,70,玫瑰 / rose (70),77,snail,snail (77),66.0,False,False,False
flowers,花卉,hardfirst,flowers_hardfirst_seed1_k5,2,70,玫瑰 / rose (70),78,snake,snake (78),61.0,False,False,False
flowers,花卉,hardfirst,flowers_hardfirst_seed1_k5,2,70,玫瑰 / rose (70),79,spider,spider (79),73.0,False,False,False
flowers,花卉,hardfirst,flowers_hardfirst_seed1_k5,2,70,玫瑰 / rose (70),80,squirrel,squirrel (80),56.0,False,False,False
flowers,花卉,hardfirst,flowers_hardfirst_seed1_k5,2,70,玫瑰 / rose (70),81,streetcar,streetcar (81),71.0,False,False,False
flowers,花卉,hardfirst,flowers_hardfirst_seed1_k5,2,70,玫瑰 / rose (70),82,sunflower,向日葵 / sunflower (82),90.0,False,False,True
flowers,花卉,hardfirst,flowers_hardfirst_seed1_k5,2,70,玫瑰 / rose (70),83,sweet_pepper,sweet_pepper (83),67.0,False,False,False
flowers,花卉,hardfirst,flowers_hardfirst_seed1_k5,2,70,玫瑰 / rose (70),84,table,table (84),68.0,False,False,False
flowers,花卉,hardfirst,flowers_hardfirst_seed1_k5,2,70,玫瑰 / rose (70),85,tank,tank (85),70.0,False,False,False
flowers,花卉,hardfirst,flowers_hardfirst_seed1_k5,2,70,玫瑰 / rose (70),86,telephone,telephone (86),68.0,False,False,False
flowers,花卉,hardfirst,flowers_hardfirst_seed1_k5,2,70,玫瑰 / rose (70),87,television,television (87),78.0,False,False,False
flowers,花卉,hardfirst,flowers_hardfirst_seed1_k5,2,70,玫瑰 / rose (70),88,tiger,tiger (88),83.0,False,False,False
flowers,花卉,hardfirst,flowers_hardfirst_seed1_k5,2,70,玫瑰 / rose (70),89,tractor,tractor (89),85.0,False,False,False
flowers,花卉,hardfirst,flowers_hardfirst_seed1_k5,2,70,玫瑰 / rose (70),90,train,火車 / train (90),83.0,False,False,False
flowers,花卉,hardfirst,flowers_hardfirst_seed1_k5,2,70,玫瑰 / rose (70),91,trout,trout (91),79.0,False,False,False
flowers,花卉,hardfirst,flowers_hardfirst_seed1_k5,2,70,玫瑰 / rose (70),92,tulip,鬱金香 / tulip (92),0.0,True,False,True
flowers,花卉,hardfirst,flowers_hardfirst_seed1_k5,2,70,玫瑰 / rose (70),93,turtle,turtle (93),57.0,False,False,False
flowers,花卉,hardfirst,flowers_hardfirst_seed1_k5,2,70,玫瑰 / rose (70),94,wardrobe,wardrobe (94),90.0,False,False,False
flowers,花卉,hardfirst,flowers_hardfirst_seed1_k5,2,70,玫瑰 / rose (70),95,whale,whale (95),73.0,False,False,False
flowers,花卉,hardfirst,flowers_hardfirst_seed1_k5,2,70,玫瑰 / rose (70),96,willow_tree,willow_tree (96),62.0,False,False,False
flowers,花卉,hardfirst,flowers_hardfirst_seed1_k5,2,70,玫瑰 / rose (70),97,wolf,wolf (97),77.0,False,False,False
flowers,花卉,hardfirst,flowers_hardfirst_seed1_k5,2,70,玫瑰 / rose (70),98,woman,woman (98),50.0,False,False,False
flowers,花卉,hardfirst,flowers_hardfirst_seed1_k5,2,70,玫瑰 / rose (70),99,worm,worm (99),72.0,False,False,False
flowers,花卉,hardfirst,flowers_hardfirst_seed1_k5,3,62,罌粟花 / poppy (62),0,apple,apple (0),89.0,False,False,False
flowers,花卉,hardfirst,flowers_hardfirst_seed1_k5,3,62,罌粟花 / poppy (62),1,aquarium_fish,aquarium_fish (1),83.0,False,False,False
flowers,花卉,hardfirst,flowers_hardfirst_seed1_k5,3,62,罌粟花 / poppy (62),2,baby,baby (2),56.0,False,False,False
flowers,花卉,hardfirst,flowers_hardfirst_seed1_k5,3,62,罌粟花 / poppy (62),3,bear,bear (3),50.0,False,False,False
flowers,花卉,hardfirst,flowers_hardfirst_seed1_k5,3,62,罌粟花 / poppy (62),4,beaver,beaver (4),57.0,False,False,False
flowers,花卉,hardfirst,flowers_hardfirst_seed1_k5,3,62,罌粟花 / poppy (62),5,bed,bed (5),67.0,False,False,False
flowers,花卉,hardfirst,flowers_hardfirst_seed1_k5,3,62,罌粟花 / poppy (62),6,bee,bee (6),78.0,False,False,False
flowers,花卉,hardfirst,flowers_hardfirst_seed1_k5,3,62,罌粟花 / poppy (62),7,beetle,beetle (7),76.0,False,False,False
flowers,花卉,hardfirst,flowers_hardfirst_seed1_k5,3,62,罌粟花 / poppy (62),8,bicycle,腳踏車 / bicycle (8),83.0,False,False,False
flowers,花卉,hardfirst,flowers_hardfirst_seed1_k5,3,62,罌粟花 / poppy (62),9,bottle,bottle (9),78.0,False,False,False
flowers,花卉,hardfirst,flowers_hardfirst_seed1_k5,3,62,罌粟花 / poppy (62),10,bowl,bowl (10),50.0,False,False,False
flowers,花卉,hardfirst,flowers_hardfirst_seed1_k5,3,62,罌粟花 / poppy (62),11,boy,boy (11),49.0,False,False,False
flowers,花卉,hardfirst,flowers_hardfirst_seed1_k5,3,62,罌粟花 / poppy (62),12,bridge,bridge (12),78.0,False,False,False
flowers,花卉,hardfirst,flowers_hardfirst_seed1_k5,3,62,罌粟花 / poppy (62),13,bus,公車 / bus (13),68.0,False,False,False
flowers,花卉,hardfirst,flowers_hardfirst_seed1_k5,3,62,罌粟花 / poppy (62),14,butterfly,butterfly (14),55.0,False,False,False
flowers,花卉,hardfirst,flowers_hardfirst_seed1_k5,3,62,罌粟花 / poppy (62),15,camel,駱駝 / camel (15),74.0,False,False,False
flowers,花卉,hardfirst,flowers_hardfirst_seed1_k5,3,62,罌粟花 / poppy (62),16,can,can (16),79.0,False,False,False
flowers,花卉,hardfirst,flowers_hardfirst_seed1_k5,3,62,罌粟花 / poppy (62),17,castle,castle (17),80.0,False,False,False
flowers,花卉,hardfirst,flowers_hardfirst_seed1_k5,3,62,罌粟花 / poppy (62),18,caterpillar,caterpillar (18),65.0,False,False,False
flowers,花卉,hardfirst,flowers_hardfirst_seed1_k5,3,62,罌粟花 / poppy (62),19,cattle,牛 / cattle (19),64.0,False,False,False
flowers,花卉,hardfirst,flowers_hardfirst_seed1_k5,3,62,罌粟花 / poppy (62),20,chair,chair (20),86.0,False,False,False
flowers,花卉,hardfirst,flowers_hardfirst_seed1_k5,3,62,罌粟花 / poppy (62),21,chimpanzee,黑猩猩 / chimpanzee (21),86.0,False,False,False
flowers,花卉,hardfirst,flowers_hardfirst_seed1_k5,3,62,罌粟花 / poppy (62),22,clock,clock (22),69.0,False,False,False
flowers,花卉,hardfirst,flowers_hardfirst_seed1_k5,3,62,罌粟花 / poppy (62),23,cloud,cloud (23),81.0,False,False,False
flowers,花卉,hardfirst,flowers_hardfirst_seed1_k5,3,62,罌粟花 / poppy (62),24,cockroach,cockroach (24),78.0,False,False,False
flowers,花卉,hardfirst,flowers_hardfirst_seed1_k5,3,62,罌粟花 / poppy (62),25,couch,couch (25),54.0,False,False,False
flowers,花卉,hardfirst,flowers_hardfirst_seed1_k5,3,62,罌粟花 / poppy (62),26,crab,crab (26),65.0,False,False,False
flowers,花卉,hardfirst,flowers_hardfirst_seed1_k5,3,62,罌粟花 / poppy (62),27,crocodile,crocodile (27),55.0,False,False,False
flowers,花卉,hardfirst,flowers_hardfirst_seed1_k5,3,62,罌粟花 / poppy (62),28,cup,cup (28),74.0,False,False,False
flowers,花卉,hardfirst,flowers_hardfirst_seed1_k5,3,62,罌粟花 / poppy (62),29,dinosaur,dinosaur (29),65.0,False,False,False
flowers,花卉,hardfirst,flowers_hardfirst_seed1_k5,3,62,罌粟花 / poppy (62),30,dolphin,dolphin (30),67.0,False,False,False
flowers,花卉,hardfirst,flowers_hardfirst_seed1_k5,3,62,罌粟花 / poppy (62),31,elephant,大象 / elephant (31),67.0,False,False,False
flowers,花卉,hardfirst,flowers_hardfirst_seed1_k5,3,62,罌粟花 / poppy (62),32,flatfish,flatfish (32),65.0,False,False,False
flowers,花卉,hardfirst,flowers_hardfirst_seed1_k5,3,62,罌粟花 / poppy (62),33,forest,forest (33),60.0,False,False,False
flowers,花卉,hardfirst,flowers_hardfirst_seed1_k5,3,62,罌粟花 / poppy (62),34,fox,fox (34),76.0,False,False,False
flowers,花卉,hardfirst,flowers_hardfirst_seed1_k5,3,62,罌粟花 / poppy (62),35,girl,girl (35),49.0,False,False,False
flowers,花卉,hardfirst,flowers_hardfirst_seed1_k5,3,62,罌粟花 / poppy (62),36,hamster,hamster (36),82.0,False,False,False
flowers,花卉,hardfirst,flowers_hardfirst_seed1_k5,3,62,罌粟花 / poppy (62),37,house,house (37),75.0,False,False,False
flowers,花卉,hardfirst,flowers_hardfirst_seed1_k5,3,62,罌粟花 / poppy (62),38,kangaroo,袋鼠 / kangaroo (38),65.0,False,False,False
flowers,花卉,hardfirst,flowers_hardfirst_seed1_k5,3,62,罌粟花 / poppy (62),39,keyboard,keyboard (39),79.0,False,False,False
flowers,花卉,hardfirst,flowers_hardfirst_seed1_k5,3,62,罌粟花 / poppy (62),40,lamp,lamp (40),61.0,False,False,False
flowers,花卉,hardfirst,flowers_hardfirst_seed1_k5,3,62,罌粟花 / poppy (62),41,lawn_mower,lawn_mower (41),88.0,False,False,False
flowers,花卉,hardfirst,flowers_hardfirst_seed1_k5,3,62,罌粟花 / poppy (62),42,leopard,leopard (42),75.0,False,False,False
flowers,花卉,hardfirst,flowers_hardfirst_seed1_k5,3,62,罌粟花 / poppy (62),43,lion,lion (43),82.0,False,False,False
flowers,花卉,hardfirst,flowers_hardfirst_seed1_k5,3,62,罌粟花 / poppy (62),44,lizard,lizard (44),47.0,False,False,False
flowers,花卉,hardfirst,flowers_hardfirst_seed1_k5,3,62,罌粟花 / poppy (62),45,lobster,lobster (45),60.0,False,False,False
flowers,花卉,hardfirst,flowers_hardfirst_seed1_k5,3,62,罌粟花 / poppy (62),46,man,man (46),45.0,False,False,False
flowers,花卉,hardfirst,flowers_hardfirst_seed1_k5,3,62,罌粟花 / poppy (62),47,maple_tree,maple_tree (47),60.0,False,False,False
flowers,花卉,hardfirst,flowers_hardfirst_seed1_k5,3,62,罌粟花 / poppy (62),48,motorcycle,摩托車 / motorcycle (48),92.0,False,False,False
flowers,花卉,hardfirst,flowers_hardfirst_seed1_k5,3,62,罌粟花 / poppy (62),49,mountain,mountain (49),85.0,False,False,False
flowers,花卉,hardfirst,flowers_hardfirst_seed1_k5,3,62,罌粟花 / poppy (62),50,mouse,mouse (50),55.0,False,False,False
flowers,花卉,hardfirst,flowers_hardfirst_seed1_k5,3,62,罌粟花 / poppy (62),51,mushroom,mushroom (51),74.0,False,False,False
flowers,花卉,hardfirst,flowers_hardfirst_seed1_k5,3,62,罌粟花 / poppy (62),52,oak_tree,oak_tree (52),67.0,False,False,False
flowers,花卉,hardfirst,flowers_hardfirst_seed1_k5,3,62,罌粟花 / poppy (62),53,orange,orange (53),88.0,False,False,False
flowers,花卉,hardfirst,flowers_hardfirst_seed1_k5,3,62,罌粟花 / poppy (62),54,orchid,蘭花 / orchid (54),84.0,False,False,True
flowers,花卉,hardfirst,flowers_hardfirst_seed1_k5,3,62,罌粟花 / poppy (62),55,otter,otter (55),42.0,False,False,False
flowers,花卉,hardfirst,flowers_hardfirst_seed1_k5,3,62,罌粟花 / poppy (62),56,palm_tree,palm_tree (56),88.0,False,False,False
flowers,花卉,hardfirst,flowers_hardfirst_seed1_k5,3,62,罌粟花 / poppy (62),57,pear,pear (57),78.0,False,False,False
flowers,花卉,hardfirst,flowers_hardfirst_seed1_k5,3,62,罌粟花 / poppy (62),58,pickup_truck,皮卡車 / pickup_truck (58),84.0,False,False,False
flowers,花卉,hardfirst,flowers_hardfirst_seed1_k5,3,62,罌粟花 / poppy (62),59,pine_tree,pine_tree (59),68.0,False,False,False
flowers,花卉,hardfirst,flowers_hardfirst_seed1_k5,3,62,罌粟花 / poppy (62),60,plain,plain (60),86.0,False,False,False
flowers,花卉,hardfirst,flowers_hardfirst_seed1_k5,3,62,罌粟花 / poppy (62),61,plate,plate (61),69.0,False,False,False
flowers,花卉,hardfirst,flowers_hardfirst_seed1_k5,3,62,罌粟花 / poppy (62),62,poppy,罌粟花 / poppy (62),0.0,True,True,True
flowers,花卉,hardfirst,flowers_hardfirst_seed1_k5,3,62,罌粟花 / poppy (62),63,porcupine,porcupine (63),69.0,False,False,False
flowers,花卉,hardfirst,flowers_hardfirst_seed1_k5,3,62,罌粟花 / poppy (62),64,possum,possum (64),54.0,False,False,False
flowers,花卉,hardfirst,flowers_hardfirst_seed1_k5,3,62,罌粟花 / poppy (62),65,rabbit,rabbit (65),59.0,False,False,False
flowers,花卉,hardfirst,flowers_hardfirst_seed1_k5,3,62,罌粟花 / poppy (62),66,raccoon,raccoon (66),79.0,False,False,False
flowers,花卉,hardfirst,flowers_hardfirst_seed1_k5,3,62,罌粟花 / poppy (62),67,ray,ray (67),57.0,False,False,False
flowers,花卉,hardfirst,flowers_hardfirst_seed1_k5,3,62,罌粟花 / poppy (62),68,road,road (68),94.0,False,False,False
flowers,花卉,hardfirst,flowers_hardfirst_seed1_k5,3,62,罌粟花 / poppy (62),69,rocket,rocket (69),80.0,False,False,False
flowers,花卉,hardfirst,flowers_hardfirst_seed1_k5,3,62,罌粟花 / poppy (62),70,rose,玫瑰 / rose (70),0.0,True,False,True
flowers,花卉,hardfirst,flowers_hardfirst_seed1_k5,3,62,罌粟花 / poppy (62),71,sea,sea (71),81.0,False,False,False
flowers,花卉,hardfirst,flowers_hardfirst_seed1_k5,3,62,罌粟花 / poppy (62),72,seal,seal (72),48.0,False,False,False
flowers,花卉,hardfirst,flowers_hardfirst_seed1_k5,3,62,罌粟花 / poppy (62),73,shark,shark (73),56.0,False,False,False
flowers,花卉,hardfirst,flowers_hardfirst_seed1_k5,3,62,罌粟花 / poppy (62),74,shrew,shrew (74),49.0,False,False,False
flowers,花卉,hardfirst,flowers_hardfirst_seed1_k5,3,62,罌粟花 / poppy (62),75,skunk,skunk (75),92.0,False,False,False
flowers,花卉,hardfirst,flowers_hardfirst_seed1_k5,3,62,罌粟花 / poppy (62),76,skyscraper,skyscraper (76),88.0,False,False,False
flowers,花卉,hardfirst,flowers_hardfirst_seed1_k5,3,62,罌粟花 / poppy (62),77,snail,snail (77),65.0,False,False,False
flowers,花卉,hardfirst,flowers_hardfirst_seed1_k5,3,62,罌粟花 / poppy (62),78,snake,snake (78),60.0,False,False,False
flowers,花卉,hardfirst,flowers_hardfirst_seed1_k5,3,62,罌粟花 / poppy (62),79,spider,spider (79),73.0,False,False,False
flowers,花卉,hardfirst,flowers_hardfirst_seed1_k5,3,62,罌粟花 / poppy (62),80,squirrel,squirrel (80),56.0,False,False,False
flowers,花卉,hardfirst,flowers_hardfirst_seed1_k5,3,62,罌粟花 / poppy (62),81,streetcar,streetcar (81),71.0,False,False,False
flowers,花卉,hardfirst,flowers_hardfirst_seed1_k5,3,62,罌粟花 / poppy (62),82,sunflower,向日葵 / sunflower (82),89.0,False,False,True
flowers,花卉,hardfirst,flowers_hardfirst_seed1_k5,3,62,罌粟花 / poppy (62),83,sweet_pepper,sweet_pepper (83),68.0,False,False,False
flowers,花卉,hardfirst,flowers_hardfirst_seed1_k5,3,62,罌粟花 / poppy (62),84,table,table (84),67.0,False,False,False
flowers,花卉,hardfirst,flowers_hardfirst_seed1_k5,3,62,罌粟花 / poppy (62),85,tank,tank (85),72.0,False,False,False
flowers,花卉,hardfirst,flowers_hardfirst_seed1_k5,3,62,罌粟花 / poppy (62),86,telephone,telephone (86),68.0,False,False,False
flowers,花卉,hardfirst,flowers_hardfirst_seed1_k5,3,62,罌粟花 / poppy (62),87,television,television (87),77.0,False,False,False
flowers,花卉,hardfirst,flowers_hardfirst_seed1_k5,3,62,罌粟花 / poppy (62),88,tiger,tiger (88),80.0,False,False,False
flowers,花卉,hardfirst,flowers_hardfirst_seed1_k5,3,62,罌粟花 / poppy (62),89,tractor,tractor (89),84.0,False,False,False
flowers,花卉,hardfirst,flowers_hardfirst_seed1_k5,3,62,罌粟花 / poppy (62),90,train,火車 / train (90),84.0,False,False,False
flowers,花卉,hardfirst,flowers_hardfirst_seed1_k5,3,62,罌粟花 / poppy (62),91,trout,trout (91),78.0,False,False,False
flowers,花卉,hardfirst,flowers_hardfirst_seed1_k5,3,62,罌粟花 / poppy (62),92,tulip,鬱金香 / tulip (92),0.0,True,False,True
flowers,花卉,hardfirst,flowers_hardfirst_seed1_k5,3,62,罌粟花 / poppy (62),93,turtle,turtle (93),60.0,False,False,False
flowers,花卉,hardfirst,flowers_hardfirst_seed1_k5,3,62,罌粟花 / poppy (62),94,wardrobe,wardrobe (94),90.0,False,False,False
flowers,花卉,hardfirst,flowers_hardfirst_seed1_k5,3,62,罌粟花 / poppy (62),95,whale,whale (95),75.0,False,False,False
flowers,花卉,hardfirst,flowers_hardfirst_seed1_k5,3,62,罌粟花 / poppy (62),96,willow_tree,willow_tree (96),63.0,False,False,False
flowers,花卉,hardfirst,flowers_hardfirst_seed1_k5,3,62,罌粟花 / poppy (62),97,wolf,wolf (97),77.0,False,False,False
flowers,花卉,hardfirst,flowers_hardfirst_seed1_k5,3,62,罌粟花 / poppy (62),98,woman,woman (98),47.0,False,False,False
flowers,花卉,hardfirst,flowers_hardfirst_seed1_k5,3,62,罌粟花 / poppy (62),99,worm,worm (99),70.0,False,False,False
flowers,花卉,hardfirst,flowers_hardfirst_seed1_k5,4,54,蘭花 / orchid (54),0,apple,apple (0),89.0,False,False,False
flowers,花卉,hardfirst,flowers_hardfirst_seed1_k5,4,54,蘭花 / orchid (54),1,aquarium_fish,aquarium_fish (1),82.0,False,False,False
flowers,花卉,hardfirst,flowers_hardfirst_seed1_k5,4,54,蘭花 / orchid (54),2,baby,baby (2),58.0,False,False,False
flowers,花卉,hardfirst,flowers_hardfirst_seed1_k5,4,54,蘭花 / orchid (54),3,bear,bear (3),52.0,False,False,False
flowers,花卉,hardfirst,flowers_hardfirst_seed1_k5,4,54,蘭花 / orchid (54),4,beaver,beaver (4),61.0,False,False,False
flowers,花卉,hardfirst,flowers_hardfirst_seed1_k5,4,54,蘭花 / orchid (54),5,bed,bed (5),71.0,False,False,False
flowers,花卉,hardfirst,flowers_hardfirst_seed1_k5,4,54,蘭花 / orchid (54),6,bee,bee (6),80.0,False,False,False
flowers,花卉,hardfirst,flowers_hardfirst_seed1_k5,4,54,蘭花 / orchid (54),7,beetle,beetle (7),78.0,False,False,False
flowers,花卉,hardfirst,flowers_hardfirst_seed1_k5,4,54,蘭花 / orchid (54),8,bicycle,腳踏車 / bicycle (8),84.0,False,False,False
flowers,花卉,hardfirst,flowers_hardfirst_seed1_k5,4,54,蘭花 / orchid (54),9,bottle,bottle (9),80.0,False,False,False
flowers,花卉,hardfirst,flowers_hardfirst_seed1_k5,4,54,蘭花 / orchid (54),10,bowl,bowl (10),48.0,False,False,False
flowers,花卉,hardfirst,flowers_hardfirst_seed1_k5,4,54,蘭花 / orchid (54),11,boy,boy (11),49.0,False,False,False
flowers,花卉,hardfirst,flowers_hardfirst_seed1_k5,4,54,蘭花 / orchid (54),12,bridge,bridge (12),80.0,False,False,False
flowers,花卉,hardfirst,flowers_hardfirst_seed1_k5,4,54,蘭花 / orchid (54),13,bus,公車 / bus (13),66.0,False,False,False
flowers,花卉,hardfirst,flowers_hardfirst_seed1_k5,4,54,蘭花 / orchid (54),14,butterfly,butterfly (14),58.0,False,False,False
flowers,花卉,hardfirst,flowers_hardfirst_seed1_k5,4,54,蘭花 / orchid (54),15,camel,駱駝 / camel (15),74.0,False,False,False
flowers,花卉,hardfirst,flowers_hardfirst_seed1_k5,4,54,蘭花 / orchid (54),16,can,can (16),80.0,False,False,False
flowers,花卉,hardfirst,flowers_hardfirst_seed1_k5,4,54,蘭花 / orchid (54),17,castle,castle (17),81.0,False,False,False
flowers,花卉,hardfirst,flowers_hardfirst_seed1_k5,4,54,蘭花 / orchid (54),18,caterpillar,caterpillar (18),61.0,False,False,False
flowers,花卉,hardfirst,flowers_hardfirst_seed1_k5,4,54,蘭花 / orchid (54),19,cattle,牛 / cattle (19),63.0,False,False,False
flowers,花卉,hardfirst,flowers_hardfirst_seed1_k5,4,54,蘭花 / orchid (54),20,chair,chair (20),86.0,False,False,False
flowers,花卉,hardfirst,flowers_hardfirst_seed1_k5,4,54,蘭花 / orchid (54),21,chimpanzee,黑猩猩 / chimpanzee (21),85.0,False,False,False
flowers,花卉,hardfirst,flowers_hardfirst_seed1_k5,4,54,蘭花 / orchid (54),22,clock,clock (22),69.0,False,False,False
flowers,花卉,hardfirst,flowers_hardfirst_seed1_k5,4,54,蘭花 / orchid (54),23,cloud,cloud (23),80.0,False,False,False
flowers,花卉,hardfirst,flowers_hardfirst_seed1_k5,4,54,蘭花 / orchid (54),24,cockroach,cockroach (24),79.0,False,False,False
flowers,花卉,hardfirst,flowers_hardfirst_seed1_k5,4,54,蘭花 / orchid (54),25,couch,couch (25),55.0,False,False,False
flowers,花卉,hardfirst,flowers_hardfirst_seed1_k5,4,54,蘭花 / orchid (54),26,crab,crab (26),62.0,False,False,False
flowers,花卉,hardfirst,flowers_hardfirst_seed1_k5,4,54,蘭花 / orchid (54),27,crocodile,crocodile (27),54.0,False,False,False
flowers,花卉,hardfirst,flowers_hardfirst_seed1_k5,4,54,蘭花 / orchid (54),28,cup,cup (28),73.0,False,False,False
flowers,花卉,hardfirst,flowers_hardfirst_seed1_k5,4,54,蘭花 / orchid (54),29,dinosaur,dinosaur (29),65.0,False,False,False
flowers,花卉,hardfirst,flowers_hardfirst_seed1_k5,4,54,蘭花 / orchid (54),30,dolphin,dolphin (30),65.0,False,False,False
flowers,花卉,hardfirst,flowers_hardfirst_seed1_k5,4,54,蘭花 / orchid (54),31,elephant,大象 / elephant (31),68.0,False,False,False
flowers,花卉,hardfirst,flowers_hardfirst_seed1_k5,4,54,蘭花 / orchid (54),32,flatfish,flatfish (32),67.0,False,False,False
flowers,花卉,hardfirst,flowers_hardfirst_seed1_k5,4,54,蘭花 / orchid (54),33,forest,forest (33),58.0,False,False,False
flowers,花卉,hardfirst,flowers_hardfirst_seed1_k5,4,54,蘭花 / orchid (54),34,fox,fox (34),76.0,False,False,False
flowers,花卉,hardfirst,flowers_hardfirst_seed1_k5,4,54,蘭花 / orchid (54),35,girl,girl (35),49.0,False,False,False
flowers,花卉,hardfirst,flowers_hardfirst_seed1_k5,4,54,蘭花 / orchid (54),36,hamster,hamster (36),82.0,False,False,False
flowers,花卉,hardfirst,flowers_hardfirst_seed1_k5,4,54,蘭花 / orchid (54),37,house,house (37),74.0,False,False,False
flowers,花卉,hardfirst,flowers_hardfirst_seed1_k5,4,54,蘭花 / orchid (54),38,kangaroo,袋鼠 / kangaroo (38),65.0,False,False,False
flowers,花卉,hardfirst,flowers_hardfirst_seed1_k5,4,54,蘭花 / orchid (54),39,keyboard,keyboard (39),80.0,False,False,False
flowers,花卉,hardfirst,flowers_hardfirst_seed1_k5,4,54,蘭花 / orchid (54),40,lamp,lamp (40),59.0,False,False,False
flowers,花卉,hardfirst,flowers_hardfirst_seed1_k5,4,54,蘭花 / orchid (54),41,lawn_mower,lawn_mower (41),89.0,False,False,False
flowers,花卉,hardfirst,flowers_hardfirst_seed1_k5,4,54,蘭花 / orchid (54),42,leopard,leopard (42),73.0,False,False,False
flowers,花卉,hardfirst,flowers_hardfirst_seed1_k5,4,54,蘭花 / orchid (54),43,lion,lion (43),82.0,False,False,False
flowers,花卉,hardfirst,flowers_hardfirst_seed1_k5,4,54,蘭花 / orchid (54),44,lizard,lizard (44),49.0,False,False,False
flowers,花卉,hardfirst,flowers_hardfirst_seed1_k5,4,54,蘭花 / orchid (54),45,lobster,lobster (45),68.0,False,False,False
flowers,花卉,hardfirst,flowers_hardfirst_seed1_k5,4,54,蘭花 / orchid (54),46,man,man (46),45.0,False,False,False
flowers,花卉,hardfirst,flowers_hardfirst_seed1_k5,4,54,蘭花 / orchid (54),47,maple_tree,maple_tree (47),68.0,False,False,False
flowers,花卉,hardfirst,flowers_hardfirst_seed1_k5,4,54,蘭花 / orchid (54),48,motorcycle,摩托車 / motorcycle (48),92.0,False,False,False
flowers,花卉,hardfirst,flowers_hardfirst_seed1_k5,4,54,蘭花 / orchid (54),49,mountain,mountain (49),84.0,False,False,False
flowers,花卉,hardfirst,flowers_hardfirst_seed1_k5,4,54,蘭花 / orchid (54),50,mouse,mouse (50),51.0,False,False,False
flowers,花卉,hardfirst,flowers_hardfirst_seed1_k5,4,54,蘭花 / orchid (54),51,mushroom,mushroom (51),73.0,False,False,False
flowers,花卉,hardfirst,flowers_hardfirst_seed1_k5,4,54,蘭花 / orchid (54),52,oak_tree,oak_tree (52),65.0,False,False,False
flowers,花卉,hardfirst,flowers_hardfirst_seed1_k5,4,54,蘭花 / orchid (54),53,orange,orange (53),90.0,False,False,False
flowers,花卉,hardfirst,flowers_hardfirst_seed1_k5,4,54,蘭花 / orchid (54),54,orchid,蘭花 / orchid (54),0.0,True,True,True
flowers,花卉,hardfirst,flowers_hardfirst_seed1_k5,4,54,蘭花 / orchid (54),55,otter,otter (55),41.0,False,False,False
flowers,花卉,hardfirst,flowers_hardfirst_seed1_k5,4,54,蘭花 / orchid (54),56,palm_tree,palm_tree (56),86.0,False,False,False
flowers,花卉,hardfirst,flowers_hardfirst_seed1_k5,4,54,蘭花 / orchid (54),57,pear,pear (57),78.0,False,False,False
flowers,花卉,hardfirst,flowers_hardfirst_seed1_k5,4,54,蘭花 / orchid (54),58,pickup_truck,皮卡車 / pickup_truck (58),87.0,False,False,False
flowers,花卉,hardfirst,flowers_hardfirst_seed1_k5,4,54,蘭花 / orchid (54),59,pine_tree,pine_tree (59),70.0,False,False,False
flowers,花卉,hardfirst,flowers_hardfirst_seed1_k5,4,54,蘭花 / orchid (54),60,plain,plain (60),87.0,False,False,False
flowers,花卉,hardfirst,flowers_hardfirst_seed1_k5,4,54,蘭花 / orchid (54),61,plate,plate (61),66.0,False,False,False
flowers,花卉,hardfirst,flowers_hardfirst_seed1_k5,4,54,蘭花 / orchid (54),62,poppy,罌粟花 / poppy (62),0.0,True,False,True
flowers,花卉,hardfirst,flowers_hardfirst_seed1_k5,4,54,蘭花 / orchid (54),63,porcupine,porcupine (63),67.0,False,False,False
flowers,花卉,hardfirst,flowers_hardfirst_seed1_k5,4,54,蘭花 / orchid (54),64,possum,possum (64),53.0,False,False,False
flowers,花卉,hardfirst,flowers_hardfirst_seed1_k5,4,54,蘭花 / orchid (54),65,rabbit,rabbit (65),58.0,False,False,False
flowers,花卉,hardfirst,flowers_hardfirst_seed1_k5,4,54,蘭花 / orchid (54),66,raccoon,raccoon (66),79.0,False,False,False
flowers,花卉,hardfirst,flowers_hardfirst_seed1_k5,4,54,蘭花 / orchid (54),67,ray,ray (67),60.0,False,False,False
flowers,花卉,hardfirst,flowers_hardfirst_seed1_k5,4,54,蘭花 / orchid (54),68,road,road (68),94.0,False,False,False
flowers,花卉,hardfirst,flowers_hardfirst_seed1_k5,4,54,蘭花 / orchid (54),69,rocket,rocket (69),82.0,False,False,False
flowers,花卉,hardfirst,flowers_hardfirst_seed1_k5,4,54,蘭花 / orchid (54),70,rose,玫瑰 / rose (70),0.0,True,False,True
flowers,花卉,hardfirst,flowers_hardfirst_seed1_k5,4,54,蘭花 / orchid (54),71,sea,sea (71),80.0,False,False,False
flowers,花卉,hardfirst,flowers_hardfirst_seed1_k5,4,54,蘭花 / orchid (54),72,seal,seal (72),46.0,False,False,False
flowers,花卉,hardfirst,flowers_hardfirst_seed1_k5,4,54,蘭花 / orchid (54),73,shark,shark (73),56.0,False,False,False
flowers,花卉,hardfirst,flowers_hardfirst_seed1_k5,4,54,蘭花 / orchid (54),74,shrew,shrew (74),49.0,False,False,False
flowers,花卉,hardfirst,flowers_hardfirst_seed1_k5,4,54,蘭花 / orchid (54),75,skunk,skunk (75),89.0,False,False,False
flowers,花卉,hardfirst,flowers_hardfirst_seed1_k5,4,54,蘭花 / orchid (54),76,skyscraper,skyscraper (76),87.0,False,False,False
flowers,花卉,hardfirst,flowers_hardfirst_seed1_k5,4,54,蘭花 / orchid (54),77,snail,snail (77),65.0,False,False,False
flowers,花卉,hardfirst,flowers_hardfirst_seed1_k5,4,54,蘭花 / orchid (54),78,snake,snake (78),62.0,False,False,False
flowers,花卉,hardfirst,flowers_hardfirst_seed1_k5,4,54,蘭花 / orchid (54),79,spider,spider (79),73.0,False,False,False
flowers,花卉,hardfirst,flowers_hardfirst_seed1_k5,4,54,蘭花 / orchid (54),80,squirrel,squirrel (80),60.0,False,False,False
flowers,花卉,hardfirst,flowers_hardfirst_seed1_k5,4,54,蘭花 / orchid (54),81,streetcar,streetcar (81),74.0,False,False,False
flowers,花卉,hardfirst,flowers_hardfirst_seed1_k5,4,54,蘭花 / orchid (54),82,sunflower,向日葵 / sunflower (82),89.0,False,False,True
flowers,花卉,hardfirst,flowers_hardfirst_seed1_k5,4,54,蘭花 / orchid (54),83,sweet_pepper,sweet_pepper (83),70.0,False,False,False
flowers,花卉,hardfirst,flowers_hardfirst_seed1_k5,4,54,蘭花 / orchid (54),84,table,table (84),68.0,False,False,False
flowers,花卉,hardfirst,flowers_hardfirst_seed1_k5,4,54,蘭花 / orchid (54),85,tank,tank (85),74.0,False,False,False
flowers,花卉,hardfirst,flowers_hardfirst_seed1_k5,4,54,蘭花 / orchid (54),86,telephone,telephone (86),68.0,False,False,False
flowers,花卉,hardfirst,flowers_hardfirst_seed1_k5,4,54,蘭花 / orchid (54),87,television,television (87),79.0,False,False,False
flowers,花卉,hardfirst,flowers_hardfirst_seed1_k5,4,54,蘭花 / orchid (54),88,tiger,tiger (88),79.0,False,False,False
flowers,花卉,hardfirst,flowers_hardfirst_seed1_k5,4,54,蘭花 / orchid (54),89,tractor,tractor (89),84.0,False,False,False
flowers,花卉,hardfirst,flowers_hardfirst_seed1_k5,4,54,蘭花 / orchid (54),90,train,火車 / train (90),83.0,False,False,False
flowers,花卉,hardfirst,flowers_hardfirst_seed1_k5,4,54,蘭花 / orchid (54),91,trout,trout (91),78.0,False,False,False
flowers,花卉,hardfirst,flowers_hardfirst_seed1_k5,4,54,蘭花 / orchid (54),92,tulip,鬱金香 / tulip (92),0.0,True,False,True
flowers,花卉,hardfirst,flowers_hardfirst_seed1_k5,4,54,蘭花 / orchid (54),93,turtle,turtle (93),56.0,False,False,False
flowers,花卉,hardfirst,flowers_hardfirst_seed1_k5,4,54,蘭花 / orchid (54),94,wardrobe,wardrobe (94),91.0,False,False,False
flowers,花卉,hardfirst,flowers_hardfirst_seed1_k5,4,54,蘭花 / orchid (54),95,whale,whale (95),74.0,False,False,False
flowers,花卉,hardfirst,flowers_hardfirst_seed1_k5,4,54,蘭花 / orchid (54),96,willow_tree,willow_tree (96),61.0,False,False,False
flowers,花卉,hardfirst,flowers_hardfirst_seed1_k5,4,54,蘭花 / orchid (54),97,wolf,wolf (97),77.0,False,False,False
flowers,花卉,hardfirst,flowers_hardfirst_seed1_k5,4,54,蘭花 / orchid (54),98,woman,woman (98),44.0,False,False,False
flowers,花卉,hardfirst,flowers_hardfirst_seed1_k5,4,54,蘭花 / orchid (54),99,worm,worm (99),70.0,False,False,False
flowers,花卉,hardfirst,flowers_hardfirst_seed1_k5,5,82,向日葵 / sunflower (82),0,apple,apple (0),89.0,False,False,False
flowers,花卉,hardfirst,flowers_hardfirst_seed1_k5,5,82,向日葵 / sunflower (82),1,aquarium_fish,aquarium_fish (1),83.0,False,False,False
flowers,花卉,hardfirst,flowers_hardfirst_seed1_k5,5,82,向日葵 / sunflower (82),2,baby,baby (2),60.0,False,False,False
flowers,花卉,hardfirst,flowers_hardfirst_seed1_k5,5,82,向日葵 / sunflower (82),3,bear,bear (3),53.0,False,False,False
flowers,花卉,hardfirst,flowers_hardfirst_seed1_k5,5,82,向日葵 / sunflower (82),4,beaver,beaver (4),62.0,False,False,False
flowers,花卉,hardfirst,flowers_hardfirst_seed1_k5,5,82,向日葵 / sunflower (82),5,bed,bed (5),76.0,False,False,False
flowers,花卉,hardfirst,flowers_hardfirst_seed1_k5,5,82,向日葵 / sunflower (82),6,bee,bee (6),83.0,False,False,False
flowers,花卉,hardfirst,flowers_hardfirst_seed1_k5,5,82,向日葵 / sunflower (82),7,beetle,beetle (7),79.0,False,False,False
flowers,花卉,hardfirst,flowers_hardfirst_seed1_k5,5,82,向日葵 / sunflower (82),8,bicycle,腳踏車 / bicycle (8),83.0,False,False,False
flowers,花卉,hardfirst,flowers_hardfirst_seed1_k5,5,82,向日葵 / sunflower (82),9,bottle,bottle (9),83.0,False,False,False
flowers,花卉,hardfirst,flowers_hardfirst_seed1_k5,5,82,向日葵 / sunflower (82),10,bowl,bowl (10),52.0,False,False,False
flowers,花卉,hardfirst,flowers_hardfirst_seed1_k5,5,82,向日葵 / sunflower (82),11,boy,boy (11),48.0,False,False,False
flowers,花卉,hardfirst,flowers_hardfirst_seed1_k5,5,82,向日葵 / sunflower (82),12,bridge,bridge (12),77.0,False,False,False
flowers,花卉,hardfirst,flowers_hardfirst_seed1_k5,5,82,向日葵 / sunflower (82),13,bus,公車 / bus (13),68.0,False,False,False
flowers,花卉,hardfirst,flowers_hardfirst_seed1_k5,5,82,向日葵 / sunflower (82),14,butterfly,butterfly (14),63.0,False,False,False
flowers,花卉,hardfirst,flowers_hardfirst_seed1_k5,5,82,向日葵 / sunflower (82),15,camel,駱駝 / camel (15),74.0,False,False,False
flowers,花卉,hardfirst,flowers_hardfirst_seed1_k5,5,82,向日葵 / sunflower (82),16,can,can (16),79.0,False,False,False
flowers,花卉,hardfirst,flowers_hardfirst_seed1_k5,5,82,向日葵 / sunflower (82),17,castle,castle (17),80.0,False,False,False
flowers,花卉,hardfirst,flowers_hardfirst_seed1_k5,5,82,向日葵 / sunflower (82),18,caterpillar,caterpillar (18),63.0,False,False,False
flowers,花卉,hardfirst,flowers_hardfirst_seed1_k5,5,82,向日葵 / sunflower (82),19,cattle,牛 / cattle (19),63.0,False,False,False
flowers,花卉,hardfirst,flowers_hardfirst_seed1_k5,5,82,向日葵 / sunflower (82),20,chair,chair (20),87.0,False,False,False
flowers,花卉,hardfirst,flowers_hardfirst_seed1_k5,5,82,向日葵 / sunflower (82),21,chimpanzee,黑猩猩 / chimpanzee (21),86.0,False,False,False
flowers,花卉,hardfirst,flowers_hardfirst_seed1_k5,5,82,向日葵 / sunflower (82),22,clock,clock (22),68.0,False,False,False
flowers,花卉,hardfirst,flowers_hardfirst_seed1_k5,5,82,向日葵 / sunflower (82),23,cloud,cloud (23),81.0,False,False,False
flowers,花卉,hardfirst,flowers_hardfirst_seed1_k5,5,82,向日葵 / sunflower (82),24,cockroach,cockroach (24),78.0,False,False,False
flowers,花卉,hardfirst,flowers_hardfirst_seed1_k5,5,82,向日葵 / sunflower (82),25,couch,couch (25),54.0,False,False,False
flowers,花卉,hardfirst,flowers_hardfirst_seed1_k5,5,82,向日葵 / sunflower (82),26,crab,crab (26),65.0,False,False,False
flowers,花卉,hardfirst,flowers_hardfirst_seed1_k5,5,82,向日葵 / sunflower (82),27,crocodile,crocodile (27),59.0,False,False,False
flowers,花卉,hardfirst,flowers_hardfirst_seed1_k5,5,82,向日葵 / sunflower (82),28,cup,cup (28),74.0,False,False,False
flowers,花卉,hardfirst,flowers_hardfirst_seed1_k5,5,82,向日葵 / sunflower (82),29,dinosaur,dinosaur (29),66.0,False,False,False
flowers,花卉,hardfirst,flowers_hardfirst_seed1_k5,5,82,向日葵 / sunflower (82),30,dolphin,dolphin (30),68.0,False,False,False
flowers,花卉,hardfirst,flowers_hardfirst_seed1_k5,5,82,向日葵 / sunflower (82),31,elephant,大象 / elephant (31),67.0,False,False,False
flowers,花卉,hardfirst,flowers_hardfirst_seed1_k5,5,82,向日葵 / sunflower (82),32,flatfish,flatfish (32),64.0,False,False,False
flowers,花卉,hardfirst,flowers_hardfirst_seed1_k5,5,82,向日葵 / sunflower (82),33,forest,forest (33),60.0,False,False,False
flowers,花卉,hardfirst,flowers_hardfirst_seed1_k5,5,82,向日葵 / sunflower (82),34,fox,fox (34),75.0,False,False,False
flowers,花卉,hardfirst,flowers_hardfirst_seed1_k5,5,82,向日葵 / sunflower (82),35,girl,girl (35),47.0,False,False,False
flowers,花卉,hardfirst,flowers_hardfirst_seed1_k5,5,82,向日葵 / sunflower (82),36,hamster,hamster (36),80.0,False,False,False
flowers,花卉,hardfirst,flowers_hardfirst_seed1_k5,5,82,向日葵 / sunflower (82),37,house,house (37),77.0,False,False,False
flowers,花卉,hardfirst,flowers_hardfirst_seed1_k5,5,82,向日葵 / sunflower (82),38,kangaroo,袋鼠 / kangaroo (38),63.0,False,False,False
flowers,花卉,hardfirst,flowers_hardfirst_seed1_k5,5,82,向日葵 / sunflower (82),39,keyboard,keyboard (39),80.0,False,False,False
flowers,花卉,hardfirst,flowers_hardfirst_seed1_k5,5,82,向日葵 / sunflower (82),40,lamp,lamp (40),60.0,False,False,False
flowers,花卉,hardfirst,flowers_hardfirst_seed1_k5,5,82,向日葵 / sunflower (82),41,lawn_mower,lawn_mower (41),90.0,False,False,False
flowers,花卉,hardfirst,flowers_hardfirst_seed1_k5,5,82,向日葵 / sunflower (82),42,leopard,leopard (42),73.0,False,False,False
flowers,花卉,hardfirst,flowers_hardfirst_seed1_k5,5,82,向日葵 / sunflower (82),43,lion,lion (43),83.0,False,False,False
flowers,花卉,hardfirst,flowers_hardfirst_seed1_k5,5,82,向日葵 / sunflower (82),44,lizard,lizard (44),45.0,False,False,False
flowers,花卉,hardfirst,flowers_hardfirst_seed1_k5,5,82,向日葵 / sunflower (82),45,lobster,lobster (45),63.0,False,False,False
flowers,花卉,hardfirst,flowers_hardfirst_seed1_k5,5,82,向日葵 / sunflower (82),46,man,man (46),49.0,False,False,False
flowers,花卉,hardfirst,flowers_hardfirst_seed1_k5,5,82,向日葵 / sunflower (82),47,maple_tree,maple_tree (47),68.0,False,False,False
flowers,花卉,hardfirst,flowers_hardfirst_seed1_k5,5,82,向日葵 / sunflower (82),48,motorcycle,摩托車 / motorcycle (48),93.0,False,False,False
flowers,花卉,hardfirst,flowers_hardfirst_seed1_k5,5,82,向日葵 / sunflower (82),49,mountain,mountain (49),85.0,False,False,False
flowers,花卉,hardfirst,flowers_hardfirst_seed1_k5,5,82,向日葵 / sunflower (82),50,mouse,mouse (50),51.0,False,False,False
flowers,花卉,hardfirst,flowers_hardfirst_seed1_k5,5,82,向日葵 / sunflower (82),51,mushroom,mushroom (51),70.0,False,False,False
flowers,花卉,hardfirst,flowers_hardfirst_seed1_k5,5,82,向日葵 / sunflower (82),52,oak_tree,oak_tree (52),64.0,False,False,False
flowers,花卉,hardfirst,flowers_hardfirst_seed1_k5,5,82,向日葵 / sunflower (82),53,orange,orange (53),90.0,False,False,False
flowers,花卉,hardfirst,flowers_hardfirst_seed1_k5,5,82,向日葵 / sunflower (82),54,orchid,蘭花 / orchid (54),0.0,True,False,True
flowers,花卉,hardfirst,flowers_hardfirst_seed1_k5,5,82,向日葵 / sunflower (82),55,otter,otter (55),41.0,False,False,False
flowers,花卉,hardfirst,flowers_hardfirst_seed1_k5,5,82,向日葵 / sunflower (82),56,palm_tree,palm_tree (56),88.0,False,False,False
flowers,花卉,hardfirst,flowers_hardfirst_seed1_k5,5,82,向日葵 / sunflower (82),57,pear,pear (57),77.0,False,False,False
flowers,花卉,hardfirst,flowers_hardfirst_seed1_k5,5,82,向日葵 / sunflower (82),58,pickup_truck,皮卡車 / pickup_truck (58),86.0,False,False,False
flowers,花卉,hardfirst,flowers_hardfirst_seed1_k5,5,82,向日葵 / sunflower (82),59,pine_tree,pine_tree (59),69.0,False,False,False
flowers,花卉,hardfirst,flowers_hardfirst_seed1_k5,5,82,向日葵 / sunflower (82),60,plain,plain (60),87.0,False,False,False
flowers,花卉,hardfirst,flowers_hardfirst_seed1_k5,5,82,向日葵 / sunflower (82),61,plate,plate (61),66.0,False,False,False
flowers,花卉,hardfirst,flowers_hardfirst_seed1_k5,5,82,向日葵 / sunflower (82),62,poppy,罌粟花 / poppy (62),0.0,True,False,True
flowers,花卉,hardfirst,flowers_hardfirst_seed1_k5,5,82,向日葵 / sunflower (82),63,porcupine,porcupine (63),72.0,False,False,False
flowers,花卉,hardfirst,flowers_hardfirst_seed1_k5,5,82,向日葵 / sunflower (82),64,possum,possum (64),51.0,False,False,False
flowers,花卉,hardfirst,flowers_hardfirst_seed1_k5,5,82,向日葵 / sunflower (82),65,rabbit,rabbit (65),58.0,False,False,False
flowers,花卉,hardfirst,flowers_hardfirst_seed1_k5,5,82,向日葵 / sunflower (82),66,raccoon,raccoon (66),79.0,False,False,False
flowers,花卉,hardfirst,flowers_hardfirst_seed1_k5,5,82,向日葵 / sunflower (82),67,ray,ray (67),58.0,False,False,False
flowers,花卉,hardfirst,flowers_hardfirst_seed1_k5,5,82,向日葵 / sunflower (82),68,road,road (68),94.0,False,False,False
flowers,花卉,hardfirst,flowers_hardfirst_seed1_k5,5,82,向日葵 / sunflower (82),69,rocket,rocket (69),80.0,False,False,False
flowers,花卉,hardfirst,flowers_hardfirst_seed1_k5,5,82,向日葵 / sunflower (82),70,rose,玫瑰 / rose (70),0.0,True,False,True
flowers,花卉,hardfirst,flowers_hardfirst_seed1_k5,5,82,向日葵 / sunflower (82),71,sea,sea (71),80.0,False,False,False
flowers,花卉,hardfirst,flowers_hardfirst_seed1_k5,5,82,向日葵 / sunflower (82),72,seal,seal (72),46.0,False,False,False
flowers,花卉,hardfirst,flowers_hardfirst_seed1_k5,5,82,向日葵 / sunflower (82),73,shark,shark (73),56.0,False,False,False
flowers,花卉,hardfirst,flowers_hardfirst_seed1_k5,5,82,向日葵 / sunflower (82),74,shrew,shrew (74),51.0,False,False,False
flowers,花卉,hardfirst,flowers_hardfirst_seed1_k5,5,82,向日葵 / sunflower (82),75,skunk,skunk (75),90.0,False,False,False
flowers,花卉,hardfirst,flowers_hardfirst_seed1_k5,5,82,向日葵 / sunflower (82),76,skyscraper,skyscraper (76),88.0,False,False,False
flowers,花卉,hardfirst,flowers_hardfirst_seed1_k5,5,82,向日葵 / sunflower (82),77,snail,snail (77),65.0,False,False,False
flowers,花卉,hardfirst,flowers_hardfirst_seed1_k5,5,82,向日葵 / sunflower (82),78,snake,snake (78),62.0,False,False,False
flowers,花卉,hardfirst,flowers_hardfirst_seed1_k5,5,82,向日葵 / sunflower (82),79,spider,spider (79),72.0,False,False,False
flowers,花卉,hardfirst,flowers_hardfirst_seed1_k5,5,82,向日葵 / sunflower (82),80,squirrel,squirrel (80),54.0,False,False,False
flowers,花卉,hardfirst,flowers_hardfirst_seed1_k5,5,82,向日葵 / sunflower (82),81,streetcar,streetcar (81),73.0,False,False,False
flowers,花卉,hardfirst,flowers_hardfirst_seed1_k5,5,82,向日葵 / sunflower (82),82,sunflower,向日葵 / sunflower (82),0.0,True,True,True
flowers,花卉,hardfirst,flowers_hardfirst_seed1_k5,5,82,向日葵 / sunflower (82),83,sweet_pepper,sweet_pepper (83),69.0,False,False,False
flowers,花卉,hardfirst,flowers_hardfirst_seed1_k5,5,82,向日葵 / sunflower (82),84,table,table (84),66.0,False,False,False
flowers,花卉,hardfirst,flowers_hardfirst_seed1_k5,5,82,向日葵 / sunflower (82),85,tank,tank (85),75.0,False,False,False
flowers,花卉,hardfirst,flowers_hardfirst_seed1_k5,5,82,向日葵 / sunflower (82),86,telephone,telephone (86),69.0,False,False,False
flowers,花卉,hardfirst,flowers_hardfirst_seed1_k5,5,82,向日葵 / sunflower (82),87,television,television (87),78.0,False,False,False
flowers,花卉,hardfirst,flowers_hardfirst_seed1_k5,5,82,向日葵 / sunflower (82),88,tiger,tiger (88),80.0,False,False,False
flowers,花卉,hardfirst,flowers_hardfirst_seed1_k5,5,82,向日葵 / sunflower (82),89,tractor,tractor (89),81.0,False,False,False
flowers,花卉,hardfirst,flowers_hardfirst_seed1_k5,5,82,向日葵 / sunflower (82),90,train,火車 / train (90),85.0,False,False,False
flowers,花卉,hardfirst,flowers_hardfirst_seed1_k5,5,82,向日葵 / sunflower (82),91,trout,trout (91),78.0,False,False,False
flowers,花卉,hardfirst,flowers_hardfirst_seed1_k5,5,82,向日葵 / sunflower (82),92,tulip,鬱金香 / tulip (92),0.0,True,False,True
flowers,花卉,hardfirst,flowers_hardfirst_seed1_k5,5,82,向日葵 / sunflower (82),93,turtle,turtle (93),56.0,False,False,False
flowers,花卉,hardfirst,flowers_hardfirst_seed1_k5,5,82,向日葵 / sunflower (82),94,wardrobe,wardrobe (94),91.0,False,False,False
flowers,花卉,hardfirst,flowers_hardfirst_seed1_k5,5,82,向日葵 / sunflower (82),95,whale,whale (95),75.0,False,False,False
flowers,花卉,hardfirst,flowers_hardfirst_seed1_k5,5,82,向日葵 / sunflower (82),96,willow_tree,willow_tree (96),62.0,False,False,False
flowers,花卉,hardfirst,flowers_hardfirst_seed1_k5,5,82,向日葵 / sunflower (82),97,wolf,wolf (97),76.0,False,False,False
flowers,花卉,hardfirst,flowers_hardfirst_seed1_k5,5,82,向日葵 / sunflower (82),98,woman,woman (98),44.0,False,False,False
flowers,花卉,hardfirst,flowers_hardfirst_seed1_k5,5,82,向日葵 / sunflower (82),99,worm,worm (99),72.0,False,False,False
