run_id,order_type,step,class_id,class,accuracy,is_target,is_forgotten_so_far
four_coarse_clustered_seed1_k20,clustered,1,0,apple (0),89.0,False,False
four_coarse_clustered_seed1_k20,clustered,1,1,aquarium_fish (1),80.0,False,False
four_coarse_clustered_seed1_k20,clustered,1,2,baby (2),53.0,False,False
four_coarse_clustered_seed1_k20,clustered,1,3,bear (3),49.0,False,False
four_coarse_clustered_seed1_k20,clustered,1,4,beaver (4),56.0,False,False
four_coarse_clustered_seed1_k20,clustered,1,5,bed (5),67.0,False,False
four_coarse_clustered_seed1_k20,clustered,1,6,bee (6),79.0,False,False
four_coarse_clustered_seed1_k20,clustered,1,7,beetle (7),76.0,False,False
four_coarse_clustered_seed1_k20,clustered,1,8,腳踏車 / bicycle (8),0.0,True,True
four_coarse_clustered_seed1_k20,clustered,1,9,bottle (9),79.0,False,False
four_coarse_clustered_seed1_k20,clustered,1,10,bowl (10),47.0,False,False
four_coarse_clustered_seed1_k20,clustered,1,11,boy (11),47.0,False,False
four_coarse_clustered_seed1_k20,clustered,1,12,橋 / bridge (12),79.0,True,False
four_coarse_clustered_seed1_k20,clustered,1,13,公車 / bus (13),66.0,True,False
four_coarse_clustered_seed1_k20,clustered,1,14,butterfly (14),53.0,False,False
four_coarse_clustered_seed1_k20,clustered,1,15,駱駝 / camel (15),76.0,True,False
four_coarse_clustered_seed1_k20,clustered,1,16,can (16),77.0,False,False
four_coarse_clustered_seed1_k20,clustered,1,17,城堡 / castle (17),80.0,True,False
four_coarse_clustered_seed1_k20,clustered,1,18,caterpillar (18),61.0,False,False
four_coarse_clustered_seed1_k20,clustered,1,19,牛 / cattle (19),65.0,True,False
four_coarse_clustered_seed1_k20,clustered,1,20,chair (20),84.0,False,False
four_coarse_clustered_seed1_k20,clustered,1,21,黑猩猩 / chimpanzee (21),85.0,True,False
four_coarse_clustered_seed1_k20,clustered,1,22,clock (22),68.0,False,False
four_coarse_clustered_seed1_k20,clustered,1,23,雲 / cloud (23),81.0,True,False
four_coarse_clustered_seed1_k20,clustered,1,24,cockroach (24),76.0,False,False
four_coarse_clustered_seed1_k20,clustered,1,25,couch (25),53.0,False,False
four_coarse_clustered_seed1_k20,clustered,1,26,crab (26),60.0,False,False
four_coarse_clustered_seed1_k20,clustered,1,27,crocodile (27),58.0,False,False
four_coarse_clustered_seed1_k20,clustered,1,28,cup (28),75.0,False,False
four_coarse_clustered_seed1_k20,clustered,1,29,dinosaur (29),66.0,False,False
four_coarse_clustered_seed1_k20,clustered,1,30,dolphin (30),66.0,False,False
four_coarse_clustered_seed1_k20,clustered,1,31,大象 / elephant (31),65.0,True,False
four_coarse_clustered_seed1_k20,clustered,1,32,flatfish (32),62.0,False,False
four_coarse_clustered_seed1_k20,clustered,1,33,森林 / forest (33),60.0,True,False
four_coarse_clustered_seed1_k20,clustered,1,34,fox (34),77.0,False,False
four_coarse_clustered_seed1_k20,clustered,1,35,girl (35),49.0,False,False
four_coarse_clustered_seed1_k20,clustered,1,36,hamster (36),82.0,False,False
four_coarse_clustered_seed1_k20,clustered,1,37,房子 / house (37),76.0,True,False
four_coarse_clustered_seed1_k20,clustered,1,38,袋鼠 / kangaroo (38),62.0,True,False
four_coarse_clustered_seed1_k20,clustered,1,39,keyboard (39),78.0,False,False
four_coarse_clustered_seed1_k20,clustered,1,40,lamp (40),62.0,False,False
four_coarse_clustered_seed1_k20,clustered,1,41,lawn_mower (41),88.0,False,False
four_coarse_clustered_seed1_k20,clustered,1,42,leopard (42),73.0,False,False
four_coarse_clustered_seed1_k20,clustered,1,43,lion (43),85.0,False,False
four_coarse_clustered_seed1_k20,clustered,1,44,lizard (44),45.0,False,False
four_coarse_clustered_seed1_k20,clustered,1,45,lobster (45),63.0,False,False
four_coarse_clustered_seed1_k20,clustered,1,46,man (46),50.0,False,False
four_coarse_clustered_seed1_k20,clustered,1,47,maple_tree (47),67.0,False,False
four_coarse_clustered_seed1_k20,clustered,1,48,摩托車 / motorcycle (48),91.0,True,False
four_coarse_clustered_seed1_k20,clustered,1,49,山 / mountain (49),83.0,True,False
four_coarse_clustered_seed1_k20,clustered,1,50,mouse (50),57.0,False,False
four_coarse_clustered_seed1_k20,clustered,1,51,mushroom (51),69.0,False,False
four_coarse_clustered_seed1_k20,clustered,1,52,oak_tree (52),66.0,False,False
four_coarse_clustered_seed1_k20,clustered,1,53,orange (53),90.0,False,False
four_coarse_clustered_seed1_k20,clustered,1,54,orchid (54),82.0,False,False
four_coarse_clustered_seed1_k20,clustered,1,55,otter (55),39.0,False,False
four_coarse_clustered_seed1_k20,clustered,1,56,palm_tree (56),84.0,False,False
four_coarse_clustered_seed1_k20,clustered,1,57,pear (57),78.0,False,False
four_coarse_clustered_seed1_k20,clustered,1,58,皮卡車 / pickup_truck (58),86.0,True,False
four_coarse_clustered_seed1_k20,clustered,1,59,pine_tree (59),69.0,False,False
four_coarse_clustered_seed1_k20,clustered,1,60,平原 / plain (60),86.0,True,False
four_coarse_clustered_seed1_k20,clustered,1,61,plate (61),65.0,False,False
four_coarse_clustered_seed1_k20,clustered,1,62,poppy (62),80.0,False,False
four_coarse_clustered_seed1_k20,clustered,1,63,porcupine (63),69.0,False,False
four_coarse_clustered_seed1_k20,clustered,1,64,possum (64),51.0,False,False
four_coarse_clustered_seed1_k20,clustered,1,65,rabbit (65),58.0,False,False
four_coarse_clustered_seed1_k20,clustered,1,66,raccoon (66),81.0,False,False
four_coarse_clustered_seed1_k20,clustered,1,67,ray (67),56.0,False,False
four_coarse_clustered_seed1_k20,clustered,1,68,道路 / road (68),94.0,True,False
four_coarse_clustered_seed1_k20,clustered,1,69,rocket (69),80.0,False,False
four_coarse_clustered_seed1_k20,clustered,1,70,rose (70),72.0,False,False
four_coarse_clustered_seed1_k20,clustered,1,71,海 / sea (71),78.0,True,False
four_coarse_clustered_seed1_k20,clustered,1,72,seal (72),46.0,False,False
four_coarse_clustered_seed1_k20,clustered,1,73,shark (73),58.0,False,False
four_coarse_clustered_seed1_k20,clustered,1,74,shrew (74),50.0,False,False
four_coarse_clustered_seed1_k20,clustered,1,75,skunk (75),89.0,False,False
four_coarse_clustered_seed1_k20,clustered,1,76,摩天大樓 / skyscraper (76),90.0,True,False
four_coarse_clustered_seed1_k20,clustered,1,77,snail (77),64.0,False,False
four_coarse_clustered_seed1_k20,clustered,1,78,snake (78),59.0,False,False
four_coarse_clustered_seed1_k20,clustered,1,79,spider (79),69.0,False,False
four_coarse_clustered_seed1_k20,clustered,1,80,squirrel (80),52.0,False,False
four_coarse_clustered_seed1_k20,clustered,1,81,streetcar (81),72.0,False,False
four_coarse_clustered_seed1_k20,clustered,1,82,sunflower (82),91.0,False,False
four_coarse_clustered_seed1_k20,clustered,1,83,sweet_pepper (83),67.0,False,False
four_coarse_clustered_seed1_k20,clustered,1,84,table (84),68.0,False,False
four_coarse_clustered_seed1_k20,clustered,1,85,tank (85),71.0,False,False
four_coarse_clustered_seed1_k20,clustered,1,86,telephone (86),68.0,False,False
four_coarse_clustered_seed1_k20,clustered,1,87,television (87),79.0,False,False
four_coarse_clustered_seed1_k20,clustered,1,88,tiger (88),79.0,False,False
four_coarse_clustered_seed1_k20,clustered,1,89,tractor (89),84.0,False,False
four_coarse_clustered_seed1_k20,clustered,1,90,火車 / train (90),82.0,True,False
four_coarse_clustered_seed1_k20,clustered,1,91,trout (91),76.0,False,False
four_coarse_clustered_seed1_k20,clustered,1,92,tulip (92),61.0,False,False
four_coarse_clustered_seed1_k20,clustered,1,93,turtle (93),57.0,False,False
four_coarse_clustered_seed1_k20,clustered,1,94,wardrobe (94),91.0,False,False
four_coarse_clustered_seed1_k20,clustered,1,95,whale (95),73.0,False,False
four_coarse_clustered_seed1_k20,clustered,1,96,willow_tree (96),62.0,False,False
four_coarse_clustered_seed1_k20,clustered,1,97,wolf (97),76.0,False,False
four_coarse_clustered_seed1_k20,clustered,1,98,woman (98),53.0,False,False
four_coarse_clustered_seed1_k20,clustered,1,99,worm (99),70.0,False,False
four_coarse_clustered_seed1_k20,clustered,2,0,apple (0),89.0,False,False
four_coarse_clustered_seed1_k20,clustered,2,1,aquarium_fish (1),79.0,False,False
four_coarse_clustered_seed1_k20,clustered,2,2,baby (2),62.0,False,False
four_coarse_clustered_seed1_k20,clustered,2,3,bear (3),52.0,False,False
four_coarse_clustered_seed1_k20,clustered,2,4,beaver (4),58.0,False,False
four_coarse_clustered_seed1_k20,clustered,2,5,bed (5),71.0,False,False
four_coarse_clustered_seed1_k20,clustered,2,6,bee (6),77.0,False,False
four_coarse_clustered_seed1_k20,clustered,2,7,beetle (7),70.0,False,False
four_coarse_clustered_seed1_k20,clustered,2,8,腳踏車 / bicycle (8),22.0,True,True
four_coarse_clustered_seed1_k20,clustered,2,9,bottle (9),78.0,False,False
four_coarse_clustered_seed1_k20,clustered,2,10,bowl (10),49.0,False,False
four_coarse_clustered_seed1_k20,clustered,2,11,boy (11),45.0,False,False
four_coarse_clustered_seed1_k20,clustered,2,12,橋 / bridge (12),77.0,True,False
four_coarse_clustered_seed1_k20,clustered,2,13,公車 / bus (13),0.0,True,True
four_coarse_clustered_seed1_k20,clustered,2,14,butterfly (14),53.0,False,False
four_coarse_clustered_seed1_k20,clustered,2,15,駱駝 / camel (15),76.0,True,False
four_coarse_clustered_seed1_k20,clustered,2,16,can (16),76.0,False,False
four_coarse_clustered_seed1_k20,clustered,2,17,城堡 / castle (17),81.0,True,False
four_coarse_clustered_seed1_k20,clustered,2,18,caterpillar (18),63.0,False,False
four_coarse_clustered_seed1_k20,clustered,2,19,牛 / cattle (19),64.0,True,False
four_coarse_clustered_seed1_k20,clustered,2,20,chair (20),85.0,False,False
four_coarse_clustered_seed1_k20,clustered,2,21,黑猩猩 / chimpanzee (21),85.0,True,False
four_coarse_clustered_seed1_k20,clustered,2,22,clock (22),68.0,False,False
four_coarse_clustered_seed1_k20,clustered,2,23,雲 / cloud (23),82.0,True,False
four_coarse_clustered_seed1_k20,clustered,2,24,cockroach (24),79.0,False,False
four_coarse_clustered_seed1_k20,clustered,2,25,couch (25),52.0,False,False
four_coarse_clustered_seed1_k20,clustered,2,26,crab (26),63.0,False,False
four_coarse_clustered_seed1_k20,clustered,2,27,crocodile (27),54.0,False,False
four_coarse_clustered_seed1_k20,clustered,2,28,cup (28),74.0,False,False
four_coarse_clustered_seed1_k20,clustered,2,29,dinosaur (29),68.0,False,False
four_coarse_clustered_seed1_k20,clustered,2,30,dolphin (30),70.0,False,False
four_coarse_clustered_seed1_k20,clustered,2,31,大象 / elephant (31),65.0,True,False
four_coarse_clustered_seed1_k20,clustered,2,32,flatfish (32),65.0,False,False
four_coarse_clustered_seed1_k20,clustered,2,33,森林 / forest (33),60.0,True,False
four_coarse_clustered_seed1_k20,clustered,2,34,fox (34),75.0,False,False
four_coarse_clustered_seed1_k20,clustered,2,35,girl (35),51.0,False,False
four_coarse_clustered_seed1_k20,clustered,2,36,hamster (36),80.0,False,False
four_coarse_clustered_seed1_k20,clustered,2,37,房子 / house (37),79.0,True,False
four_coarse_clustered_seed1_k20,clustered,2,38,袋鼠 / kangaroo (38),64.0,True,False
four_coarse_clustered_seed1_k20,clustered,2,39,keyboard (39),78.0,False,False
four_coarse_clustered_seed1_k20,clustered,2,40,lamp (40),65.0,False,False
four_coarse_clustered_seed1_k20,clustered,2,41,lawn_mower (41),88.0,False,False
four_coarse_clustered_seed1_k20,clustered,2,42,leopard (42),74.0,False,False
four_coarse_clustered_seed1_k20,clustered,2,43,lion (43),83.0,False,False
four_coarse_clustered_seed1_k20,clustered,2,44,lizard (44),50.0,False,False
four_coarse_clustered_seed1_k20,clustered,2,45,lobster (45),65.0,False,False
four_coarse_clustered_seed1_k20,clustered,2,46,man (46),50.0,False,False
four_coarse_clustered_seed1_k20,clustered,2,47,maple_tree (47),63.0,False,False
four_coarse_clustered_seed1_k20,clustered,2,48,摩托車 / motorcycle (48),93.0,True,False
four_coarse_clustered_seed1_k20,clustered,2,49,山 / mountain (49),84.0,True,False
four_coarse_clustered_seed1_k20,clustered,2,50,mouse (50),51.0,False,False
four_coarse_clustered_seed1_k20,clustered,2,51,mushroom (51),68.0,False,False
four_coarse_clustered_seed1_k20,clustered,2,52,oak_tree (52),64.0,False,False
four_coarse_clustered_seed1_k20,clustered,2,53,orange (53),88.0,False,False
four_coarse_clustered_seed1_k20,clustered,2,54,orchid (54),83.0,False,False
four_coarse_clustered_seed1_k20,clustered,2,55,otter (55),41.0,False,False
four_coarse_clustered_seed1_k20,clustered,2,56,palm_tree (56),86.0,False,False
four_coarse_clustered_seed1_k20,clustered,2,57,pear (57),76.0,False,False
four_coarse_clustered_seed1_k20,clustered,2,58,皮卡車 / pickup_truck (58),90.0,True,False
four_coarse_clustered_seed1_k20,clustered,2,59,pine_tree (59),70.0,False,False
four_coarse_clustered_seed1_k20,clustered,2,60,平原 / plain (60),88.0,True,False
four_coarse_clustered_seed1_k20,clustered,2,61,plate (61),68.0,False,False
four_coarse_clustered_seed1_k20,clustered,2,62,poppy (62),81.0,False,False
four_coarse_clustered_seed1_k20,clustered,2,63,porcupine (63),70.0,False,False
four_coarse_clustered_seed1_k20,clustered,2,64,possum (64),52.0,False,False
four_coarse_clustered_seed1_k20,clustered,2,65,rabbit (65),58.0,False,False
four_coarse_clustered_seed1_k20,clustered,2,66,raccoon (66),80.0,False,False
four_coarse_clustered_seed1_k20,clustered,2,67,ray (67),57.0,False,False
four_coarse_clustered_seed1_k20,clustered,2,68,道路 / road (68),92.0,True,False
four_coarse_clustered_seed1_k20,clustered,2,69,rocket (69),78.0,False,False
four_coarse_clustered_seed1_k20,clustered,2,70,rose (70),73.0,False,False
four_coarse_clustered_seed1_k20,clustered,2,71,海 / sea (71),79.0,True,False
four_coarse_clustered_seed1_k20,clustered,2,72,seal (72),45.0,False,False
four_coarse_clustered_seed1_k20,clustered,2,73,shark (73),58.0,False,False
four_coarse_clustered_seed1_k20,clustered,2,74,shrew (74),50.0,False,False
four_coarse_clustered_seed1_k20,clustered,2,75,skunk (75),89.0,False,False
four_coarse_clustered_seed1_k20,clustered,2,76,摩天大樓 / skyscraper (76),89.0,True,False
four_coarse_clustered_seed1_k20,clustered,2,77,snail (77),62.0,False,False
four_coarse_clustered_seed1_k20,clustered,2,78,snake (78),60.0,False,False
four_coarse_clustered_seed1_k20,clustered,2,79,spider (79),73.0,False,False
four_coarse_clustered_seed1_k20,clustered,2,80,squirrel (80),56.0,False,False
four_coarse_clustered_seed1_k20,clustered,2,81,streetcar (81),81.0,False,False
four_coarse_clustered_seed1_k20,clustered,2,82,sunflower (82),94.0,False,False
four_coarse_clustered_seed1_k20,clustered,2,83,sweet_pepper (83),68.0,False,False
four_coarse_clustered_seed1_k20,clustered,2,84,table (84),70.0,False,False
four_coarse_clustered_seed1_k20,clustered,2,85,tank (85),71.0,False,False
four_coarse_clustered_seed1_k20,clustered,2,86,telephone (86),66.0,False,False
four_coarse_clustered_seed1_k20,clustered,2,87,television (87),83.0,False,False
four_coarse_clustered_seed1_k20,clustered,2,88,tiger (88),77.0,False,False
four_coarse_clustered_seed1_k20,clustered,2,89,tractor (89),83.0,False,False
four_coarse_clustered_seed1_k20,clustered,2,90,火車 / train (90),81.0,True,False
four_coarse_clustered_seed1_k20,clustered,2,91,trout (91),76.0,False,False
four_coarse_clustered_seed1_k20,clustered,2,92,tulip (92),60.0,False,False
four_coarse_clustered_seed1_k20,clustered,2,93,turtle (93),57.0,False,False
four_coarse_clustered_seed1_k20,clustered,2,94,wardrobe (94),91.0,False,False
four_coarse_clustered_seed1_k20,clustered,2,95,whale (95),74.0,False,False
four_coarse_clustered_seed1_k20,clustered,2,96,willow_tree (96),63.0,False,False
four_coarse_clustered_seed1_k20,clustered,2,97,wolf (97),76.0,False,False
four_coarse_clustered_seed1_k20,clustered,2,98,woman (98),47.0,False,False
four_coarse_clustered_seed1_k20,clustered,2,99,worm (99),70.0,False,False
four_coarse_clustered_seed1_k20,clustered,3,0,apple (0),89.0,False,False
four_coarse_clustered_seed1_k20,clustered,3,1,aquarium_fish (1),81.0,False,False
four_coarse_clustered_seed1_k20,clustered,3,2,baby (2),61.0,False,False
four_coarse_clustered_seed1_k20,clustered,3,3,bear (3),51.0,False,False
four_coarse_clustered_seed1_k20,clustered,3,4,beaver (4),55.0,False,False
four_coarse_clustered_seed1_k20,clustered,3,5,bed (5),74.0,False,False
four_coarse_clustered_seed1_k20,clustered,3,6,bee (6),80.0,False,False
four_coarse_clustered_seed1_k20,clustered,3,7,beetle (7),75.0,False,False
four_coarse_clustered_seed1_k20,clustered,3,8,腳踏車 / bicycle (8),29.0,True,True
four_coarse_clustered_seed1_k20,clustered,3,9,bottle (9),82.0,False,False
four_coarse_clustered_seed1_k20,clustered,3,10,bowl (10),49.0,False,False
four_coarse_clustered_seed1_k20,clustered,3,11,boy (11),48.0,False,False
four_coarse_clustered_seed1_k20,clustered,3,12,橋 / bridge (12),76.0,True,False
four_coarse_clustered_seed1_k20,clustered,3,13,公車 / bus (13),0.0,True,True
four_coarse_clustered_seed1_k20,clustered,3,14,butterfly (14),52.0,False,False
four_coarse_clustered_seed1_k20,clustered,3,15,駱駝 / camel (15),75.0,True,False
four_coarse_clustered_seed1_k20,clustered,3,16,can (16),79.0,False,False
four_coarse_clustered_seed1_k20,clustered,3,17,城堡 / castle (17),83.0,True,False
four_coarse_clustered_seed1_k20,clustered,3,18,caterpillar (18),63.0,False,False
four_coarse_clustered_seed1_k20,clustered,3,19,牛 / cattle (19),60.0,True,False
four_coarse_clustered_seed1_k20,clustered,3,20,chair (20),86.0,False,False
four_coarse_clustered_seed1_k20,clustered,3,21,黑猩猩 / chimpanzee (21),87.0,True,False
four_coarse_clustered_seed1_k20,clustered,3,22,clock (22),67.0,False,False
four_coarse_clustered_seed1_k20,clustered,3,23,雲 / cloud (23),81.0,True,False
four_coarse_clustered_seed1_k20,clustered,3,24,cockroach (24),78.0,False,False
four_coarse_clustered_seed1_k20,clustered,3,25,couch (25),55.0,False,False
four_coarse_clustered_seed1_k20,clustered,3,26,crab (26),62.0,False,False
four_coarse_clustered_seed1_k20,clustered,3,27,crocodile (27),56.0,False,False
four_coarse_clustered_seed1_k20,clustered,3,28,cup (28),74.0,False,False
four_coarse_clustered_seed1_k20,clustered,3,29,dinosaur (29),65.0,False,False
four_coarse_clustered_seed1_k20,clustered,3,30,dolphin (30),67.0,False,False
four_coarse_clustered_seed1_k20,clustered,3,31,大象 / elephant (31),67.0,True,False
four_coarse_clustered_seed1_k20,clustered,3,32,flatfish (32),63.0,False,False
four_coarse_clustered_seed1_k20,clustered,3,33,森林 / forest (33),61.0,True,False
four_coarse_clustered_seed1_k20,clustered,3,34,fox (34),74.0,False,False
four_coarse_clustered_seed1_k20,clustered,3,35,girl (35),48.0,False,False
four_coarse_clustered_seed1_k20,clustered,3,36,hamster (36),78.0,False,False
four_coarse_clustered_seed1_k20,clustered,3,37,房子 / house (37),80.0,True,False
four_coarse_clustered_seed1_k20,clustered,3,38,袋鼠 / kangaroo (38),64.0,True,False
four_coarse_clustered_seed1_k20,clustered,3,39,keyboard (39),78.0,False,False
four_coarse_clustered_seed1_k20,clustered,3,40,lamp (40),63.0,False,False
four_coarse_clustered_seed1_k20,clustered,3,41,lawn_mower (41),87.0,False,False
four_coarse_clustered_seed1_k20,clustered,3,42,leopard (42),72.0,False,False
four_coarse_clustered_seed1_k20,clustered,3,43,lion (43),82.0,False,False
four_coarse_clustered_seed1_k20,clustered,3,44,lizard (44),45.0,False,False
four_coarse_clustered_seed1_k20,clustered,3,45,lobster (45),65.0,False,False
four_coarse_clustered_seed1_k20,clustered,3,46,man (46),50.0,False,False
four_coarse_clustered_seed1_k20,clustered,3,47,maple_tree (47),65.0,False,False
four_coarse_clustered_seed1_k20,clustered,3,48,摩托車 / motorcycle (48),0.0,True,True
four_coarse_clustered_seed1_k20,clustered,3,49,山 / mountain (49),84.0,True,False
four_coarse_clustered_seed1_k20,clustered,3,50,mouse (50),53.0,False,False
four_coarse_clustered_seed1_k20,clustered,3,51,mushroom (51),70.0,False,False
four_coarse_clustered_seed1_k20,clustered,3,52,oak_tree (52),68.0,False,False
four_coarse_clustered_seed1_k20,clustered,3,53,orange (53),90.0,False,False
four_coarse_clustered_seed1_k20,clustered,3,54,orchid (54),83.0,False,False
four_coarse_clustered_seed1_k20,clustered,3,55,otter (55),41.0,False,False
four_coarse_clustered_seed1_k20,clustered,3,56,palm_tree (56),88.0,False,False
four_coarse_clustered_seed1_k20,clustered,3,57,pear (57),76.0,False,False
four_coarse_clustered_seed1_k20,clustered,3,58,皮卡車 / pickup_truck (58),88.0,True,False
four_coarse_clustered_seed1_k20,clustered,3,59,pine_tree (59),71.0,False,False
four_coarse_clustered_seed1_k20,clustered,3,60,平原 / plain (60),86.0,True,False
four_coarse_clustered_seed1_k20,clustered,3,61,plate (61),67.0,False,False
four_coarse_clustered_seed1_k20,clustered,3,62,poppy (62),81.0,False,False
four_coarse_clustered_seed1_k20,clustered,3,63,porcupine (63),70.0,False,False
four_coarse_clustered_seed1_k20,clustered,3,64,possum (64),52.0,False,False
four_coarse_clustered_seed1_k20,clustered,3,65,rabbit (65),57.0,False,False
four_coarse_clustered_seed1_k20,clustered,3,66,raccoon (66),79.0,False,False
four_coarse_clustered_seed1_k20,clustered,3,67,ray (67),57.0,False,False
four_coarse_clustered_seed1_k20,clustered,3,68,道路 / road (68),92.0,True,False
four_coarse_clustered_seed1_k20,clustered,3,69,rocket (69),78.0,False,False
four_coarse_clustered_seed1_k20,clustered,3,70,rose (70),73.0,False,False
four_coarse_clustered_seed1_k20,clustered,3,71,海 / sea (71),78.0,True,False
four_coarse_clustered_seed1_k20,clustered,3,72,seal (72),46.0,False,False
four_coarse_clustered_seed1_k20,clustered,3,73,shark (73),58.0,False,False
four_coarse_clustered_seed1_k20,clustered,3,74,shrew (74),50.0,False,False
four_coarse_clustered_seed1_k20,clustered,3,75,skunk (75),87.0,False,False
four_coarse_clustered_seed1_k20,clustered,3,76,摩天大樓 / skyscraper (76),89.0,True,False
four_coarse_clustered_seed1_k20,clustered,3,77,snail (77),64.0,False,False
four_coarse_clustered_seed1_k20,clustered,3,78,snake (78),62.0,False,False
four_coarse_clustered_seed1_k20,clustered,3,79,spider (79),72.0,False,False
four_coarse_clustered_seed1_k20,clustered,3,80,squirrel (80),54.0,False,False
four_coarse_clustered_seed1_k20,clustered,3,81,streetcar (81),77.0,False,False
four_coarse_clustered_seed1_k20,clustered,3,82,sunflower (82),91.0,False,False
four_coarse_clustered_seed1_k20,clustered,3,83,sweet_pepper (83),67.0,False,False
four_coarse_clustered_seed1_k20,clustered,3,84,table (84),67.0,False,False
four_coarse_clustered_seed1_k20,clustered,3,85,tank (85),72.0,False,False
four_coarse_clustered_seed1_k20,clustered,3,86,telephone (86),67.0,False,False
four_coarse_clustered_seed1_k20,clustered,3,87,television (87),81.0,False,False
four_coarse_clustered_seed1_k20,clustered,3,88,tiger (88),79.0,False,False
four_coarse_clustered_seed1_k20,clustered,3,89,tractor (89),83.0,False,False
four_coarse_clustered_seed1_k20,clustered,3,90,火車 / train (90),84.0,True,False
four_coarse_clustered_seed1_k20,clustered,3,91,trout (91),79.0,False,False
four_coarse_clustered_seed1_k20,clustered,3,92,tulip (92),58.0,False,False
four_coarse_clustered_seed1_k20,clustered,3,93,turtle (93),58.0,False,False
four_coarse_clustered_seed1_k20,clustered,3,94,wardrobe (94),90.0,False,False
four_coarse_clustered_seed1_k20,clustered,3,95,whale (95),73.0,False,False
four_coarse_clustered_seed1_k20,clustered,3,96,willow_tree (96),63.0,False,False
four_coarse_clustered_seed1_k20,clustered,3,97,wolf (97),75.0,False,False
four_coarse_clustered_seed1_k20,clustered,3,98,woman (98),49.0,False,False
four_coarse_clustered_seed1_k20,clustered,3,99,worm (99),72.0,False,False
four_coarse_clustered_seed1_k20,clustered,4,0,apple (0),89.0,False,False
four_coarse_clustered_seed1_k20,clustered,4,1,aquarium_fish (1),79.0,False,False
four_coarse_clustered_seed1_k20,clustered,4,2,baby (2),63.0,False,False
four_coarse_clustered_seed1_k20,clustered,4,3,bear (3),51.0,False,False
four_coarse_clustered_seed1_k20,clustered,4,4,beaver (4),57.0,False,False
four_coarse_clustered_seed1_k20,clustered,4,5,bed (5),75.0,False,False
four_coarse_clustered_seed1_k20,clustered,4,6,bee (6),80.0,False,False
four_coarse_clustered_seed1_k20,clustered,4,7,beetle (7),74.0,False,False
four_coarse_clustered_seed1_k20,clustered,4,8,腳踏車 / bicycle (8),41.0,True,True
four_coarse_clustered_seed1_k20,clustered,4,9,bottle (9),79.0,False,False
four_coarse_clustered_seed1_k20,clustered,4,10,bowl (10),47.0,False,False
four_coarse_clustered_seed1_k20,clustered,4,11,boy (11),51.0,False,False
four_coarse_clustered_seed1_k20,clustered,4,12,橋 / bridge (12),78.0,True,False
four_coarse_clustered_seed1_k20,clustered,4,13,公車 / bus (13),0.0,True,True
four_coarse_clustered_seed1_k20,clustered,4,14,butterfly (14),54.0,False,False
four_coarse_clustered_seed1_k20,clustered,4,15,駱駝 / camel (15),74.0,True,False
four_coarse_clustered_seed1_k20,clustered,4,16,can (16),77.0,False,False
four_coarse_clustered_seed1_k20,clustered,4,17,城堡 / castle (17),84.0,True,False
four_coarse_clustered_seed1_k20,clustered,4,18,caterpillar (18),66.0,False,False
four_coarse_clustered_seed1_k20,clustered,4,19,牛 / cattle (19),64.0,True,False
four_coarse_clustered_seed1_k20,clustered,4,20,chair (20),86.0,False,False
four_coarse_clustered_seed1_k20,clustered,4,21,黑猩猩 / chimpanzee (21),85.0,True,False
four_coarse_clustered_seed1_k20,clustered,4,22,clock (22),70.0,False,False
four_coarse_clustered_seed1_k20,clustered,4,23,雲 / cloud (23),82.0,True,False
four_coarse_clustered_seed1_k20,clustered,4,24,cockroach (24),78.0,False,False
four_coarse_clustered_seed1_k20,clustered,4,25,couch (25),55.0,False,False
four_coarse_clustered_seed1_k20,clustered,4,26,crab (26),62.0,False,False
four_coarse_clustered_seed1_k20,clustered,4,27,crocodile (27),56.0,False,False
four_coarse_clustered_seed1_k20,clustered,4,28,cup (28),72.0,False,False
four_coarse_clustered_seed1_k20,clustered,4,29,dinosaur (29),67.0,False,False
four_coarse_clustered_seed1_k20,clustered,4,30,dolphin (30),71.0,False,False
four_coarse_clustered_seed1_k20,clustered,4,31,大象 / elephant (31),67.0,True,False
four_coarse_clustered_seed1_k20,clustered,4,32,flatfish (32),64.0,False,False
four_coarse_clustered_seed1_k20,clustered,4,33,森林 / forest (33),62.0,True,False
four_coarse_clustered_seed1_k20,clustered,4,34,fox (34),73.0,False,False
four_coarse_clustered_seed1_k20,clustered,4,35,girl (35),49.0,False,False
four_coarse_clustered_seed1_k20,clustered,4,36,hamster (36),83.0,False,False
four_coarse_clustered_seed1_k20,clustered,4,37,房子 / house (37),79.0,True,False
four_coarse_clustered_seed1_k20,clustered,4,38,袋鼠 / kangaroo (38),64.0,True,False
four_coarse_clustered_seed1_k20,clustered,4,39,keyboard (39),79.0,False,False
four_coarse_clustered_seed1_k20,clustered,4,40,lamp (40),65.0,False,False
four_coarse_clustered_seed1_k20,clustered,4,41,lawn_mower (41),88.0,False,False
four_coarse_clustered_seed1_k20,clustered,4,42,leopard (42),73.0,False,False
four_coarse_clustered_seed1_k20,clustered,4,43,lion (43),84.0,False,False
four_coarse_clustered_seed1_k20,clustered,4,44,lizard (44),40.0,False,False
four_coarse_clustered_seed1_k20,clustered,4,45,lobster (45),65.0,False,False
four_coarse_clustered_seed1_k20,clustered,4,46,man (46),51.0,False,False
four_coarse_clustered_seed1_k20,clustered,4,47,maple_tree (47),65.0,False,False
four_coarse_clustered_seed1_k20,clustered,4,48,摩托車 / motorcycle (48),0.0,True,True
four_coarse_clustered_seed1_k20,clustered,4,49,山 / mountain (49),85.0,True,False
four_coarse_clustered_seed1_k20,clustered,4,50,mouse (50),53.0,False,False
four_coarse_clustered_seed1_k20,clustered,4,51,mushroom (51),67.0,False,False
four_coarse_clustered_seed1_k20,clustered,4,52,oak_tree (52),66.0,False,False
four_coarse_clustered_seed1_k20,clustered,4,53,orange (53),89.0,False,False
four_coarse_clustered_seed1_k20,clustered,4,54,orchid (54),82.0,False,False
four_coarse_clustered_seed1_k20,clustered,4,55,otter (55),42.0,False,False
four_coarse_clustered_seed1_k20,clustered,4,56,palm_tree (56),89.0,False,False
four_coarse_clustered_seed1_k20,clustered,4,57,pear (57),77.0,False,False
four_coarse_clustered_seed1_k20,clustered,4,58,皮卡車 / pickup_truck (58),0.0,True,True
four_coarse_clustered_seed1_k20,clustered,4,59,pine_tree (59),69.0,False,False
four_coarse_clustered_seed1_k20,clustered,4,60,平原 / plain (60),85.0,True,False
four_coarse_clustered_seed1_k20,clustered,4,61,plate (61),67.0,False,False
four_coarse_clustered_seed1_k20,clustered,4,62,poppy (62),81.0,False,False
four_coarse_clustered_seed1_k20,clustered,4,63,porcupine (63),68.0,False,False
four_coarse_clustered_seed1_k20,clustered,4,64,possum (64),51.0,False,False
four_coarse_clustered_seed1_k20,clustered,4,65,rabbit (65),56.0,False,False
four_coarse_clustered_seed1_k20,clustered,4,66,raccoon (66),80.0,False,False
four_coarse_clustered_seed1_k20,clustered,4,67,ray (67),57.0,False,False
four_coarse_clustered_seed1_k20,clustered,4,68,道路 / road (68),92.0,True,False
four_coarse_clustered_seed1_k20,clustered,4,69,rocket (69),79.0,False,False
four_coarse_clustered_seed1_k20,clustered,4,70,rose (70),72.0,False,False
four_coarse_clustered_seed1_k20,clustered,4,71,海 / sea (71),80.0,True,False
four_coarse_clustered_seed1_k20,clustered,4,72,seal (72),42.0,False,False
four_coarse_clustered_seed1_k20,clustered,4,73,shark (73),59.0,False,False
four_coarse_clustered_seed1_k20,clustered,4,74,shrew (74),49.0,False,False
four_coarse_clustered_seed1_k20,clustered,4,75,skunk (75),88.0,False,False
four_coarse_clustered_seed1_k20,clustered,4,76,摩天大樓 / skyscraper (76),89.0,True,False
four_coarse_clustered_seed1_k20,clustered,4,77,snail (77),66.0,False,False
four_coarse_clustered_seed1_k20,clustered,4,78,snake (78),61.0,False,False
four_coarse_clustered_seed1_k20,clustered,4,79,spider (79),73.0,False,False
four_coarse_clustered_seed1_k20,clustered,4,80,squirrel (80),53.0,False,False
four_coarse_clustered_seed1_k20,clustered,4,81,streetcar (81),78.0,False,False
four_coarse_clustered_seed1_k20,clustered,4,82,sunflower (82),91.0,False,False
four_coarse_clustered_seed1_k20,clustered,4,83,sweet_pepper (83),68.0,False,False
four_coarse_clustered_seed1_k20,clustered,4,84,table (84),70.0,False,False
four_coarse_clustered_seed1_k20,clustered,4,85,tank (85),74.0,False,False
four_coarse_clustered_seed1_k20,clustered,4,86,telephone (86),67.0,False,False
four_coarse_clustered_seed1_k20,clustered,4,87,television (87),78.0,False,False
four_coarse_clustered_seed1_k20,clustered,4,88,tiger (88),80.0,False,False
four_coarse_clustered_seed1_k20,clustered,4,89,tractor (89),88.0,False,False
four_coarse_clustered_seed1_k20,clustered,4,90,火車 / train (90),84.0,True,False
four_coarse_clustered_seed1_k20,clustered,4,91,trout (91),78.0,False,False
four_coarse_clustered_seed1_k20,clustered,4,92,tulip (92),59.0,False,False
four_coarse_clustered_seed1_k20,clustered,4,93,turtle (93),60.0,False,False
four_coarse_clustered_seed1_k20,clustered,4,94,wardrobe (94),91.0,False,False
four_coarse_clustered_seed1_k20,clustered,4,95,whale (95),73.0,False,False
four_coarse_clustered_seed1_k20,clustered,4,96,willow_tree (96),63.0,False,False
four_coarse_clustered_seed1_k20,clustered,4,97,wolf (97),76.0,False,False
four_coarse_clustered_seed1_k20,clustered,4,98,woman (98),52.0,False,False
four_coarse_clustered_seed1_k20,clustered,4,99,worm (99),73.0,False,False
four_coarse_clustered_seed1_k20,clustered,5,0,apple (0),89.0,False,False
four_coarse_clustered_seed1_k20,clustered,5,1,aquarium_fish (1),80.0,False,False
four_coarse_clustered_seed1_k20,clustered,5,2,baby (2),60.0,False,False
four_coarse_clustered_seed1_k20,clustered,5,3,bear (3),49.0,False,False
four_coarse_clustered_seed1_k20,clustered,5,4,beaver (4),59.0,False,False
four_coarse_clustered_seed1_k20,clustered,5,5,bed (5),74.0,False,False
four_coarse_clustered_seed1_k20,clustered,5,6,bee (6),79.0,False,False
four_coarse_clustered_seed1_k20,clustered,5,7,beetle (7),76.0,False,False
four_coarse_clustered_seed1_k20,clustered,5,8,腳踏車 / bicycle (8),43.0,True,True
four_coarse_clustered_seed1_k20,clustered,5,9,bottle (9),79.0,False,False
four_coarse_clustered_seed1_k20,clustered,5,10,bowl (10),44.0,False,False
four_coarse_clustered_seed1_k20,clustered,5,11,boy (11),47.0,False,False
four_coarse_clustered_seed1_k20,clustered,5,12,橋 / bridge (12),79.0,True,False
four_coarse_clustered_seed1_k20,clustered,5,13,公車 / bus (13),0.0,True,True
four_coarse_clustered_seed1_k20,clustered,5,14,butterfly (14),55.0,False,False
four_coarse_clustered_seed1_k20,clustered,5,15,駱駝 / camel (15),72.0,True,False
four_coarse_clustered_seed1_k20,clustered,5,16,can (16),74.0,False,False
four_coarse_clustered_seed1_k20,clustered,5,17,城堡 / castle (17),83.0,True,False
four_coarse_clustered_seed1_k20,clustered,5,18,caterpillar (18),69.0,False,False
four_coarse_clustered_seed1_k20,clustered,5,19,牛 / cattle (19),65.0,True,False
four_coarse_clustered_seed1_k20,clustered,5,20,chair (20),87.0,False,False
four_coarse_clustered_seed1_k20,clustered,5,21,黑猩猩 / chimpanzee (21),84.0,True,False
four_coarse_clustered_seed1_k20,clustered,5,22,clock (22),67.0,False,False
four_coarse_clustered_seed1_k20,clustered,5,23,雲 / cloud (23),82.0,True,False
four_coarse_clustered_seed1_k20,clustered,5,24,cockroach (24),79.0,False,False
four_coarse_clustered_seed1_k20,clustered,5,25,couch (25),55.0,False,False
four_coarse_clustered_seed1_k20,clustered,5,26,crab (26),67.0,False,False
four_coarse_clustered_seed1_k20,clustered,5,27,crocodile (27),54.0,False,False
four_coarse_clustered_seed1_k20,clustered,5,28,cup (28),74.0,False,False
four_coarse_clustered_seed1_k20,clustered,5,29,dinosaur (29),65.0,False,False
four_coarse_clustered_seed1_k20,clustered,5,30,dolphin (30),68.0,False,False
four_coarse_clustered_seed1_k20,clustered,5,31,大象 / elephant (31),68.0,True,False
four_coarse_clustered_seed1_k20,clustered,5,32,flatfish (32),65.0,False,False
four_coarse_clustered_seed1_k20,clustered,5,33,森林 / forest (33),63.0,True,False
four_coarse_clustered_seed1_k20,clustered,5,34,fox (34),74.0,False,False
four_coarse_clustered_seed1_k20,clustered,5,35,girl (35),49.0,False,False
four_coarse_clustered_seed1_k20,clustered,5,36,hamster (36),82.0,False,False
four_coarse_clustered_seed1_k20,clustered,5,37,房子 / house (37),77.0,True,False
four_coarse_clustered_seed1_k20,clustered,5,38,袋鼠 / kangaroo (38),63.0,True,False
four_coarse_clustered_seed1_k20,clustered,5,39,keyboard (39),79.0,False,False
four_coarse_clustered_seed1_k20,clustered,5,40,lamp (40),62.0,False,False
four_coarse_clustered_seed1_k20,clustered,5,41,lawn_mower (41),87.0,False,False
four_coarse_clustered_seed1_k20,clustered,5,42,leopard (42),74.0,False,False
four_coarse_clustered_seed1_k20,clustered,5,43,lion (43),83.0,False,False
four_coarse_clustered_seed1_k20,clustered,5,44,lizard (44),46.0,False,False
four_coarse_clustered_seed1_k20,clustered,5,45,lobster (45),62.0,False,False
four_coarse_clustered_seed1_k20,clustered,5,46,man (46),49.0,False,False
four_coarse_clustered_seed1_k20,clustered,5,47,maple_tree (47),64.0,False,False
four_coarse_clustered_seed1_k20,clustered,5,48,摩托車 / motorcycle (48),0.0,True,True
four_coarse_clustered_seed1_k20,clustered,5,49,山 / mountain (49),84.0,True,False
four_coarse_clustered_seed1_k20,clustered,5,50,mouse (50),53.0,False,False
four_coarse_clustered_seed1_k20,clustered,5,51,mushroom (51),71.0,False,False
four_coarse_clustered_seed1_k20,clustered,5,52,oak_tree (52),69.0,False,False
four_coarse_clustered_seed1_k20,clustered,5,53,orange (53),88.0,False,False
four_coarse_clustered_seed1_k20,clustered,5,54,orchid (54),80.0,False,False
four_coarse_clustered_seed1_k20,clustered,5,55,otter (55),43.0,False,False
four_coarse_clustered_seed1_k20,clustered,5,56,palm_tree (56),88.0,False,False
four_coarse_clustered_seed1_k20,clustered,5,57,pear (57),79.0,False,False
four_coarse_clustered_seed1_k20,clustered,5,58,皮卡車 / pickup_truck (58),0.0,True,True
four_coarse_clustered_seed1_k20,clustered,5,59,pine_tree (59),70.0,False,False
four_coarse_clustered_seed1_k20,clustered,5,60,平原 / plain (60),86.0,True,False
four_coarse_clustered_seed1_k20,clustered,5,61,plate (61),68.0,False,False
four_coarse_clustered_seed1_k20,clustered,5,62,poppy (62),81.0,False,False
four_coarse_clustered_seed1_k20,clustered,5,63,porcupine (63),71.0,False,False
four_coarse_clustered_seed1_k20,clustered,5,64,possum (64),51.0,False,False
four_coarse_clustered_seed1_k20,clustered,5,65,rabbit (65),59.0,False,False
four_coarse_clustered_seed1_k20,clustered,5,66,raccoon (66),78.0,False,False
four_coarse_clustered_seed1_k20,clustered,5,67,ray (67),55.0,False,False
four_coarse_clustered_seed1_k20,clustered,5,68,道路 / road (68),93.0,True,False
four_coarse_clustered_seed1_k20,clustered,5,69,rocket (69),80.0,False,False
four_coarse_clustered_seed1_k20,clustered,5,70,rose (70),70.0,False,False
four_coarse_clustered_seed1_k20,clustered,5,71,海 / sea (71),80.0,True,False
four_coarse_clustered_seed1_k20,clustered,5,72,seal (72),44.0,False,False
four_coarse_clustered_seed1_k20,clustered,5,73,shark (73),56.0,False,False
four_coarse_clustered_seed1_k20,clustered,5,74,shrew (74),47.0,False,False
four_coarse_clustered_seed1_k20,clustered,5,75,skunk (75),92.0,False,False
four_coarse_clustered_seed1_k20,clustered,5,76,摩天大樓 / skyscraper (76),88.0,True,False
four_coarse_clustered_seed1_k20,clustered,5,77,snail (77),66.0,False,False
four_coarse_clustered_seed1_k20,clustered,5,78,snake (78),61.0,False,False
four_coarse_clustered_seed1_k20,clustered,5,79,spider (79),73.0,False,False
four_coarse_clustered_seed1_k20,clustered,5,80,squirrel (80),56.0,False,False
four_coarse_clustered_seed1_k20,clustered,5,81,streetcar (81),82.0,False,False
four_coarse_clustered_seed1_k20,clustered,5,82,sunflower (82),90.0,False,False
four_coarse_clustered_seed1_k20,clustered,5,83,sweet_pepper (83),66.0,False,False
four_coarse_clustered_seed1_k20,clustered,5,84,table (84),70.0,False,False
four_coarse_clustered_seed1_k20,clustered,5,85,tank (85),79.0,False,False
four_coarse_clustered_seed1_k20,clustered,5,86,telephone (86),67.0,False,False
four_coarse_clustered_seed1_k20,clustered,5,87,television (87),77.0,False,False
four_coarse_clustered_seed1_k20,clustered,5,88,tiger (88),81.0,False,False
four_coarse_clustered_seed1_k20,clustered,5,89,tractor (89),88.0,False,False
four_coarse_clustered_seed1_k20,clustered,5,90,火車 / train (90),0.0,True,True
four_coarse_clustered_seed1_k20,clustered,5,91,trout (91),76.0,False,False
four_coarse_clustered_seed1_k20,clustered,5,92,tulip (92),60.0,False,False
four_coarse_clustered_seed1_k20,clustered,5,93,turtle (93),57.0,False,False
four_coarse_clustered_seed1_k20,clustered,5,94,wardrobe (94),91.0,False,False
four_coarse_clustered_seed1_k20,clustered,5,95,whale (95),74.0,False,False
four_coarse_clustered_seed1_k20,clustered,5,96,willow_tree (96),61.0,False,False
four_coarse_clustered_seed1_k20,clustered,5,97,wolf (97),75.0,False,False
four_coarse_clustered_seed1_k20,clustered,5,98,woman (98),52.0,False,False
four_coarse_clustered_seed1_k20,clustered,5,99,worm (99),72.0,False,False
four_coarse_clustered_seed1_k20,clustered,6,0,apple (0),89.0,False,False
four_coarse_clustered_seed1_k20,clustered,6,1,aquarium_fish (1),79.0,False,False
four_coarse_clustered_seed1_k20,clustered,6,2,baby (2),59.0,False,False
four_coarse_clustered_seed1_k20,clustered,6,3,bear (3),50.0,False,False
four_coarse_clustered_seed1_k20,clustered,6,4,beaver (4),61.0,False,False
four_coarse_clustered_seed1_k20,clustered,6,5,bed (5),75.0,False,False
four_coarse_clustered_seed1_k20,clustered,6,6,bee (6),80.0,False,False
four_coarse_clustered_seed1_k20,clustered,6,7,beetle (7),76.0,False,False
four_coarse_clustered_seed1_k20,clustered,6,8,腳踏車 / bicycle (8),32.0,True,True
four_coarse_clustered_seed1_k20,clustered,6,9,bottle (9),75.0,False,False
four_coarse_clustered_seed1_k20,clustered,6,10,bowl (10),47.0,False,False
four_coarse_clustered_seed1_k20,clustered,6,11,boy (11),51.0,False,False
four_coarse_clustered_seed1_k20,clustered,6,12,橋 / bridge (12),80.0,True,False
four_coarse_clustered_seed1_k20,clustered,6,13,公車 / bus (13),0.0,True,True
four_coarse_clustered_seed1_k20,clustered,6,14,butterfly (14),56.0,False,False
four_coarse_clustered_seed1_k20,clustered,6,15,駱駝 / camel (15),73.0,True,False
four_coarse_clustered_seed1_k20,clustered,6,16,can (16),77.0,False,False
four_coarse_clustered_seed1_k20,clustered,6,17,城堡 / castle (17),81.0,True,False
four_coarse_clustered_seed1_k20,clustered,6,18,caterpillar (18),67.0,False,False
four_coarse_clustered_seed1_k20,clustered,6,19,牛 / cattle (19),64.0,True,False
four_coarse_clustered_seed1_k20,clustered,6,20,chair (20),87.0,False,False
four_coarse_clustered_seed1_k20,clustered,6,21,黑猩猩 / chimpanzee (21),86.0,True,False
four_coarse_clustered_seed1_k20,clustered,6,22,clock (22),65.0,False,False
four_coarse_clustered_seed1_k20,clustered,6,23,雲 / cloud (23),0.0,True,True
four_coarse_clustered_seed1_k20,clustered,6,24,cockroach (24),80.0,False,False
four_coarse_clustered_seed1_k20,clustered,6,25,couch (25),60.0,False,False
four_coarse_clustered_seed1_k20,clustered,6,26,crab (26),64.0,False,False
four_coarse_clustered_seed1_k20,clustered,6,27,crocodile (27),57.0,False,False
four_coarse_clustered_seed1_k20,clustered,6,28,cup (28),77.0,False,False
four_coarse_clustered_seed1_k20,clustered,6,29,dinosaur (29),66.0,False,False
four_coarse_clustered_seed1_k20,clustered,6,30,dolphin (30),69.0,False,False
four_coarse_clustered_seed1_k20,clustered,6,31,大象 / elephant (31),64.0,True,False
four_coarse_clustered_seed1_k20,clustered,6,32,flatfish (32),65.0,False,False
four_coarse_clustered_seed1_k20,clustered,6,33,森林 / forest (33),59.0,True,False
four_coarse_clustered_seed1_k20,clustered,6,34,fox (34),75.0,False,False
four_coarse_clustered_seed1_k20,clustered,6,35,girl (35),48.0,False,False
four_coarse_clustered_seed1_k20,clustered,6,36,hamster (36),78.0,False,False
four_coarse_clustered_seed1_k20,clustered,6,37,房子 / house (37),78.0,True,False
four_coarse_clustered_seed1_k20,clustered,6,38,袋鼠 / kangaroo (38),63.0,True,False
four_coarse_clustered_seed1_k20,clustered,6,39,keyboard (39),80.0,False,False
four_coarse_clustered_seed1_k20,clustered,6,40,lamp (40),59.0,False,False
four_coarse_clustered_seed1_k20,clustered,6,41,lawn_mower (41),87.0,False,False
four_coarse_clustered_seed1_k20,clustered,6,42,leopard (42),73.0,False,False
four_coarse_clustered_seed1_k20,clustered,6,43,lion (43),83.0,False,False
four_coarse_clustered_seed1_k20,clustered,6,44,lizard (44),47.0,False,False
four_coarse_clustered_seed1_k20,clustered,6,45,lobster (45),64.0,False,False
four_coarse_clustered_seed1_k20,clustered,6,46,man (46),50.0,False,False
four_coarse_clustered_seed1_k20,clustered,6,47,maple_tree (47),68.0,False,False
four_coarse_clustered_seed1_k20,clustered,6,48,摩托車 / motorcycle (48),0.0,True,True
four_coarse_clustered_seed1_k20,clustered,6,49,山 / mountain (49),87.0,True,False
four_coarse_clustered_seed1_k20,clustered,6,50,mouse (50),55.0,False,False
four_coarse_clustered_seed1_k20,clustered,6,51,mushroom (51),69.0,False,False
four_coarse_clustered_seed1_k20,clustered,6,52,oak_tree (52),64.0,False,False
four_coarse_clustered_seed1_k20,clustered,6,53,orange (53),89.0,False,False
four_coarse_clustered_seed1_k20,clustered,6,54,orchid (54),80.0,False,False
four_coarse_clustered_seed1_k20,clustered,6,55,otter (55),38.0,False,False
four_coarse_clustered_seed1_k20,clustered,6,56,palm_tree (56),88.0,False,False
four_coarse_clustered_seed1_k20,clustered,6,57,pear (57),79.0,False,False
four_coarse_clustered_seed1_k20,clustered,6,58,皮卡車 / pickup_truck (58),0.0,True,True
four_coarse_clustered_seed1_k20,clustered,6,59,pine_tree (59),70.0,False,False
four_coarse_clustered_seed1_k20,clustered,6,60,平原 / plain (60),86.0,True,False
four_coarse_clustered_seed1_k20,clustered,6,61,plate (61),68.0,False,False
four_coarse_clustered_seed1_k20,clustered,6,62,poppy (62),81.0,False,False
four_coarse_clustered_seed1_k20,clustered,6,63,porcupine (63),73.0,False,False
four_coarse_clustered_seed1_k20,clustered,6,64,possum (64),52.0,False,False
four_coarse_clustered_seed1_k20,clustered,6,65,rabbit (65),58.0,False,False
four_coarse_clustered_seed1_k20,clustered,6,66,raccoon (66),78.0,False,False
four_coarse_clustered_seed1_k20,clustered,6,67,ray (67),53.0,False,False
four_coarse_clustered_seed1_k20,clustered,6,68,道路 / road (68),93.0,True,False
four_coarse_clustered_seed1_k20,clustered,6,69,rocket (69),79.0,False,False
four_coarse_clustered_seed1_k20,clustered,6,70,rose (70),70.0,False,False
four_coarse_clustered_seed1_k20,clustered,6,71,海 / sea (71),85.0,True,False
four_coarse_clustered_seed1_k20,clustered,6,72,seal (72),39.0,False,False
four_coarse_clustered_seed1_k20,clustered,6,73,shark (73),60.0,False,False
four_coarse_clustered_seed1_k20,clustered,6,74,shrew (74),50.0,False,False
four_coarse_clustered_seed1_k20,clustered,6,75,skunk (75),90.0,False,False
four_coarse_clustered_seed1_k20,clustered,6,76,摩天大樓 / skyscraper (76),88.0,True,False
four_coarse_clustered_seed1_k20,clustered,6,77,snail (77),66.0,False,False
four_coarse_clustered_seed1_k20,clustered,6,78,snake (78),62.0,False,False
four_coarse_clustered_seed1_k20,clustered,6,79,spider (79),76.0,False,False
four_coarse_clustered_seed1_k20,clustered,6,80,squirrel (80),57.0,False,False
four_coarse_clustered_seed1_k20,clustered,6,81,streetcar (81),86.0,False,False
four_coarse_clustered_seed1_k20,clustered,6,82,sunflower (82),90.0,False,False
four_coarse_clustered_seed1_k20,clustered,6,83,sweet_pepper (83),69.0,False,False
four_coarse_clustered_seed1_k20,clustered,6,84,table (84),67.0,False,False
four_coarse_clustered_seed1_k20,clustered,6,85,tank (85),75.0,False,False
four_coarse_clustered_seed1_k20,clustered,6,86,telephone (86),67.0,False,False
four_coarse_clustered_seed1_k20,clustered,6,87,television (87),78.0,False,False
four_coarse_clustered_seed1_k20,clustered,6,88,tiger (88),79.0,False,False
four_coarse_clustered_seed1_k20,clustered,6,89,tractor (89),88.0,False,False
four_coarse_clustered_seed1_k20,clustered,6,90,火車 / train (90),0.0,True,True
four_coarse_clustered_seed1_k20,clustered,6,91,trout (91),75.0,False,False
four_coarse_clustered_seed1_k20,clustered,6,92,tulip (92),58.0,False,False
four_coarse_clustered_seed1_k20,clustered,6,93,turtle (93),58.0,False,False
four_coarse_clustered_seed1_k20,clustered,6,94,wardrobe (94),91.0,False,False
four_coarse_clustered_seed1_k20,clustered,6,95,whale (95),75.0,False,False
four_coarse_clustered_seed1_k20,clustered,6,96,willow_tree (96),63.0,False,False
four_coarse_clustered_seed1_k20,clustered,6,97,wolf (97),75.0,False,False
four_coarse_clustered_seed1_k20,clustered,6,98,woman (98),52.0,False,False
four_coarse_clustered_seed1_k20,clustered,6,99,worm (99),70.0,False,False
four_coarse_clustered_seed1_k20,clustered,7,0,apple (0),88.0,False,False
four_coarse_clustered_seed1_k20,clustered,7,1,aquarium_fish (1),80.0,False,False
four_coarse_clustered_seed1_k20,clustered,7,2,baby (2),61.0,False,False
four_coarse_clustered_seed1_k20,clustered,7,3,bear (3),53.0,False,False
four_coarse_clustered_seed1_k20,clustered,7,4,beaver (4),63.0,False,False
four_coarse_clustered_seed1_k20,clustered,7,5,bed (5),71.0,False,False
four_coarse_clustered_seed1_k20,clustered,7,6,bee (6),79.0,False,False
four_coarse_clustered_seed1_k20,clustered,7,7,beetle (7),72.0,False,False
four_coarse_clustered_seed1_k20,clustered,7,8,腳踏車 / bicycle (8),31.0,True,True
four_coarse_clustered_seed1_k20,clustered,7,9,bottle (9),78.0,False,False
four_coarse_clustered_seed1_k20,clustered,7,10,bowl (10),44.0,False,False
four_coarse_clustered_seed1_k20,clustered,7,11,boy (11),50.0,False,False
four_coarse_clustered_seed1_k20,clustered,7,12,橋 / bridge (12),79.0,True,False
four_coarse_clustered_seed1_k20,clustered,7,13,公車 / bus (13),0.0,True,True
four_coarse_clustered_seed1_k20,clustered,7,14,butterfly (14),55.0,False,False
four_coarse_clustered_seed1_k20,clustered,7,15,駱駝 / camel (15),73.0,True,False
four_coarse_clustered_seed1_k20,clustered,7,16,can (16),78.0,False,False
four_coarse_clustered_seed1_k20,clustered,7,17,城堡 / castle (17),82.0,True,False
four_coarse_clustered_seed1_k20,clustered,7,18,caterpillar (18),66.0,False,False
four_coarse_clustered_seed1_k20,clustered,7,19,牛 / cattle (19),65.0,True,False
four_coarse_clustered_seed1_k20,clustered,7,20,chair (20),86.0,False,False
four_coarse_clustered_seed1_k20,clustered,7,21,黑猩猩 / chimpanzee (21),88.0,True,False
four_coarse_clustered_seed1_k20,clustered,7,22,clock (22),65.0,False,False
four_coarse_clustered_seed1_k20,clustered,7,23,雲 / cloud (23),0.0,True,True
four_coarse_clustered_seed1_k20,clustered,7,24,cockroach (24),79.0,False,False
four_coarse_clustered_seed1_k20,clustered,7,25,couch (25),59.0,False,False
four_coarse_clustered_seed1_k20,clustered,7,26,crab (26),62.0,False,False
four_coarse_clustered_seed1_k20,clustered,7,27,crocodile (27),58.0,False,False
four_coarse_clustered_seed1_k20,clustered,7,28,cup (28),76.0,False,False
four_coarse_clustered_seed1_k20,clustered,7,29,dinosaur (29),66.0,False,False
four_coarse_clustered_seed1_k20,clustered,7,30,dolphin (30),68.0,False,False
four_coarse_clustered_seed1_k20,clustered,7,31,大象 / elephant (31),67.0,True,False
four_coarse_clustered_seed1_k20,clustered,7,32,flatfish (32),63.0,False,False
four_coarse_clustered_seed1_k20,clustered,7,33,森林 / forest (33),0.0,True,True
four_coarse_clustered_seed1_k20,clustered,7,34,fox (34),75.0,False,False
four_coarse_clustered_seed1_k20,clustered,7,35,girl (35),47.0,False,False
four_coarse_clustered_seed1_k20,clustered,7,36,hamster (36),79.0,False,False
four_coarse_clustered_seed1_k20,clustered,7,37,房子 / house (37),78.0,True,False
four_coarse_clustered_seed1_k20,clustered,7,38,袋鼠 / kangaroo (38),66.0,True,False
four_coarse_clustered_seed1_k20,clustered,7,39,keyboard (39),81.0,False,False
four_coarse_clustered_seed1_k20,clustered,7,40,lamp (40),62.0,False,False
four_coarse_clustered_seed1_k20,clustered,7,41,lawn_mower (41),87.0,False,False
four_coarse_clustered_seed1_k20,clustered,7,42,leopard (42),73.0,False,False
four_coarse_clustered_seed1_k20,clustered,7,43,lion (43),84.0,False,False
four_coarse_clustered_seed1_k20,clustered,7,44,lizard (44),49.0,False,False
four_coarse_clustered_seed1_k20,clustered,7,45,lobster (45),64.0,False,False
four_coarse_clustered_seed1_k20,clustered,7,46,man (46),49.0,False,False
four_coarse_clustered_seed1_k20,clustered,7,47,maple_tree (47),63.0,False,False
four_coarse_clustered_seed1_k20,clustered,7,48,摩托車 / motorcycle (48),1.0,True,True
four_coarse_clustered_seed1_k20,clustered,7,49,山 / mountain (49),86.0,True,False
four_coarse_clustered_seed1_k20,clustered,7,50,mouse (50),54.0,False,False
four_coarse_clustered_seed1_k20,clustered,7,51,mushroom (51),72.0,False,False
four_coarse_clustered_seed1_k20,clustered,7,52,oak_tree (52),67.0,False,False
four_coarse_clustered_seed1_k20,clustered,7,53,orange (53),89.0,False,False
four_coarse_clustered_seed1_k20,clustered,7,54,orchid (54),82.0,False,False
four_coarse_clustered_seed1_k20,clustered,7,55,otter (55),40.0,False,False
four_coarse_clustered_seed1_k20,clustered,7,56,palm_tree (56),88.0,False,False
four_coarse_clustered_seed1_k20,clustered,7,57,pear (57),80.0,False,False
four_coarse_clustered_seed1_k20,clustered,7,58,皮卡車 / pickup_truck (58),0.0,True,True
four_coarse_clustered_seed1_k20,clustered,7,59,pine_tree (59),72.0,False,False
four_coarse_clustered_seed1_k20,clustered,7,60,平原 / plain (60),86.0,True,False
four_coarse_clustered_seed1_k20,clustered,7,61,plate (61),67.0,False,False
four_coarse_clustered_seed1_k20,clustered,7,62,poppy (62),82.0,False,False
four_coarse_clustered_seed1_k20,clustered,7,63,porcupine (63),69.0,False,False
four_coarse_clustered_seed1_k20,clustered,7,64,possum (64),51.0,False,False
four_coarse_clustered_seed1_k20,clustered,7,65,rabbit (65),55.0,False,False
four_coarse_clustered_seed1_k20,clustered,7,66,raccoon (66),79.0,False,False
four_coarse_clustered_seed1_k20,clustered,7,67,ray (67),55.0,False,False
four_coarse_clustered_seed1_k20,clustered,7,68,道路 / road (68),93.0,True,False
four_coarse_clustered_seed1_k20,clustered,7,69,rocket (69),80.0,False,False
four_coarse_clustered_seed1_k20,clustered,7,70,rose (70),72.0,False,False
four_coarse_clustered_seed1_k20,clustered,7,71,海 / sea (71),86.0,True,False
four_coarse_clustered_seed1_k20,clustered,7,72,seal (72),40.0,False,False
four_coarse_clustered_seed1_k20,clustered,7,73,shark (73),56.0,False,False
four_coarse_clustered_seed1_k20,clustered,7,74,shrew (74),51.0,False,False
four_coarse_clustered_seed1_k20,clustered,7,75,skunk (75),91.0,False,False
four_coarse_clustered_seed1_k20,clustered,7,76,摩天大樓 / skyscraper (76),89.0,True,False
four_coarse_clustered_seed1_k20,clustered,7,77,snail (77),65.0,False,False
four_coarse_clustered_seed1_k20,clustered,7,78,snake (78),62.0,False,False
four_coarse_clustered_seed1_k20,clustered,7,79,spider (79),76.0,False,False
four_coarse_clustered_seed1_k20,clustered,7,80,squirrel (80),55.0,False,False
four_coarse_clustered_seed1_k20,clustered,7,81,streetcar (81),85.0,False,False
four_coarse_clustered_seed1_k20,clustered,7,82,sunflower (82),88.0,False,False
four_coarse_clustered_seed1_k20,clustered,7,83,sweet_pepper (83),69.0,False,False
four_coarse_clustered_seed1_k20,clustered,7,84,table (84),67.0,False,False
four_coarse_clustered_seed1_k20,clustered,7,85,tank (85),76.0,False,False
four_coarse_clustered_seed1_k20,clustered,7,86,telephone (86),65.0,False,False
four_coarse_clustered_seed1_k20,clustered,7,87,television (87),80.0,False,False
four_coarse_clustered_seed1_k20,clustered,7,88,tiger (88),81.0,False,False
four_coarse_clustered_seed1_k20,clustered,7,89,tractor (89),88.0,False,False
four_coarse_clustered_seed1_k20,clustered,7,90,火車 / train (90),0.0,True,True
four_coarse_clustered_seed1_k20,clustered,7,91,trout (91),76.0,False,False
four_coarse_clustered_seed1_k20,clustered,7,92,tulip (92),56.0,False,False
four_coarse_clustered_seed1_k20,clustered,7,93,turtle (93),56.0,False,False
four_coarse_clustered_seed1_k20,clustered,7,94,wardrobe (94),92.0,False,False
four_coarse_clustered_seed1_k20,clustered,7,95,whale (95),71.0,False,False
four_coarse_clustered_seed1_k20,clustered,7,96,willow_tree (96),61.0,False,False
four_coarse_clustered_seed1_k20,clustered,7,97,wolf (97),75.0,False,False
four_coarse_clustered_seed1_k20,clustered,7,98,woman (98),49.0,False,False
four_coarse_clustered_seed1_k20,clustered,7,99,worm (99),70.0,False,False
four_coarse_clustered_seed1_k20,clustered,8,0,apple (0),89.0,False,False
four_coarse_clustered_seed1_k20,clustered,8,1,aquarium_fish (1),83.0,False,False
four_coarse_clustered_seed1_k20,clustered,8,2,baby (2),64.0,False,False
four_coarse_clustered_seed1_k20,clustered,8,3,bear (3),52.0,False,False
four_coarse_clustered_seed1_k20,clustered,8,4,beaver (4),62.0,False,False
four_coarse_clustered_seed1_k20,clustered,8,5,bed (5),75.0,False,False
four_coarse_clustered_seed1_k20,clustered,8,6,bee (6),82.0,False,False
four_coarse_clustered_seed1_k20,clustered,8,7,beetle (7),74.0,False,False
four_coarse_clustered_seed1_k20,clustered,8,8,腳踏車 / bicycle (8),49.0,True,True
four_coarse_clustered_seed1_k20,clustered,8,9,bottle (9),78.0,False,False
four_coarse_clustered_seed1_k20,clustered,8,10,bowl (10),42.0,False,False
four_coarse_clustered_seed1_k20,clustered,8,11,boy (11),50.0,False,False
four_coarse_clustered_seed1_k20,clustered,8,12,橋 / bridge (12),81.0,True,False
four_coarse_clustered_seed1_k20,clustered,8,13,公車 / bus (13),0.0,True,True
four_coarse_clustered_seed1_k20,clustered,8,14,butterfly (14),54.0,False,False
four_coarse_clustered_seed1_k20,clustered,8,15,駱駝 / camel (15),75.0,True,False
four_coarse_clustered_seed1_k20,clustered,8,16,can (16),76.0,False,False
four_coarse_clustered_seed1_k20,clustered,8,17,城堡 / castle (17),83.0,True,False
four_coarse_clustered_seed1_k20,clustered,8,18,caterpillar (18),65.0,False,False
four_coarse_clustered_seed1_k20,clustered,8,19,牛 / cattle (19),64.0,True,False
four_coarse_clustered_seed1_k20,clustered,8,20,chair (20),87.0,False,False
four_coarse_clustered_seed1_k20,clustered,8,21,黑猩猩 / chimpanzee (21),86.0,True,False
four_coarse_clustered_seed1_k20,clustered,8,22,clock (22),66.0,False,False
four_coarse_clustered_seed1_k20,clustered,8,23,雲 / cloud (23),0.0,True,True
four_coarse_clustered_seed1_k20,clustered,8,24,cockroach (24),79.0,False,False
four_coarse_clustered_seed1_k20,clustered,8,25,couch (25),57.0,False,False
four_coarse_clustered_seed1_k20,clustered,8,26,crab (26),61.0,False,False
four_coarse_clustered_seed1_k20,clustered,8,27,crocodile (27),55.0,False,False
four_coarse_clustered_seed1_k20,clustered,8,28,cup (28),77.0,False,False
four_coarse_clustered_seed1_k20,clustered,8,29,dinosaur (29),65.0,False,False
four_coarse_clustered_seed1_k20,clustered,8,30,dolphin (30),66.0,False,False
four_coarse_clustered_seed1_k20,clustered,8,31,大象 / elephant (31),66.0,True,False
four_coarse_clustered_seed1_k20,clustered,8,32,flatfish (32),62.0,False,False
four_coarse_clustered_seed1_k20,clustered,8,33,森林 / forest (33),0.0,True,True
four_coarse_clustered_seed1_k20,clustered,8,34,fox (34),74.0,False,False
four_coarse_clustered_seed1_k20,clustered,8,35,girl (35),48.0,False,False
four_coarse_clustered_seed1_k20,clustered,8,36,hamster (36),81.0,False,False
four_coarse_clustered_seed1_k20,clustered,8,37,房子 / house (37),76.0,True,False
four_coarse_clustered_seed1_k20,clustered,8,38,袋鼠 / kangaroo (38),64.0,True,False
four_coarse_clustered_seed1_k20,clustered,8,39,keyboard (39),79.0,False,False
four_coarse_clustered_seed1_k20,clustered,8,40,lamp (40),62.0,False,False
four_coarse_clustered_seed1_k20,clustered,8,41,lawn_mower (41),87.0,False,False
four_coarse_clustered_seed1_k20,clustered,8,42,leopard (42),72.0,False,False
four_coarse_clustered_seed1_k20,clustered,8,43,lion (43),84.0,False,False
four_coarse_clustered_seed1_k20,clustered,8,44,lizard (44),52.0,False,False
four_coarse_clustered_seed1_k20,clustered,8,45,lobster (45),65.0,False,False
four_coarse_clustered_seed1_k20,clustered,8,46,man (46),51.0,False,False
four_coarse_clustered_seed1_k20,clustered,8,47,maple_tree (47),64.0,False,False
four_coarse_clustered_seed1_k20,clustered,8,48,摩托車 / motorcycle (48),0.0,True,True
four_coarse_clustered_seed1_k20,clustered,8,49,山 / mountain (49),0.0,True,True
four_coarse_clustered_seed1_k20,clustered,8,50,mouse (50),54.0,False,False
four_coarse_clustered_seed1_k20,clustered,8,51,mushroom (51),73.0,False,False
four_coarse_clustered_seed1_k20,clustered,8,52,oak_tree (52),66.0,False,False
four_coarse_clustered_seed1_k20,clustered,8,53,orange (53),89.0,False,False
four_coarse_clustered_seed1_k20,clustered,8,54,orchid (54),81.0,False,False
four_coarse_clustered_seed1_k20,clustered,8,55,otter (55),41.0,False,False
four_coarse_clustered_seed1_k20,clustered,8,56,palm_tree (56),86.0,False,False
four_coarse_clustered_seed1_k20,clustered,8,57,pear (57),79.0,False,False
four_coarse_clustered_seed1_k20,clustered,8,58,皮卡車 / pickup_truck (58),0.0,True,True
four_coarse_clustered_seed1_k20,clustered,8,59,pine_tree (59),67.0,False,False
four_coarse_clustered_seed1_k20,clustered,8,60,平原 / plain (60),86.0,True,False
four_coarse_clustered_seed1_k20,clustered,8,61,plate (61),67.0,False,False
four_coarse_clustered_seed1_k20,clustered,8,62,poppy (62),81.0,False,False
four_coarse_clustered_seed1_k20,clustered,8,63,porcupine (63),66.0,False,False
four_coarse_clustered_seed1_k20,clustered,8,64,possum (64),53.0,False,False
four_coarse_clustered_seed1_k20,clustered,8,65,rabbit (65),56.0,False,False
four_coarse_clustered_seed1_k20,clustered,8,66,raccoon (66),78.0,False,False
four_coarse_clustered_seed1_k20,clustered,8,67,ray (67),56.0,False,False
four_coarse_clustered_seed1_k20,clustered,8,68,道路 / road (68),94.0,True,False
four_coarse_clustered_seed1_k20,clustered,8,69,rocket (69),82.0,False,False
four_coarse_clustered_seed1_k20,clustered,8,70,rose (70),68.0,False,False
four_coarse_clustered_seed1_k20,clustered,8,71,海 / sea (71),82.0,True,False
four_coarse_clustered_seed1_k20,clustered,8,72,seal (72),43.0,False,False
four_coarse_clustered_seed1_k20,clustered,8,73,shark (73),56.0,False,False
four_coarse_clustered_seed1_k20,clustered,8,74,shrew (74),49.0,False,False
four_coarse_clustered_seed1_k20,clustered,8,75,skunk (75),86.0,False,False
four_coarse_clustered_seed1_k20,clustered,8,76,摩天大樓 / skyscraper (76),88.0,True,False
four_coarse_clustered_seed1_k20,clustered,8,77,snail (77),66.0,False,False
four_coarse_clustered_seed1_k20,clustered,8,78,snake (78),62.0,False,False
four_coarse_clustered_seed1_k20,clustered,8,79,spider (79),72.0,False,False
four_coarse_clustered_seed1_k20,clustered,8,80,squirrel (80),55.0,False,False
four_coarse_clustered_seed1_k20,clustered,8,81,streetcar (81),86.0,False,False
four_coarse_clustered_seed1_k20,clustered,8,82,sunflower (82),90.0,False,False
four_coarse_clustered_seed1_k20,clustered,8,83,sweet_pepper (83),68.0,False,False
four_coarse_clustered_seed1_k20,clustered,8,84,table (84),68.0,False,False
four_coarse_clustered_seed1_k20,clustered,8,85,tank (85),75.0,False,False
four_coarse_clustered_seed1_k20,clustered,8,86,telephone (86),66.0,False,False
four_coarse_clustered_seed1_k20,clustered,8,87,television (87),80.0,False,False
four_coarse_clustered_seed1_k20,clustered,8,88,tiger (88),81.0,False,False
four_coarse_clustered_seed1_k20,clustered,8,89,tractor (89),85.0,False,False
four_coarse_clustered_seed1_k20,clustered,8,90,火車 / train (90),0.0,True,True
four_coarse_clustered_seed1_k20,clustered,8,91,trout (91),78.0,False,False
four_coarse_clustered_seed1_k20,clustered,8,92,tulip (92),60.0,False,False
four_coarse_clustered_seed1_k20,clustered,8,93,turtle (93),56.0,False,False
four_coarse_clustered_seed1_k20,clustered,8,94,wardrobe (94),92.0,False,False
four_coarse_clustered_seed1_k20,clustered,8,95,whale (95),75.0,False,False
four_coarse_clustered_seed1_k20,clustered,8,96,willow_tree (96),63.0,False,False
four_coarse_clustered_seed1_k20,clustered,8,97,wolf (97),76.0,False,False
four_coarse_clustered_seed1_k20,clustered,8,98,woman (98),50.0,False,False
four_coarse_clustered_seed1_k20,clustered,8,99,worm (99),70.0,False,False
four_coarse_clustered_seed1_k20,clustered,9,0,apple (0),90.0,False,False
four_coarse_clustered_seed1_k20,clustered,9,1,aquarium_fish (1),80.0,False,False
four_coarse_clustered_seed1_k20,clustered,9,2,baby (2),58.0,False,False
four_coarse_clustered_seed1_k20,clustered,9,3,bear (3),53.0,False,False
four_coarse_clustered_seed1_k20,clustered,9,4,beaver (4),62.0,False,False
four_coarse_clustered_seed1_k20,clustered,9,5,bed (5),76.0,False,False
four_coarse_clustered_seed1_k20,clustered,9,6,bee (6),80.0,False,False
four_coarse_clustered_seed1_k20,clustered,9,7,beetle (7),74.0,False,False
four_coarse_clustered_seed1_k20,clustered,9,8,腳踏車 / bicycle (8),44.0,True,True
four_coarse_clustered_seed1_k20,clustered,9,9,bottle (9),78.0,False,False
four_coarse_clustered_seed1_k20,clustered,9,10,bowl (10),41.0,False,False
four_coarse_clustered_seed1_k20,clustered,9,11,boy (11),48.0,False,False
four_coarse_clustered_seed1_k20,clustered,9,12,橋 / bridge (12),80.0,True,False
four_coarse_clustered_seed1_k20,clustered,9,13,公車 / bus (13),0.0,True,True
four_coarse_clustered_seed1_k20,clustered,9,14,butterfly (14),56.0,False,False
four_coarse_clustered_seed1_k20,clustered,9,15,駱駝 / camel (15),74.0,True,False
four_coarse_clustered_seed1_k20,clustered,9,16,can (16),78.0,False,False
four_coarse_clustered_seed1_k20,clustered,9,17,城堡 / castle (17),82.0,True,False
four_coarse_clustered_seed1_k20,clustered,9,18,caterpillar (18),66.0,False,False
four_coarse_clustered_seed1_k20,clustered,9,19,牛 / cattle (19),63.0,True,False
four_coarse_clustered_seed1_k20,clustered,9,20,chair (20),86.0,False,False
four_coarse_clustered_seed1_k20,clustered,9,21,黑猩猩 / chimpanzee (21),88.0,True,False
four_coarse_clustered_seed1_k20,clustered,9,22,clock (22),69.0,False,False
four_coarse_clustered_seed1_k20,clustered,9,23,雲 / cloud (23),0.0,True,True
four_coarse_clustered_seed1_k20,clustered,9,24,cockroach (24),77.0,False,False
four_coarse_clustered_seed1_k20,clustered,9,25,couch (25),56.0,False,False
four_coarse_clustered_seed1_k20,clustered,9,26,crab (26),62.0,False,False
four_coarse_clustered_seed1_k20,clustered,9,27,crocodile (27),55.0,False,False
four_coarse_clustered_seed1_k20,clustered,9,28,cup (28),77.0,False,False
four_coarse_clustered_seed1_k20,clustered,9,29,dinosaur (29),66.0,False,False
four_coarse_clustered_seed1_k20,clustered,9,30,dolphin (30),69.0,False,False
four_coarse_clustered_seed1_k20,clustered,9,31,大象 / elephant (31),67.0,True,False
four_coarse_clustered_seed1_k20,clustered,9,32,flatfish (32),60.0,False,False
four_coarse_clustered_seed1_k20,clustered,9,33,森林 / forest (33),0.0,True,True
four_coarse_clustered_seed1_k20,clustered,9,34,fox (34),77.0,False,False
four_coarse_clustered_seed1_k20,clustered,9,35,girl (35),48.0,False,False
four_coarse_clustered_seed1_k20,clustered,9,36,hamster (36),82.0,False,False
four_coarse_clustered_seed1_k20,clustered,9,37,房子 / house (37),79.0,True,False
four_coarse_clustered_seed1_k20,clustered,9,38,袋鼠 / kangaroo (38),64.0,True,False
four_coarse_clustered_seed1_k20,clustered,9,39,keyboard (39),82.0,False,False
four_coarse_clustered_seed1_k20,clustered,9,40,lamp (40),60.0,False,False
four_coarse_clustered_seed1_k20,clustered,9,41,lawn_mower (41),88.0,False,False
four_coarse_clustered_seed1_k20,clustered,9,42,leopard (42),74.0,False,False
four_coarse_clustered_seed1_k20,clustered,9,43,lion (43),84.0,False,False
four_coarse_clustered_seed1_k20,clustered,9,44,lizard (44),46.0,False,False
four_coarse_clustered_seed1_k20,clustered,9,45,lobster (45),66.0,False,False
four_coarse_clustered_seed1_k20,clustered,9,46,man (46),49.0,False,False
four_coarse_clustered_seed1_k20,clustered,9,47,maple_tree (47),63.0,False,False
four_coarse_clustered_seed1_k20,clustered,9,48,摩托車 / motorcycle (48),3.0,True,True
four_coarse_clustered_seed1_k20,clustered,9,49,山 / mountain (49),0.0,True,True
four_coarse_clustered_seed1_k20,clustered,9,50,mouse (50),55.0,False,False
four_coarse_clustered_seed1_k20,clustered,9,51,mushroom (51),71.0,False,False
four_coarse_clustered_seed1_k20,clustered,9,52,oak_tree (52),65.0,False,False
four_coarse_clustered_seed1_k20,clustered,9,53,orange (53),89.0,False,False
four_coarse_clustered_seed1_k20,clustered,9,54,orchid (54),82.0,False,False
four_coarse_clustered_seed1_k20,clustered,9,55,otter (55),40.0,False,False
four_coarse_clustered_seed1_k20,clustered,9,56,palm_tree (56),85.0,False,False
four_coarse_clustered_seed1_k20,clustered,9,57,pear (57),81.0,False,False
four_coarse_clustered_seed1_k20,clustered,9,58,皮卡車 / pickup_truck (58),1.0,True,True
four_coarse_clustered_seed1_k20,clustered,9,59,pine_tree (59),70.0,False,False
four_coarse_clustered_seed1_k20,clustered,9,60,平原 / plain (60),0.0,True,True
four_coarse_clustered_seed1_k20,clustered,9,61,plate (61),70.0,False,False
four_coarse_clustered_seed1_k20,clustered,9,62,poppy (62),80.0,False,False
four_coarse_clustered_seed1_k20,clustered,9,63,porcupine (63),68.0,False,False
four_coarse_clustered_seed1_k20,clustered,9,64,possum (64),52.0,False,False
four_coarse_clustered_seed1_k20,clustered,9,65,rabbit (65),57.0,False,False
four_coarse_clustered_seed1_k20,clustered,9,66,raccoon (66),80.0,False,False
four_coarse_clustered_seed1_k20,clustered,9,67,ray (67),57.0,False,False
four_coarse_clustered_seed1_k20,clustered,9,68,道路 / road (68),95.0,True,False
four_coarse_clustered_seed1_k20,clustered,9,69,rocket (69),82.0,False,False
four_coarse_clustered_seed1_k20,clustered,9,70,rose (70),71.0,False,False
four_coarse_clustered_seed1_k20,clustered,9,71,海 / sea (71),92.0,True,False
four_coarse_clustered_seed1_k20,clustered,9,72,seal (72),43.0,False,False
four_coarse_clustered_seed1_k20,clustered,9,73,shark (73),58.0,False,False
four_coarse_clustered_seed1_k20,clustered,9,74,shrew (74),50.0,False,False
four_coarse_clustered_seed1_k20,clustered,9,75,skunk (75),89.0,False,False
four_coarse_clustered_seed1_k20,clustered,9,76,摩天大樓 / skyscraper (76),88.0,True,False
four_coarse_clustered_seed1_k20,clustered,9,77,snail (77),62.0,False,False
four_coarse_clustered_seed1_k20,clustered,9,78,snake (78),61.0,False,False
four_coarse_clustered_seed1_k20,clustered,9,79,spider (79),71.0,False,False
four_coarse_clustered_seed1_k20,clustered,9,80,squirrel (80),56.0,False,False
four_coarse_clustered_seed1_k20,clustered,9,81,streetcar (81),83.0,False,False
four_coarse_clustered_seed1_k20,clustered,9,82,sunflower (82),91.0,False,False
four_coarse_clustered_seed1_k20,clustered,9,83,sweet_pepper (83),69.0,False,False
four_coarse_clustered_seed1_k20,clustered,9,84,table (84),71.0,False,False
four_coarse_clustered_seed1_k20,clustered,9,85,tank (85),76.0,False,False
four_coarse_clustered_seed1_k20,clustered,9,86,telephone (86),65.0,False,False
four_coarse_clustered_seed1_k20,clustered,9,87,television (87),80.0,False,False
four_coarse_clustered_seed1_k20,clustered,9,88,tiger (88),80.0,False,False
four_coarse_clustered_seed1_k20,clustered,9,89,tractor (89),88.0,False,False
four_coarse_clustered_seed1_k20,clustered,9,90,火車 / train (90),0.0,True,True
four_coarse_clustered_seed1_k20,clustered,9,91,trout (91),76.0,False,False
four_coarse_clustered_seed1_k20,clustered,9,92,tulip (92),59.0,False,False
four_coarse_clustered_seed1_k20,clustered,9,93,turtle (93),57.0,False,False
four_coarse_clustered_seed1_k20,clustered,9,94,wardrobe (94),92.0,False,False
four_coarse_clustered_seed1_k20,clustered,9,95,whale (95),74.0,False,False
four_coarse_clustered_seed1_k20,clustered,9,96,willow_tree (96),68.0,False,False
four_coarse_clustered_seed1_k20,clustered,9,97,wolf (97),75.0,False,False
four_coarse_clustered_seed1_k20,clustered,9,98,woman (98),46.0,False,False
four_coarse_clustered_seed1_k20,clustered,9,99,worm (99),69.0,False,False
four_coarse_clustered_seed1_k20,clustered,10,0,apple (0),90.0,False,False
four_coarse_clustered_seed1_k20,clustered,10,1,aquarium_fish (1),82.0,False,False
four_coarse_clustered_seed1_k20,clustered,10,2,baby (2),60.0,False,False
four_coarse_clustered_seed1_k20,clustered,10,3,bear (3),54.0,False,False
four_coarse_clustered_seed1_k20,clustered,10,4,beaver (4),64.0,False,False
four_coarse_clustered_seed1_k20,clustered,10,5,bed (5),76.0,False,False
four_coarse_clustered_seed1_k20,clustered,10,6,bee (6),80.0,False,False
four_coarse_clustered_seed1_k20,clustered,10,7,beetle (7),75.0,False,False
four_coarse_clustered_seed1_k20,clustered,10,8,腳踏車 / bicycle (8),43.0,True,True
four_coarse_clustered_seed1_k20,clustered,10,9,bottle (9),79.0,False,False
four_coarse_clustered_seed1_k20,clustered,10,10,bowl (10),46.0,False,False
four_coarse_clustered_seed1_k20,clustered,10,11,boy (11),48.0,False,False
four_coarse_clustered_seed1_k20,clustered,10,12,橋 / bridge (12),81.0,True,False
four_coarse_clustered_seed1_k20,clustered,10,13,公車 / bus (13),0.0,True,True
four_coarse_clustered_seed1_k20,clustered,10,14,butterfly (14),56.0,False,False
four_coarse_clustered_seed1_k20,clustered,10,15,駱駝 / camel (15),73.0,True,False
four_coarse_clustered_seed1_k20,clustered,10,16,can (16),78.0,False,False
four_coarse_clustered_seed1_k20,clustered,10,17,城堡 / castle (17),84.0,True,False
four_coarse_clustered_seed1_k20,clustered,10,18,caterpillar (18),64.0,False,False
four_coarse_clustered_seed1_k20,clustered,10,19,牛 / cattle (19),67.0,True,False
four_coarse_clustered_seed1_k20,clustered,10,20,chair (20),86.0,False,False
four_coarse_clustered_seed1_k20,clustered,10,21,黑猩猩 / chimpanzee (21),87.0,True,False
four_coarse_clustered_seed1_k20,clustered,10,22,clock (22),68.0,False,False
four_coarse_clustered_seed1_k20,clustered,10,23,雲 / cloud (23),0.0,True,True
four_coarse_clustered_seed1_k20,clustered,10,24,cockroach (24),78.0,False,False
four_coarse_clustered_seed1_k20,clustered,10,25,couch (25),58.0,False,False
four_coarse_clustered_seed1_k20,clustered,10,26,crab (26),61.0,False,False
four_coarse_clustered_seed1_k20,clustered,10,27,crocodile (27),55.0,False,False
four_coarse_clustered_seed1_k20,clustered,10,28,cup (28),77.0,False,False
four_coarse_clustered_seed1_k20,clustered,10,29,dinosaur (29),66.0,False,False
four_coarse_clustered_seed1_k20,clustered,10,30,dolphin (30),69.0,False,False
four_coarse_clustered_seed1_k20,clustered,10,31,大象 / elephant (31),65.0,True,False
four_coarse_clustered_seed1_k20,clustered,10,32,flatfish (32),61.0,False,False
four_coarse_clustered_seed1_k20,clustered,10,33,森林 / forest (33),0.0,True,True
four_coarse_clustered_seed1_k20,clustered,10,34,fox (34),77.0,False,False
four_coarse_clustered_seed1_k20,clustered,10,35,girl (35),48.0,False,False
four_coarse_clustered_seed1_k20,clustered,10,36,hamster (36),81.0,False,False
four_coarse_clustered_seed1_k20,clustered,10,37,房子 / house (37),79.0,True,False
four_coarse_clustered_seed1_k20,clustered,10,38,袋鼠 / kangaroo (38),65.0,True,False
four_coarse_clustered_seed1_k20,clustered,10,39,keyboard (39),82.0,False,False
four_coarse_clustered_seed1_k20,clustered,10,40,lamp (40),60.0,False,False
four_coarse_clustered_seed1_k20,clustered,10,41,lawn_mower (41),88.0,False,False
four_coarse_clustered_seed1_k20,clustered,10,42,leopard (42),76.0,False,False
four_coarse_clustered_seed1_k20,clustered,10,43,lion (43),83.0,False,False
four_coarse_clustered_seed1_k20,clustered,10,44,lizard (44),46.0,False,False
four_coarse_clustered_seed1_k20,clustered,10,45,lobster (45),65.0,False,False
four_coarse_clustered_seed1_k20,clustered,10,46,man (46),49.0,False,False
four_coarse_clustered_seed1_k20,clustered,10,47,maple_tree (47),64.0,False,False
four_coarse_clustered_seed1_k20,clustered,10,48,摩托車 / motorcycle (48),6.0,True,True
four_coarse_clustered_seed1_k20,clustered,10,49,山 / mountain (49),0.0,True,True
four_coarse_clustered_seed1_k20,clustered,10,50,mouse (50),53.0,False,False
four_coarse_clustered_seed1_k20,clustered,10,51,mushroom (51),72.0,False,False
four_coarse_clustered_seed1_k20,clustered,10,52,oak_tree (52),65.0,False,False
four_coarse_clustered_seed1_k20,clustered,10,53,orange (53),89.0,False,False
four_coarse_clustered_seed1_k20,clustered,10,54,orchid (54),83.0,False,False
four_coarse_clustered_seed1_k20,clustered,10,55,otter (55),40.0,False,False
four_coarse_clustered_seed1_k20,clustered,10,56,palm_tree (56),89.0,False,False
four_coarse_clustered_seed1_k20,clustered,10,57,pear (57),80.0,False,False
four_coarse_clustered_seed1_k20,clustered,10,58,皮卡車 / pickup_truck (58),0.0,True,True
four_coarse_clustered_seed1_k20,clustered,10,59,pine_tree (59),72.0,False,False
four_coarse_clustered_seed1_k20,clustered,10,60,平原 / plain (60),0.0,True,True
four_coarse_clustered_seed1_k20,clustered,10,61,plate (61),68.0,False,False
four_coarse_clustered_seed1_k20,clustered,10,62,poppy (62),80.0,False,False
four_coarse_clustered_seed1_k20,clustered,10,63,porcupine (63),66.0,False,False
four_coarse_clustered_seed1_k20,clustered,10,64,possum (64),51.0,False,False
four_coarse_clustered_seed1_k20,clustered,10,65,rabbit (65),57.0,False,False
four_coarse_clustered_seed1_k20,clustered,10,66,raccoon (66),79.0,False,False
four_coarse_clustered_seed1_k20,clustered,10,67,ray (67),55.0,False,False
four_coarse_clustered_seed1_k20,clustered,10,68,道路 / road (68),93.0,True,False
four_coarse_clustered_seed1_k20,clustered,10,69,rocket (69),80.0,False,False
four_coarse_clustered_seed1_k20,clustered,10,70,rose (70),70.0,False,False
four_coarse_clustered_seed1_k20,clustered,10,71,海 / sea (71),0.0,True,True
four_coarse_clustered_seed1_k20,clustered,10,72,seal (72),41.0,False,False
four_coarse_clustered_seed1_k20,clustered,10,73,shark (73),58.0,False,False
four_coarse_clustered_seed1_k20,clustered,10,74,shrew (74),47.0,False,False
four_coarse_clustered_seed1_k20,clustered,10,75,skunk (75),89.0,False,False
four_coarse_clustered_seed1_k20,clustered,10,76,摩天大樓 / skyscraper (76),89.0,True,False
four_coarse_clustered_seed1_k20,clustered,10,77,snail (77),60.0,False,False
four_coarse_clustered_seed1_k20,clustered,10,78,snake (78),62.0,False,False
four_coarse_clustered_seed1_k20,clustered,10,79,spider (79),72.0,False,False
four_coarse_clustered_seed1_k20,clustered,10,80,squirrel (80),54.0,False,False
four_coarse_clustered_seed1_k20,clustered,10,81,streetcar (81),85.0,False,False
four_coarse_clustered_seed1_k20,clustered,10,82,sunflower (82),89.0,False,False
four_coarse_clustered_seed1_k20,clustered,10,83,sweet_pepper (83),70.0,False,False
four_coarse_clustered_seed1_k20,clustered,10,84,table (84),70.0,False,False
four_coarse_clustered_seed1_k20,clustered,10,85,tank (85),78.0,False,False
four_coarse_clustered_seed1_k20,clustered,10,86,telephone (86),66.0,False,False
four_coarse_clustered_seed1_k20,clustered,10,87,television (87),81.0,False,False
four_coarse_clustered_seed1_k20,clustered,10,88,tiger (88),81.0,False,False
four_coarse_clustered_seed1_k20,clustered,10,89,tractor (89),88.0,False,False
four_coarse_clustered_seed1_k20,clustered,10,90,火車 / train (90),0.0,True,True
four_coarse_clustered_seed1_k20,clustered,10,91,trout (91),76.0,False,False
four_coarse_clustered_seed1_k20,clustered,10,92,tulip (92),60.0,False,False
four_coarse_clustered_seed1_k20,clustered,10,93,turtle (93),57.0,False,False
four_coarse_clustered_seed1_k20,clustered,10,94,wardrobe (94),92.0,False,False
four_coarse_clustered_seed1_k20,clustered,10,95,whale (95),75.0,False,False
four_coarse_clustered_seed1_k20,clustered,10,96,willow_tree (96),69.0,False,False
four_coarse_clustered_seed1_k20,clustered,10,97,wolf (97),77.0,False,False
four_coarse_clustered_seed1_k20,clustered,10,98,woman (98),48.0,False,False
four_coarse_clustered_seed1_k20,clustered,10,99,worm (99),72.0,False,False
four_coarse_clustered_seed1_k20,clustered,11,0,apple (0),89.0,False,False
four_coarse_clustered_seed1_k20,clustered,11,1,aquarium_fish (1),79.0,False,False
four_coarse_clustered_seed1_k20,clustered,11,2,baby (2),60.0,False,False
four_coarse_clustered_seed1_k20,clustered,11,3,bear (3),55.0,False,False
four_coarse_clustered_seed1_k20,clustered,11,4,beaver (4),63.0,False,False
four_coarse_clustered_seed1_k20,clustered,11,5,bed (5),70.0,False,False
four_coarse_clustered_seed1_k20,clustered,11,6,bee (6),79.0,False,False
four_coarse_clustered_seed1_k20,clustered,11,7,beetle (7),73.0,False,False
four_coarse_clustered_seed1_k20,clustered,11,8,腳踏車 / bicycle (8),41.0,True,True
four_coarse_clustered_seed1_k20,clustered,11,9,bottle (9),80.0,False,False
four_coarse_clustered_seed1_k20,clustered,11,10,bowl (10),46.0,False,False
four_coarse_clustered_seed1_k20,clustered,11,11,boy (11),45.0,False,False
four_coarse_clustered_seed1_k20,clustered,11,12,橋 / bridge (12),80.0,True,False
four_coarse_clustered_seed1_k20,clustered,11,13,公車 / bus (13),1.0,True,True
four_coarse_clustered_seed1_k20,clustered,11,14,butterfly (14),60.0,False,False
four_coarse_clustered_seed1_k20,clustered,11,15,駱駝 / camel (15),0.0,True,True
four_coarse_clustered_seed1_k20,clustered,11,16,can (16),78.0,False,False
four_coarse_clustered_seed1_k20,clustered,11,17,城堡 / castle (17),81.0,True,False
four_coarse_clustered_seed1_k20,clustered,11,18,caterpillar (18),59.0,False,False
four_coarse_clustered_seed1_k20,clustered,11,19,牛 / cattle (19),67.0,True,False
four_coarse_clustered_seed1_k20,clustered,11,20,chair (20),86.0,False,False
four_coarse_clustered_seed1_k20,clustered,11,21,黑猩猩 / chimpanzee (21),86.0,True,False
four_coarse_clustered_seed1_k20,clustered,11,22,clock (22),69.0,False,False
four_coarse_clustered_seed1_k20,clustered,11,23,雲 / cloud (23),0.0,True,True
four_coarse_clustered_seed1_k20,clustered,11,24,cockroach (24),78.0,False,False
four_coarse_clustered_seed1_k20,clustered,11,25,couch (25),58.0,False,False
four_coarse_clustered_seed1_k20,clustered,11,26,crab (26),61.0,False,False
four_coarse_clustered_seed1_k20,clustered,11,27,crocodile (27),53.0,False,False
four_coarse_clustered_seed1_k20,clustered,11,28,cup (28),77.0,False,False
four_coarse_clustered_seed1_k20,clustered,11,29,dinosaur (29),62.0,False,False
four_coarse_clustered_seed1_k20,clustered,11,30,dolphin (30),70.0,False,False
four_coarse_clustered_seed1_k20,clustered,11,31,大象 / elephant (31),63.0,True,False
four_coarse_clustered_seed1_k20,clustered,11,32,flatfish (32),63.0,False,False
four_coarse_clustered_seed1_k20,clustered,11,33,森林 / forest (33),0.0,True,True
four_coarse_clustered_seed1_k20,clustered,11,34,fox (34),74.0,False,False
four_coarse_clustered_seed1_k20,clustered,11,35,girl (35),49.0,False,False
four_coarse_clustered_seed1_k20,clustered,11,36,hamster (36),79.0,False,False
four_coarse_clustered_seed1_k20,clustered,11,37,房子 / house (37),78.0,True,False
four_coarse_clustered_seed1_k20,clustered,11,38,袋鼠 / kangaroo (38),65.0,True,False
four_coarse_clustered_seed1_k20,clustered,11,39,keyboard (39),78.0,False,False
four_coarse_clustered_seed1_k20,clustered,11,40,lamp (40),63.0,False,False
four_coarse_clustered_seed1_k20,clustered,11,41,lawn_mower (41),89.0,False,False
four_coarse_clustered_seed1_k20,clustered,11,42,leopard (42),75.0,False,False
four_coarse_clustered_seed1_k20,clustered,11,43,lion (43),84.0,False,False
four_coarse_clustered_seed1_k20,clustered,11,44,lizard (44),50.0,False,False
four_coarse_clustered_seed1_k20,clustered,11,45,lobster (45),63.0,False,False
four_coarse_clustered_seed1_k20,clustered,11,46,man (46),50.0,False,False
four_coarse_clustered_seed1_k20,clustered,11,47,maple_tree (47),68.0,False,False
four_coarse_clustered_seed1_k20,clustered,11,48,摩托車 / motorcycle (48),9.0,True,True
four_coarse_clustered_seed1_k20,clustered,11,49,山 / mountain (49),0.0,True,True
four_coarse_clustered_seed1_k20,clustered,11,50,mouse (50),51.0,False,False
four_coarse_clustered_seed1_k20,clustered,11,51,mushroom (51),70.0,False,False
four_coarse_clustered_seed1_k20,clustered,11,52,oak_tree (52),66.0,False,False
four_coarse_clustered_seed1_k20,clustered,11,53,orange (53),88.0,False,False
four_coarse_clustered_seed1_k20,clustered,11,54,orchid (54),77.0,False,False
four_coarse_clustered_seed1_k20,clustered,11,55,otter (55),46.0,False,False
four_coarse_clustered_seed1_k20,clustered,11,56,palm_tree (56),87.0,False,False
four_coarse_clustered_seed1_k20,clustered,11,57,pear (57),80.0,False,False
four_coarse_clustered_seed1_k20,clustered,11,58,皮卡車 / pickup_truck (58),0.0,True,True
four_coarse_clustered_seed1_k20,clustered,11,59,pine_tree (59),70.0,False,False
four_coarse_clustered_seed1_k20,clustered,11,60,平原 / plain (60),0.0,True,True
four_coarse_clustered_seed1_k20,clustered,11,61,plate (61),69.0,False,False
four_coarse_clustered_seed1_k20,clustered,11,62,poppy (62),82.0,False,False
four_coarse_clustered_seed1_k20,clustered,11,63,porcupine (63),69.0,False,False
four_coarse_clustered_seed1_k20,clustered,11,64,possum (64),53.0,False,False
four_coarse_clustered_seed1_k20,clustered,11,65,rabbit (65),57.0,False,False
four_coarse_clustered_seed1_k20,clustered,11,66,raccoon (66),77.0,False,False
four_coarse_clustered_seed1_k20,clustered,11,67,ray (67),56.0,False,False
four_coarse_clustered_seed1_k20,clustered,11,68,道路 / road (68),95.0,True,False
four_coarse_clustered_seed1_k20,clustered,11,69,rocket (69),76.0,False,False
four_coarse_clustered_seed1_k20,clustered,11,70,rose (70),69.0,False,False
four_coarse_clustered_seed1_k20,clustered,11,71,海 / sea (71),0.0,True,True
four_coarse_clustered_seed1_k20,clustered,11,72,seal (72),40.0,False,False
four_coarse_clustered_seed1_k20,clustered,11,73,shark (73),58.0,False,False
four_coarse_clustered_seed1_k20,clustered,11,74,shrew (74),49.0,False,False
four_coarse_clustered_seed1_k20,clustered,11,75,skunk (75),85.0,False,False
four_coarse_clustered_seed1_k20,clustered,11,76,摩天大樓 / skyscraper (76),89.0,True,False
four_coarse_clustered_seed1_k20,clustered,11,77,snail (77),66.0,False,False
four_coarse_clustered_seed1_k20,clustered,11,78,snake (78),62.0,False,False
four_coarse_clustered_seed1_k20,clustered,11,79,spider (79),71.0,False,False
four_coarse_clustered_seed1_k20,clustered,11,80,squirrel (80),54.0,False,False
four_coarse_clustered_seed1_k20,clustered,11,81,streetcar (81),88.0,False,False
four_coarse_clustered_seed1_k20,clustered,11,82,sunflower (82),91.0,False,False
four_coarse_clustered_seed1_k20,clustered,11,83,sweet_pepper (83),69.0,False,False
four_coarse_clustered_seed1_k20,clustered,11,84,table (84),70.0,False,False
four_coarse_clustered_seed1_k20,clustered,11,85,tank (85),77.0,False,False
four_coarse_clustered_seed1_k20,clustered,11,86,telephone (86),65.0,False,False
four_coarse_clustered_seed1_k20,clustered,11,87,television (87),80.0,False,False
four_coarse_clustered_seed1_k20,clustered,11,88,tiger (88),77.0,False,False
four_coarse_clustered_seed1_k20,clustered,11,89,tractor (89),88.0,False,False
four_coarse_clustered_seed1_k20,clustered,11,90,火車 / train (90),0.0,True,True
four_coarse_clustered_seed1_k20,clustered,11,91,trout (91),76.0,False,False
four_coarse_clustered_seed1_k20,clustered,11,92,tulip (92),62.0,False,False
four_coarse_clustered_seed1_k20,clustered,11,93,turtle (93),55.0,False,False
four_coarse_clustered_seed1_k20,clustered,11,94,wardrobe (94),91.0,False,False
four_coarse_clustered_seed1_k20,clustered,11,95,whale (95),74.0,False,False
four_coarse_clustered_seed1_k20,clustered,11,96,willow_tree (96),63.0,False,False
four_coarse_clustered_seed1_k20,clustered,11,97,wolf (97),76.0,False,False
four_coarse_clustered_seed1_k20,clustered,11,98,woman (98),51.0,False,False
four_coarse_clustered_seed1_k20,clustered,11,99,worm (99),70.0,False,False
four_coarse_clustered_seed1_k20,clustered,12,0,apple (0),90.0,False,False
four_coarse_clustered_seed1_k20,clustered,12,1,aquarium_fish (1),80.0,False,False
four_coarse_clustered_seed1_k20,clustered,12,2,baby (2),62.0,False,False
four_coarse_clustered_seed1_k20,clustered,12,3,bear (3),55.0,False,False
four_coarse_clustered_seed1_k20,clustered,12,4,beaver (4),64.0,False,False
four_coarse_clustered_seed1_k20,clustered,12,5,bed (5),73.0,False,False
four_coarse_clustered_seed1_k20,clustered,12,6,bee (6),79.0,False,False
four_coarse_clustered_seed1_k20,clustered,12,7,beetle (7),76.0,False,False
four_coarse_clustered_seed1_k20,clustered,12,8,腳踏車 / bicycle (8),35.0,True,True
four_coarse_clustered_seed1_k20,clustered,12,9,bottle (9),76.0,False,False
four_coarse_clustered_seed1_k20,clustered,12,10,bowl (10),45.0,False,False
four_coarse_clustered_seed1_k20,clustered,12,11,boy (11),49.0,False,False
four_coarse_clustered_seed1_k20,clustered,12,12,橋 / bridge (12),81.0,True,False
four_coarse_clustered_seed1_k20,clustered,12,13,公車 / bus (13),0.0,True,True
four_coarse_clustered_seed1_k20,clustered,12,14,butterfly (14),54.0,False,False
four_coarse_clustered_seed1_k20,clustered,12,15,駱駝 / camel (15),0.0,True,True
four_coarse_clustered_seed1_k20,clustered,12,16,can (16),80.0,False,False
four_coarse_clustered_seed1_k20,clustered,12,17,城堡 / castle (17),84.0,True,False
four_coarse_clustered_seed1_k20,clustered,12,18,caterpillar (18),62.0,False,False
four_coarse_clustered_seed1_k20,clustered,12,19,牛 / cattle (19),0.0,True,True
four_coarse_clustered_seed1_k20,clustered,12,20,chair (20),86.0,False,False
four_coarse_clustered_seed1_k20,clustered,12,21,黑猩猩 / chimpanzee (21),86.0,True,False
four_coarse_clustered_seed1_k20,clustered,12,22,clock (22),68.0,False,False
four_coarse_clustered_seed1_k20,clustered,12,23,雲 / cloud (23),0.0,True,True
four_coarse_clustered_seed1_k20,clustered,12,24,cockroach (24),78.0,False,False
four_coarse_clustered_seed1_k20,clustered,12,25,couch (25),59.0,False,False
four_coarse_clustered_seed1_k20,clustered,12,26,crab (26),62.0,False,False
four_coarse_clustered_seed1_k20,clustered,12,27,crocodile (27),56.0,False,False
four_coarse_clustered_seed1_k20,clustered,12,28,cup (28),77.0,False,False
four_coarse_clustered_seed1_k20,clustered,12,29,dinosaur (29),65.0,False,False
four_coarse_clustered_seed1_k20,clustered,12,30,dolphin (30),72.0,False,False
four_coarse_clustered_seed1_k20,clustered,12,31,大象 / elephant (31),69.0,True,False
four_coarse_clustered_seed1_k20,clustered,12,32,flatfish (32),65.0,False,False
four_coarse_clustered_seed1_k20,clustered,12,33,森林 / forest (33),0.0,True,True
four_coarse_clustered_seed1_k20,clustered,12,34,fox (34),73.0,False,False
four_coarse_clustered_seed1_k20,clustered,12,35,girl (35),48.0,False,False
four_coarse_clustered_seed1_k20,clustered,12,36,hamster (36),79.0,False,False
four_coarse_clustered_seed1_k20,clustered,12,37,房子 / house (37),78.0,True,False
four_coarse_clustered_seed1_k20,clustered,12,38,袋鼠 / kangaroo (38),66.0,True,False
four_coarse_clustered_seed1_k20,clustered,12,39,keyboard (39),80.0,False,False
four_coarse_clustered_seed1_k20,clustered,12,40,lamp (40),62.0,False,False
four_coarse_clustered_seed1_k20,clustered,12,41,lawn_mower (41),89.0,False,False
four_coarse_clustered_seed1_k20,clustered,12,42,leopard (42),75.0,False,False
four_coarse_clustered_seed1_k20,clustered,12,43,lion (43),84.0,False,False
four_coarse_clustered_seed1_k20,clustered,12,44,lizard (44),48.0,False,False
four_coarse_clustered_seed1_k20,clustered,12,45,lobster (45),59.0,False,False
four_coarse_clustered_seed1_k20,clustered,12,46,man (46),48.0,False,False
four_coarse_clustered_seed1_k20,clustered,12,47,maple_tree (47),65.0,False,False
four_coarse_clustered_seed1_k20,clustered,12,48,摩托車 / motorcycle (48),8.0,True,True
four_coarse_clustered_seed1_k20,clustered,12,49,山 / mountain (49),0.0,True,True
four_coarse_clustered_seed1_k20,clustered,12,50,mouse (50),53.0,False,False
four_coarse_clustered_seed1_k20,clustered,12,51,mushroom (51),71.0,False,False
four_coarse_clustered_seed1_k20,clustered,12,52,oak_tree (52),68.0,False,False
four_coarse_clustered_seed1_k20,clustered,12,53,orange (53),88.0,False,False
four_coarse_clustered_seed1_k20,clustered,12,54,orchid (54),80.0,False,False
four_coarse_clustered_seed1_k20,clustered,12,55,otter (55),45.0,False,False
four_coarse_clustered_seed1_k20,clustered,12,56,palm_tree (56),86.0,False,False
four_coarse_clustered_seed1_k20,clustered,12,57,pear (57),81.0,False,False
four_coarse_clustered_seed1_k20,clustered,12,58,皮卡車 / pickup_truck (58),0.0,True,True
four_coarse_clustered_seed1_k20,clustered,12,59,pine_tree (59),71.0,False,False
four_coarse_clustered_seed1_k20,clustered,12,60,平原 / plain (60),0.0,True,True
four_coarse_clustered_seed1_k20,clustered,12,61,plate (61),67.0,False,False
four_coarse_clustered_seed1_k20,clustered,12,62,poppy (62),80.0,False,False
four_coarse_clustered_seed1_k20,clustered,12,63,porcupine (63),70.0,False,False
four_coarse_clustered_seed1_k20,clustered,12,64,possum (64),51.0,False,False
four_coarse_clustered_seed1_k20,clustered,12,65,rabbit (65),57.0,False,False
four_coarse_clustered_seed1_k20,clustered,12,66,raccoon (66),78.0,False,False
four_coarse_clustered_seed1_k20,clustered,12,67,ray (67),57.0,False,False
four_coarse_clustered_seed1_k20,clustered,12,68,道路 / road (68),96.0,True,False
four_coarse_clustered_seed1_k20,clustered,12,69,rocket (69),81.0,False,False
four_coarse_clustered_seed1_k20,clustered,12,70,rose (70),68.0,False,False
four_coarse_clustered_seed1_k20,clustered,12,71,海 / sea (71),0.0,True,True
four_coarse_clustered_seed1_k20,clustered,12,72,seal (72),39.0,False,False
four_coarse_clustered_seed1_k20,clustered,12,73,shark (73),60.0,False,False
four_coarse_clustered_seed1_k20,clustered,12,74,shrew (74),51.0,False,False
four_coarse_clustered_seed1_k20,clustered,12,75,skunk (75),87.0,False,False
four_coarse_clustered_seed1_k20,clustered,12,76,摩天大樓 / skyscraper (76),89.0,True,False
four_coarse_clustered_seed1_k20,clustered,12,77,snail (77),64.0,False,False
four_coarse_clustered_seed1_k20,clustered,12,78,snake (78),61.0,False,False
four_coarse_clustered_seed1_k20,clustered,12,79,spider (79),71.0,False,False
four_coarse_clustered_seed1_k20,clustered,12,80,squirrel (80),58.0,False,False
four_coarse_clustered_seed1_k20,clustered,12,81,streetcar (81),85.0,False,False
four_coarse_clustered_seed1_k20,clustered,12,82,sunflower (82),92.0,False,False
four_coarse_clustered_seed1_k20,clustered,12,83,sweet_pepper (83),69.0,False,False
four_coarse_clustered_seed1_k20,clustered,12,84,table (84),69.0,False,False
four_coarse_clustered_seed1_k20,clustered,12,85,tank (85),75.0,False,False
four_coarse_clustered_seed1_k20,clustered,12,86,telephone (86),64.0,False,False
four_coarse_clustered_seed1_k20,clustered,12,87,television (87),80.0,False,False
four_coarse_clustered_seed1_k20,clustered,12,88,tiger (88),79.0,False,False
four_coarse_clustered_seed1_k20,clustered,12,89,tractor (89),88.0,False,False
four_coarse_clustered_seed1_k20,clustered,12,90,火車 / train (90),1.0,True,True
four_coarse_clustered_seed1_k20,clustered,12,91,trout (91),76.0,False,False
four_coarse_clustered_seed1_k20,clustered,12,92,tulip (92),62.0,False,False
four_coarse_clustered_seed1_k20,clustered,12,93,turtle (93),56.0,False,False
four_coarse_clustered_seed1_k20,clustered,12,94,wardrobe (94),92.0,False,False
four_coarse_clustered_seed1_k20,clustered,12,95,whale (95),74.0,False,False
four_coarse_clustered_seed1_k20,clustered,12,96,willow_tree (96),69.0,False,False
four_coarse_clustered_seed1_k20,clustered,12,97,wolf (97),74.0,False,False
four_coarse_clustered_seed1_k20,clustered,12,98,woman (98),49.0,False,False
four_coarse_clustered_seed1_k20,clustered,12,99,worm (99),69.0,False,False
four_coarse_clustered_seed1_k20,clustered,13,0,apple (0),90.0,False,False
four_coarse_clustered_seed1_k20,clustered,13,1,aquarium_fish (1),82.0,False,False
four_coarse_clustered_seed1_k20,clustered,13,2,baby (2),64.0,False,False
four_coarse_clustered_seed1_k20,clustered,13,3,bear (3),58.0,False,False
four_coarse_clustered_seed1_k20,clustered,13,4,beaver (4),60.0,False,False
four_coarse_clustered_seed1_k20,clustered,13,5,bed (5),75.0,False,False
four_coarse_clustered_seed1_k20,clustered,13,6,bee (6),81.0,False,False
four_coarse_clustered_seed1_k20,clustered,13,7,beetle (7),72.0,False,False
four_coarse_clustered_seed1_k20,clustered,13,8,腳踏車 / bicycle (8),31.0,True,True
four_coarse_clustered_seed1_k20,clustered,13,9,bottle (9),81.0,False,False
four_coarse_clustered_seed1_k20,clustered,13,10,bowl (10),47.0,False,False
four_coarse_clustered_seed1_k20,clustered,13,11,boy (11),48.0,False,False
four_coarse_clustered_seed1_k20,clustered,13,12,橋 / bridge (12),81.0,True,False
four_coarse_clustered_seed1_k20,clustered,13,13,公車 / bus (13),0.0,True,True
four_coarse_clustered_seed1_k20,clustered,13,14,butterfly (14),54.0,False,False
four_coarse_clustered_seed1_k20,clustered,13,15,駱駝 / camel (15),0.0,True,True
four_coarse_clustered_seed1_k20,clustered,13,16,can (16),79.0,False,False
four_coarse_clustered_seed1_k20,clustered,13,17,城堡 / castle (17),83.0,True,False
four_coarse_clustered_seed1_k20,clustered,13,18,caterpillar (18),62.0,False,False
four_coarse_clustered_seed1_k20,clustered,13,19,牛 / cattle (19),0.0,True,True
four_coarse_clustered_seed1_k20,clustered,13,20,chair (20),87.0,False,False
four_coarse_clustered_seed1_k20,clustered,13,21,黑猩猩 / chimpanzee (21),0.0,True,True
four_coarse_clustered_seed1_k20,clustered,13,22,clock (22),69.0,False,False
four_coarse_clustered_seed1_k20,clustered,13,23,雲 / cloud (23),0.0,True,True
four_coarse_clustered_seed1_k20,clustered,13,24,cockroach (24),79.0,False,False
four_coarse_clustered_seed1_k20,clustered,13,25,couch (25),56.0,False,False
four_coarse_clustered_seed1_k20,clustered,13,26,crab (26),64.0,False,False
four_coarse_clustered_seed1_k20,clustered,13,27,crocodile (27),57.0,False,False
four_coarse_clustered_seed1_k20,clustered,13,28,cup (28),77.0,False,False
four_coarse_clustered_seed1_k20,clustered,13,29,dinosaur (29),69.0,False,False
four_coarse_clustered_seed1_k20,clustered,13,30,dolphin (30),70.0,False,False
four_coarse_clustered_seed1_k20,clustered,13,31,大象 / elephant (31),72.0,True,False
four_coarse_clustered_seed1_k20,clustered,13,32,flatfish (32),62.0,False,False
four_coarse_clustered_seed1_k20,clustered,13,33,森林 / forest (33),0.0,True,True
four_coarse_clustered_seed1_k20,clustered,13,34,fox (34),75.0,False,False
four_coarse_clustered_seed1_k20,clustered,13,35,girl (35),45.0,False,False
four_coarse_clustered_seed1_k20,clustered,13,36,hamster (36),81.0,False,False
four_coarse_clustered_seed1_k20,clustered,13,37,房子 / house (37),79.0,True,False
four_coarse_clustered_seed1_k20,clustered,13,38,袋鼠 / kangaroo (38),65.0,True,False
four_coarse_clustered_seed1_k20,clustered,13,39,keyboard (39),80.0,False,False
four_coarse_clustered_seed1_k20,clustered,13,40,lamp (40),62.0,False,False
four_coarse_clustered_seed1_k20,clustered,13,41,lawn_mower (41),89.0,False,False
four_coarse_clustered_seed1_k20,clustered,13,42,leopard (42),77.0,False,False
four_coarse_clustered_seed1_k20,clustered,13,43,lion (43),88.0,False,False
four_coarse_clustered_seed1_k20,clustered,13,44,lizard (44),48.0,False,False
four_coarse_clustered_seed1_k20,clustered,13,45,lobster (45),63.0,False,False
four_coarse_clustered_seed1_k20,clustered,13,46,man (46),47.0,False,False
four_coarse_clustered_seed1_k20,clustered,13,47,maple_tree (47),66.0,False,False
four_coarse_clustered_seed1_k20,clustered,13,48,摩托車 / motorcycle (48),9.0,True,True
four_coarse_clustered_seed1_k20,clustered,13,49,山 / mountain (49),0.0,True,True
four_coarse_clustered_seed1_k20,clustered,13,50,mouse (50),54.0,False,False
four_coarse_clustered_seed1_k20,clustered,13,51,mushroom (51),71.0,False,False
four_coarse_clustered_seed1_k20,clustered,13,52,oak_tree (52),67.0,False,False
four_coarse_clustered_seed1_k20,clustered,13,53,orange (53),89.0,False,False
four_coarse_clustered_seed1_k20,clustered,13,54,orchid (54),82.0,False,False
four_coarse_clustered_seed1_k20,clustered,13,55,otter (55),41.0,False,False
four_coarse_clustered_seed1_k20,clustered,13,56,palm_tree (56),88.0,False,False
four_coarse_clustered_seed1_k20,clustered,13,57,pear (57),78.0,False,False
four_coarse_clustered_seed1_k20,clustered,13,58,皮卡車 / pickup_truck (58),0.0,True,True
four_coarse_clustered_seed1_k20,clustered,13,59,pine_tree (59),73.0,False,False
four_coarse_clustered_seed1_k20,clustered,13,60,平原 / plain (60),0.0,True,True
four_coarse_clustered_seed1_k20,clustered,13,61,plate (61),69.0,False,False
four_coarse_clustered_seed1_k20,clustered,13,62,poppy (62),81.0,False,False
four_coarse_clustered_seed1_k20,clustered,13,63,porcupine (63),69.0,False,False
four_coarse_clustered_seed1_k20,clustered,13,64,possum (64),51.0,False,False
four_coarse_clustered_seed1_k20,clustered,13,65,rabbit (65),61.0,False,False
four_coarse_clustered_seed1_k20,clustered,13,66,raccoon (66),80.0,False,False
four_coarse_clustered_seed1_k20,clustered,13,67,ray (67),56.0,False,False
four_coarse_clustered_seed1_k20,clustered,13,68,道路 / road (68),97.0,True,False
four_coarse_clustered_seed1_k20,clustered,13,69,rocket (69),79.0,False,False
four_coarse_clustered_seed1_k20,clustered,13,70,rose (70),69.0,False,False
four_coarse_clustered_seed1_k20,clustered,13,71,海 / sea (71),0.0,True,True
four_coarse_clustered_seed1_k20,clustered,13,72,seal (72),40.0,False,False
four_coarse_clustered_seed1_k20,clustered,13,73,shark (73),59.0,False,False
four_coarse_clustered_seed1_k20,clustered,13,74,shrew (74),52.0,False,False
four_coarse_clustered_seed1_k20,clustered,13,75,skunk (75),89.0,False,False
four_coarse_clustered_seed1_k20,clustered,13,76,摩天大樓 / skyscraper (76),90.0,True,False
four_coarse_clustered_seed1_k20,clustered,13,77,snail (77),63.0,False,False
four_coarse_clustered_seed1_k20,clustered,13,78,snake (78),60.0,False,False
four_coarse_clustered_seed1_k20,clustered,13,79,spider (79),70.0,False,False
four_coarse_clustered_seed1_k20,clustered,13,80,squirrel (80),55.0,False,False
four_coarse_clustered_seed1_k20,clustered,13,81,streetcar (81),86.0,False,False
four_coarse_clustered_seed1_k20,clustered,13,82,sunflower (82),92.0,False,False
four_coarse_clustered_seed1_k20,clustered,13,83,sweet_pepper (83),70.0,False,False
four_coarse_clustered_seed1_k20,clustered,13,84,table (84),70.0,False,False
four_coarse_clustered_seed1_k20,clustered,13,85,tank (85),77.0,False,False
four_coarse_clustered_seed1_k20,clustered,13,86,telephone (86),65.0,False,False
four_coarse_clustered_seed1_k20,clustered,13,87,television (87),81.0,False,False
four_coarse_clustered_seed1_k20,clustered,13,88,tiger (88),79.0,False,False
four_coarse_clustered_seed1_k20,clustered,13,89,tractor (89),87.0,False,False
four_coarse_clustered_seed1_k20,clustered,13,90,火車 / train (90),0.0,True,True
four_coarse_clustered_seed1_k20,clustered,13,91,trout (91),79.0,False,False
four_coarse_clustered_seed1_k20,clustered,13,92,tulip (92),61.0,False,False
four_coarse_clustered_seed1_k20,clustered,13,93,turtle (93),53.0,False,False
four_coarse_clustered_seed1_k20,clustered,13,94,wardrobe (94),92.0,False,False
four_coarse_clustered_seed1_k20,clustered,13,95,whale (95),72.0,False,False
four_coarse_clustered_seed1_k20,clustered,13,96,willow_tree (96),65.0,False,False
four_coarse_clustered_seed1_k20,clustered,13,97,wolf (97),74.0,False,False
four_coarse_clustered_seed1_k20,clustered,13,98,woman (98),54.0,False,False
four_coarse_clustered_seed1_k20,clustered,13,99,worm (99),70.0,False,False
four_coarse_clustered_seed1_k20,clustered,14,0,apple (0),88.0,False,False
four_coarse_clustered_seed1_k20,clustered,14,1,aquarium_fish (1),81.0,False,False
four_coarse_clustered_seed1_k20,clustered,14,2,baby (2),61.0,False,False
four_coarse_clustered_seed1_k20,clustered,14,3,bear (3),61.0,False,False
four_coarse_clustered_seed1_k20,clustered,14,4,beaver (4),61.0,False,False
four_coarse_clustered_seed1_k20,clustered,14,5,bed (5),73.0,False,False
four_coarse_clustered_seed1_k20,clustered,14,6,bee (6),83.0,False,False
four_coarse_clustered_seed1_k20,clustered,14,7,beetle (7),75.0,False,False
four_coarse_clustered_seed1_k20,clustered,14,8,腳踏車 / bicycle (8),32.0,True,True
four_coarse_clustered_seed1_k20,clustered,14,9,bottle (9),77.0,False,False
four_coarse_clustered_seed1_k20,clustered,14,10,bowl (10),44.0,False,False
four_coarse_clustered_seed1_k20,clustered,14,11,boy (11),49.0,False,False
four_coarse_clustered_seed1_k20,clustered,14,12,橋 / bridge (12),81.0,True,False
four_coarse_clustered_seed1_k20,clustered,14,13,公車 / bus (13),0.0,True,True
four_coarse_clustered_seed1_k20,clustered,14,14,butterfly (14),53.0,False,False
four_coarse_clustered_seed1_k20,clustered,14,15,駱駝 / camel (15),0.0,True,True
four_coarse_clustered_seed1_k20,clustered,14,16,can (16),76.0,False,False
four_coarse_clustered_seed1_k20,clustered,14,17,城堡 / castle (17),83.0,True,False
four_coarse_clustered_seed1_k20,clustered,14,18,caterpillar (18),62.0,False,False
four_coarse_clustered_seed1_k20,clustered,14,19,牛 / cattle (19),0.0,True,True
four_coarse_clustered_seed1_k20,clustered,14,20,chair (20),86.0,False,False
four_coarse_clustered_seed1_k20,clustered,14,21,黑猩猩 / chimpanzee (21),0.0,True,True
four_coarse_clustered_seed1_k20,clustered,14,22,clock (22),65.0,False,False
four_coarse_clustered_seed1_k20,clustered,14,23,雲 / cloud (23),0.0,True,True
four_coarse_clustered_seed1_k20,clustered,14,24,cockroach (24),80.0,False,False
four_coarse_clustered_seed1_k20,clustered,14,25,couch (25),62.0,False,False
four_coarse_clustered_seed1_k20,clustered,14,26,crab (26),61.0,False,False
four_coarse_clustered_seed1_k20,clustered,14,27,crocodile (27),53.0,False,False
four_coarse_clustered_seed1_k20,clustered,14,28,cup (28),76.0,False,False
four_coarse_clustered_seed1_k20,clustered,14,29,dinosaur (29),67.0,False,False
four_coarse_clustered_seed1_k20,clustered,14,30,dolphin (30),72.0,False,False
four_coarse_clustered_seed1_k20,clustered,14,31,大象 / elephant (31),0.0,True,True
four_coarse_clustered_seed1_k20,clustered,14,32,flatfish (32),63.0,False,False
four_coarse_clustered_seed1_k20,clustered,14,33,森林 / forest (33),0.0,True,True
four_coarse_clustered_seed1_k20,clustered,14,34,fox (34),77.0,False,False
four_coarse_clustered_seed1_k20,clustered,14,35,girl (35),47.0,False,False
four_coarse_clustered_seed1_k20,clustered,14,36,hamster (36),80.0,False,False
four_coarse_clustered_seed1_k20,clustered,14,37,房子 / house (37),79.0,True,False
four_coarse_clustered_seed1_k20,clustered,14,38,袋鼠 / kangaroo (38),63.0,True,False
four_coarse_clustered_seed1_k20,clustered,14,39,keyboard (39),83.0,False,False
four_coarse_clustered_seed1_k20,clustered,14,40,lamp (40),65.0,False,False
four_coarse_clustered_seed1_k20,clustered,14,41,lawn_mower (41),88.0,False,False
four_coarse_clustered_seed1_k20,clustered,14,42,leopard (42),74.0,False,False
four_coarse_clustered_seed1_k20,clustered,14,43,lion (43),87.0,False,False
four_coarse_clustered_seed1_k20,clustered,14,44,lizard (44),45.0,False,False
four_coarse_clustered_seed1_k20,clustered,14,45,lobster (45),65.0,False,False
four_coarse_clustered_seed1_k20,clustered,14,46,man (46),49.0,False,False
four_coarse_clustered_seed1_k20,clustered,14,47,maple_tree (47),64.0,False,False
four_coarse_clustered_seed1_k20,clustered,14,48,摩托車 / motorcycle (48),13.0,True,True
four_coarse_clustered_seed1_k20,clustered,14,49,山 / mountain (49),1.0,True,True
four_coarse_clustered_seed1_k20,clustered,14,50,mouse (50),53.0,False,False
four_coarse_clustered_seed1_k20,clustered,14,51,mushroom (51),70.0,False,False
four_coarse_clustered_seed1_k20,clustered,14,52,oak_tree (52),68.0,False,False
four_coarse_clustered_seed1_k20,clustered,14,53,orange (53),88.0,False,False
four_coarse_clustered_seed1_k20,clustered,14,54,orchid (54),82.0,False,False
four_coarse_clustered_seed1_k20,clustered,14,55,otter (55),41.0,False,False
four_coarse_clustered_seed1_k20,clustered,14,56,palm_tree (56),86.0,False,False
four_coarse_clustered_seed1_k20,clustered,14,57,pear (57),79.0,False,False
four_coarse_clustered_seed1_k20,clustered,14,58,皮卡車 / pickup_truck (58),0.0,True,True
four_coarse_clustered_seed1_k20,clustered,14,59,pine_tree (59),71.0,False,False
four_coarse_clustered_seed1_k20,clustered,14,60,平原 / plain (60),0.0,True,True
four_coarse_clustered_seed1_k20,clustered,14,61,plate (61),66.0,False,False
four_coarse_clustered_seed1_k20,clustered,14,62,poppy (62),82.0,False,False
four_coarse_clustered_seed1_k20,clustered,14,63,porcupine (63),73.0,False,False
four_coarse_clustered_seed1_k20,clustered,14,64,possum (64),54.0,False,False
four_coarse_clustered_seed1_k20,clustered,14,65,rabbit (65),57.0,False,False
four_coarse_clustered_seed1_k20,clustered,14,66,raccoon (66),81.0,False,False
four_coarse_clustered_seed1_k20,clustered,14,67,ray (67),56.0,False,False
four_coarse_clustered_seed1_k20,clustered,14,68,道路 / road (68),97.0,True,False
four_coarse_clustered_seed1_k20,clustered,14,69,rocket (69),81.0,False,False
four_coarse_clustered_seed1_k20,clustered,14,70,rose (70),69.0,False,False
four_coarse_clustered_seed1_k20,clustered,14,71,海 / sea (71),0.0,True,True
four_coarse_clustered_seed1_k20,clustered,14,72,seal (72),44.0,False,False
four_coarse_clustered_seed1_k20,clustered,14,73,shark (73),57.0,False,False
four_coarse_clustered_seed1_k20,clustered,14,74,shrew (74),50.0,False,False
four_coarse_clustered_seed1_k20,clustered,14,75,skunk (75),90.0,False,False
four_coarse_clustered_seed1_k20,clustered,14,76,摩天大樓 / skyscraper (76),88.0,True,False
four_coarse_clustered_seed1_k20,clustered,14,77,snail (77),61.0,False,False
four_coarse_clustered_seed1_k20,clustered,14,78,snake (78),63.0,False,False
four_coarse_clustered_seed1_k20,clustered,14,79,spider (79),72.0,False,False
four_coarse_clustered_seed1_k20,clustered,14,80,squirrel (80),59.0,False,False
four_coarse_clustered_seed1_k20,clustered,14,81,streetcar (81),85.0,False,False
four_coarse_clustered_seed1_k20,clustered,14,82,sunflower (82),91.0,False,False
four_coarse_clustered_seed1_k20,clustered,14,83,sweet_pepper (83),66.0,False,False
four_coarse_clustered_seed1_k20,clustered,14,84,table (84),69.0,False,False
four_coarse_clustered_seed1_k20,clustered,14,85,tank (85),81.0,False,False
four_coarse_clustered_seed1_k20,clustered,14,86,telephone (86),66.0,False,False
four_coarse_clustered_seed1_k20,clustered,14,87,television (87),81.0,False,False
four_coarse_clustered_seed1_k20,clustered,14,88,tiger (88),79.0,False,False
four_coarse_clustered_seed1_k20,clustered,14,89,tractor (89),87.0,False,False
four_coarse_clustered_seed1_k20,clustered,14,90,火車 / train (90),0.0,True,True
four_coarse_clustered_seed1_k20,clustered,14,91,trout (91),77.0,False,False
four_coarse_clustered_seed1_k20,clustered,14,92,tulip (92),60.0,False,False
four_coarse_clustered_seed1_k20,clustered,14,93,turtle (93),52.0,False,False
four_coarse_clustered_seed1_k20,clustered,14,94,wardrobe (94),91.0,False,False
four_coarse_clustered_seed1_k20,clustered,14,95,whale (95),72.0,False,False
four_coarse_clustered_seed1_k20,clustered,14,96,willow_tree (96),68.0,False,False
four_coarse_clustered_seed1_k20,clustered,14,97,wolf (97),77.0,False,False
four_coarse_clustered_seed1_k20,clustered,14,98,woman (98),52.0,False,False
four_coarse_clustered_seed1_k20,clustered,14,99,worm (99),71.0,False,False
four_coarse_clustered_seed1_k20,clustered,15,0,apple (0),89.0,False,False
four_coarse_clustered_seed1_k20,clustered,15,1,aquarium_fish (1),80.0,False,False
four_coarse_clustered_seed1_k20,clustered,15,2,baby (2),58.0,False,False
four_coarse_clustered_seed1_k20,clustered,15,3,bear (3),59.0,False,False
four_coarse_clustered_seed1_k20,clustered,15,4,beaver (4),63.0,False,False
four_coarse_clustered_seed1_k20,clustered,15,5,bed (5),72.0,False,False
four_coarse_clustered_seed1_k20,clustered,15,6,bee (6),83.0,False,False
four_coarse_clustered_seed1_k20,clustered,15,7,beetle (7),73.0,False,False
four_coarse_clustered_seed1_k20,clustered,15,8,腳踏車 / bicycle (8),41.0,True,True
four_coarse_clustered_seed1_k20,clustered,15,9,bottle (9),79.0,False,False
four_coarse_clustered_seed1_k20,clustered,15,10,bowl (10),44.0,False,False
four_coarse_clustered_seed1_k20,clustered,15,11,boy (11),50.0,False,False
four_coarse_clustered_seed1_k20,clustered,15,12,橋 / bridge (12),81.0,True,False
four_coarse_clustered_seed1_k20,clustered,15,13,公車 / bus (13),0.0,True,True
four_coarse_clustered_seed1_k20,clustered,15,14,butterfly (14),54.0,False,False
four_coarse_clustered_seed1_k20,clustered,15,15,駱駝 / camel (15),0.0,True,True
four_coarse_clustered_seed1_k20,clustered,15,16,can (16),74.0,False,False
four_coarse_clustered_seed1_k20,clustered,15,17,城堡 / castle (17),84.0,True,False
four_coarse_clustered_seed1_k20,clustered,15,18,caterpillar (18),65.0,False,False
four_coarse_clustered_seed1_k20,clustered,15,19,牛 / cattle (19),0.0,True,True
four_coarse_clustered_seed1_k20,clustered,15,20,chair (20),86.0,False,False
four_coarse_clustered_seed1_k20,clustered,15,21,黑猩猩 / chimpanzee (21),1.0,True,True
four_coarse_clustered_seed1_k20,clustered,15,22,clock (22),66.0,False,False
four_coarse_clustered_seed1_k20,clustered,15,23,雲 / cloud (23),0.0,True,True
four_coarse_clustered_seed1_k20,clustered,15,24,cockroach (24),80.0,False,False
four_coarse_clustered_seed1_k20,clustered,15,25,couch (25),57.0,False,False
four_coarse_clustered_seed1_k20,clustered,15,26,crab (26),63.0,False,False
four_coarse_clustered_seed1_k20,clustered,15,27,crocodile (27),50.0,False,False
four_coarse_clustered_seed1_k20,clustered,15,28,cup (28),76.0,False,False
four_coarse_clustered_seed1_k20,clustered,15,29,dinosaur (29),65.0,False,False
four_coarse_clustered_seed1_k20,clustered,15,30,dolphin (30),71.0,False,False
four_coarse_clustered_seed1_k20,clustered,15,31,大象 / elephant (31),0.0,True,True
four_coarse_clustered_seed1_k20,clustered,15,32,flatfish (32),61.0,False,False
four_coarse_clustered_seed1_k20,clustered,15,33,森林 / forest (33),0.0,True,True
four_coarse_clustered_seed1_k20,clustered,15,34,fox (34),79.0,False,False
four_coarse_clustered_seed1_k20,clustered,15,35,girl (35),47.0,False,False
four_coarse_clustered_seed1_k20,clustered,15,36,hamster (36),81.0,False,False
four_coarse_clustered_seed1_k20,clustered,15,37,房子 / house (37),78.0,True,False
four_coarse_clustered_seed1_k20,clustered,15,38,袋鼠 / kangaroo (38),0.0,True,True
four_coarse_clustered_seed1_k20,clustered,15,39,keyboard (39),82.0,False,False
four_coarse_clustered_seed1_k20,clustered,15,40,lamp (40),64.0,False,False
four_coarse_clustered_seed1_k20,clustered,15,41,lawn_mower (41),90.0,False,False
four_coarse_clustered_seed1_k20,clustered,15,42,leopard (42),71.0,False,False
four_coarse_clustered_seed1_k20,clustered,15,43,lion (43),85.0,False,False
four_coarse_clustered_seed1_k20,clustered,15,44,lizard (44),45.0,False,False
four_coarse_clustered_seed1_k20,clustered,15,45,lobster (45),63.0,False,False
four_coarse_clustered_seed1_k20,clustered,15,46,man (46),50.0,False,False
four_coarse_clustered_seed1_k20,clustered,15,47,maple_tree (47),66.0,False,False
four_coarse_clustered_seed1_k20,clustered,15,48,摩托車 / motorcycle (48),10.0,True,True
four_coarse_clustered_seed1_k20,clustered,15,49,山 / mountain (49),4.0,True,True
four_coarse_clustered_seed1_k20,clustered,15,50,mouse (50),53.0,False,False
four_coarse_clustered_seed1_k20,clustered,15,51,mushroom (51),71.0,False,False
four_coarse_clustered_seed1_k20,clustered,15,52,oak_tree (52),67.0,False,False
four_coarse_clustered_seed1_k20,clustered,15,53,orange (53),88.0,False,False
four_coarse_clustered_seed1_k20,clustered,15,54,orchid (54),83.0,False,False
four_coarse_clustered_seed1_k20,clustered,15,55,otter (55),47.0,False,False
four_coarse_clustered_seed1_k20,clustered,15,56,palm_tree (56),88.0,False,False
four_coarse_clustered_seed1_k20,clustered,15,57,pear (57),78.0,False,False
four_coarse_clustered_seed1_k20,clustered,15,58,皮卡車 / pickup_truck (58),0.0,True,True
four_coarse_clustered_seed1_k20,clustered,15,59,pine_tree (59),70.0,False,False
four_coarse_clustered_seed1_k20,clustered,15,60,平原 / plain (60),0.0,True,True
four_coarse_clustered_seed1_k20,clustered,15,61,plate (61),69.0,False,False
four_coarse_clustered_seed1_k20,clustered,15,62,poppy (62),81.0,False,False
four_coarse_clustered_seed1_k20,clustered,15,63,porcupine (63),70.0,False,False
four_coarse_clustered_seed1_k20,clustered,15,64,possum (64),57.0,False,False
four_coarse_clustered_seed1_k20,clustered,15,65,rabbit (65),56.0,False,False
four_coarse_clustered_seed1_k20,clustered,15,66,raccoon (66),81.0,False,False
four_coarse_clustered_seed1_k20,clustered,15,67,ray (67),53.0,False,False
four_coarse_clustered_seed1_k20,clustered,15,68,道路 / road (68),97.0,True,False
four_coarse_clustered_seed1_k20,clustered,15,69,rocket (69),83.0,False,False
four_coarse_clustered_seed1_k20,clustered,15,70,rose (70),69.0,False,False
four_coarse_clustered_seed1_k20,clustered,15,71,海 / sea (71),0.0,True,True
four_coarse_clustered_seed1_k20,clustered,15,72,seal (72),48.0,False,False
four_coarse_clustered_seed1_k20,clustered,15,73,shark (73),62.0,False,False
four_coarse_clustered_seed1_k20,clustered,15,74,shrew (74),48.0,False,False
four_coarse_clustered_seed1_k20,clustered,15,75,skunk (75),91.0,False,False
four_coarse_clustered_seed1_k20,clustered,15,76,摩天大樓 / skyscraper (76),88.0,True,False
four_coarse_clustered_seed1_k20,clustered,15,77,snail (77),66.0,False,False
four_coarse_clustered_seed1_k20,clustered,15,78,snake (78),61.0,False,False
four_coarse_clustered_seed1_k20,clustered,15,79,spider (79),70.0,False,False
four_coarse_clustered_seed1_k20,clustered,15,80,squirrel (80),53.0,False,False
four_coarse_clustered_seed1_k20,clustered,15,81,streetcar (81),87.0,False,False
four_coarse_clustered_seed1_k20,clustered,15,82,sunflower (82),92.0,False,False
four_coarse_clustered_seed1_k20,clustered,15,83,sweet_pepper (83),67.0,False,False
four_coarse_clustered_seed1_k20,clustered,15,84,table (84),69.0,False,False
four_coarse_clustered_seed1_k20,clustered,15,85,tank (85),78.0,False,False
four_coarse_clustered_seed1_k20,clustered,15,86,telephone (86),66.0,False,False
four_coarse_clustered_seed1_k20,clustered,15,87,television (87),80.0,False,False
four_coarse_clustered_seed1_k20,clustered,15,88,tiger (88),79.0,False,False
four_coarse_clustered_seed1_k20,clustered,15,89,tractor (89),87.0,False,False
four_coarse_clustered_seed1_k20,clustered,15,90,火車 / train (90),2.0,True,True
four_coarse_clustered_seed1_k20,clustered,15,91,trout (91),77.0,False,False
four_coarse_clustered_seed1_k20,clustered,15,92,tulip (92),61.0,False,False
four_coarse_clustered_seed1_k20,clustered,15,93,turtle (93),54.0,False,False
four_coarse_clustered_seed1_k20,clustered,15,94,wardrobe (94),91.0,False,False
four_coarse_clustered_seed1_k20,clustered,15,95,whale (95),73.0,False,False
four_coarse_clustered_seed1_k20,clustered,15,96,willow_tree (96),65.0,False,False
four_coarse_clustered_seed1_k20,clustered,15,97,wolf (97),74.0,False,False
four_coarse_clustered_seed1_k20,clustered,15,98,woman (98),53.0,False,False
four_coarse_clustered_seed1_k20,clustered,15,99,worm (99),71.0,False,False
four_coarse_clustered_seed1_k20,clustered,16,0,apple (0),90.0,False,False
four_coarse_clustered_seed1_k20,clustered,16,1,aquarium_fish (1),79.0,False,False
four_coarse_clustered_seed1_k20,clustered,16,2,baby (2),63.0,False,False
four_coarse_clustered_seed1_k20,clustered,16,3,bear (3),57.0,False,False
four_coarse_clustered_seed1_k20,clustered,16,4,beaver (4),60.0,False,False
four_coarse_clustered_seed1_k20,clustered,16,5,bed (5),74.0,False,False
four_coarse_clustered_seed1_k20,clustered,16,6,bee (6),79.0,False,False
four_coarse_clustered_seed1_k20,clustered,16,7,beetle (7),72.0,False,False
four_coarse_clustered_seed1_k20,clustered,16,8,腳踏車 / bicycle (8),44.0,True,True
four_coarse_clustered_seed1_k20,clustered,16,9,bottle (9),78.0,False,False
four_coarse_clustered_seed1_k20,clustered,16,10,bowl (10),46.0,False,False
four_coarse_clustered_seed1_k20,clustered,16,11,boy (11),48.0,False,False
four_coarse_clustered_seed1_k20,clustered,16,12,橋 / bridge (12),0.0,True,True
four_coarse_clustered_seed1_k20,clustered,16,13,公車 / bus (13),0.0,True,True
four_coarse_clustered_seed1_k20,clustered,16,14,butterfly (14),58.0,False,False
four_coarse_clustered_seed1_k20,clustered,16,15,駱駝 / camel (15),0.0,True,True
four_coarse_clustered_seed1_k20,clustered,16,16,can (16),73.0,False,False
four_coarse_clustered_seed1_k20,clustered,16,17,城堡 / castle (17),83.0,True,False
four_coarse_clustered_seed1_k20,clustered,16,18,caterpillar (18),64.0,False,False
four_coarse_clustered_seed1_k20,clustered,16,19,牛 / cattle (19),0.0,True,True
four_coarse_clustered_seed1_k20,clustered,16,20,chair (20),87.0,False,False
four_coarse_clustered_seed1_k20,clustered,16,21,黑猩猩 / chimpanzee (21),2.0,True,True
four_coarse_clustered_seed1_k20,clustered,16,22,clock (22),64.0,False,False
four_coarse_clustered_seed1_k20,clustered,16,23,雲 / cloud (23),0.0,True,True
four_coarse_clustered_seed1_k20,clustered,16,24,cockroach (24),80.0,False,False
four_coarse_clustered_seed1_k20,clustered,16,25,couch (25),57.0,False,False
four_coarse_clustered_seed1_k20,clustered,16,26,crab (26),63.0,False,False
four_coarse_clustered_seed1_k20,clustered,16,27,crocodile (27),54.0,False,False
four_coarse_clustered_seed1_k20,clustered,16,28,cup (28),76.0,False,False
four_coarse_clustered_seed1_k20,clustered,16,29,dinosaur (29),66.0,False,False
four_coarse_clustered_seed1_k20,clustered,16,30,dolphin (30),71.0,False,False
four_coarse_clustered_seed1_k20,clustered,16,31,大象 / elephant (31),0.0,True,True
four_coarse_clustered_seed1_k20,clustered,16,32,flatfish (32),60.0,False,False
four_coarse_clustered_seed1_k20,clustered,16,33,森林 / forest (33),0.0,True,True
four_coarse_clustered_seed1_k20,clustered,16,34,fox (34),77.0,False,False
four_coarse_clustered_seed1_k20,clustered,16,35,girl (35),47.0,False,False
four_coarse_clustered_seed1_k20,clustered,16,36,hamster (36),82.0,False,False
four_coarse_clustered_seed1_k20,clustered,16,37,房子 / house (37),79.0,True,False
four_coarse_clustered_seed1_k20,clustered,16,38,袋鼠 / kangaroo (38),0.0,True,True
four_coarse_clustered_seed1_k20,clustered,16,39,keyboard (39),84.0,False,False
four_coarse_clustered_seed1_k20,clustered,16,40,lamp (40),65.0,False,False
four_coarse_clustered_seed1_k20,clustered,16,41,lawn_mower (41),90.0,False,False
four_coarse_clustered_seed1_k20,clustered,16,42,leopard (42),71.0,False,False
four_coarse_clustered_seed1_k20,clustered,16,43,lion (43),85.0,False,False
four_coarse_clustered_seed1_k20,clustered,16,44,lizard (44),52.0,False,False
four_coarse_clustered_seed1_k20,clustered,16,45,lobster (45),65.0,False,False
four_coarse_clustered_seed1_k20,clustered,16,46,man (46),48.0,False,False
four_coarse_clustered_seed1_k20,clustered,16,47,maple_tree (47),63.0,False,False
four_coarse_clustered_seed1_k20,clustered,16,48,摩托車 / motorcycle (48),16.0,True,True
four_coarse_clustered_seed1_k20,clustered,16,49,山 / mountain (49),2.0,True,True
four_coarse_clustered_seed1_k20,clustered,16,50,mouse (50),57.0,False,False
four_coarse_clustered_seed1_k20,clustered,16,51,mushroom (51),72.0,False,False
four_coarse_clustered_seed1_k20,clustered,16,52,oak_tree (52),67.0,False,False
four_coarse_clustered_seed1_k20,clustered,16,53,orange (53),90.0,False,False
four_coarse_clustered_seed1_k20,clustered,16,54,orchid (54),81.0,False,False
four_coarse_clustered_seed1_k20,clustered,16,55,otter (55),39.0,False,False
four_coarse_clustered_seed1_k20,clustered,16,56,palm_tree (56),89.0,False,False
four_coarse_clustered_seed1_k20,clustered,16,57,pear (57),79.0,False,False
four_coarse_clustered_seed1_k20,clustered,16,58,皮卡車 / pickup_truck (58),2.0,True,True
four_coarse_clustered_seed1_k20,clustered,16,59,pine_tree (59),73.0,False,False
four_coarse_clustered_seed1_k20,clustered,16,60,平原 / plain (60),0.0,True,True
four_coarse_clustered_seed1_k20,clustered,16,61,plate (61),65.0,False,False
four_coarse_clustered_seed1_k20,clustered,16,62,poppy (62),80.0,False,False
four_coarse_clustered_seed1_k20,clustered,16,63,porcupine (63),66.0,False,False
four_coarse_clustered_seed1_k20,clustered,16,64,possum (64),58.0,False,False
four_coarse_clustered_seed1_k20,clustered,16,65,rabbit (65),59.0,False,False
four_coarse_clustered_seed1_k20,clustered,16,66,raccoon (66),79.0,False,False
four_coarse_clustered_seed1_k20,clustered,16,67,ray (67),55.0,False,False
four_coarse_clustered_seed1_k20,clustered,16,68,道路 / road (68),96.0,True,False
four_coarse_clustered_seed1_k20,clustered,16,69,rocket (69),81.0,False,False
four_coarse_clustered_seed1_k20,clustered,16,70,rose (70),70.0,False,False
four_coarse_clustered_seed1_k20,clustered,16,71,海 / sea (71),0.0,True,True
four_coarse_clustered_seed1_k20,clustered,16,72,seal (72),44.0,False,False
four_coarse_clustered_seed1_k20,clustered,16,73,shark (73),58.0,False,False
four_coarse_clustered_seed1_k20,clustered,16,74,shrew (74),49.0,False,False
four_coarse_clustered_seed1_k20,clustered,16,75,skunk (75),90.0,False,False
four_coarse_clustered_seed1_k20,clustered,16,76,摩天大樓 / skyscraper (76),88.0,True,False
four_coarse_clustered_seed1_k20,clustered,16,77,snail (77),62.0,False,False
four_coarse_clustered_seed1_k20,clustered,16,78,snake (78),63.0,False,False
four_coarse_clustered_seed1_k20,clustered,16,79,spider (79),72.0,False,False
four_coarse_clustered_seed1_k20,clustered,16,80,squirrel (80),52.0,False,False
four_coarse_clustered_seed1_k20,clustered,16,81,streetcar (81),87.0,False,False
four_coarse_clustered_seed1_k20,clustered,16,82,sunflower (82),92.0,False,False
four_coarse_clustered_seed1_k20,clustered,16,83,sweet_pepper (83),69.0,False,False
four_coarse_clustered_seed1_k20,clustered,16,84,table (84),67.0,False,False
four_coarse_clustered_seed1_k20,clustered,16,85,tank (85),82.0,False,False
four_coarse_clustered_seed1_k20,clustered,16,86,telephone (86),67.0,False,False
four_coarse_clustered_seed1_k20,clustered,16,87,television (87),78.0,False,False
four_coarse_clustered_seed1_k20,clustered,16,88,tiger (88),79.0,False,False
four_coarse_clustered_seed1_k20,clustered,16,89,tractor (89),86.0,False,False
four_coarse_clustered_seed1_k20,clustered,16,90,火車 / train (90),2.0,True,True
four_coarse_clustered_seed1_k20,clustered,16,91,trout (91),77.0,False,False
four_coarse_clustered_seed1_k20,clustered,16,92,tulip (92),63.0,False,False
four_coarse_clustered_seed1_k20,clustered,16,93,turtle (93),57.0,False,False
four_coarse_clustered_seed1_k20,clustered,16,94,wardrobe (94),91.0,False,False
four_coarse_clustered_seed1_k20,clustered,16,95,whale (95),73.0,False,False
four_coarse_clustered_seed1_k20,clustered,16,96,willow_tree (96),66.0,False,False
four_coarse_clustered_seed1_k20,clustered,16,97,wolf (97),79.0,False,False
four_coarse_clustered_seed1_k20,clustered,16,98,woman (98),49.0,False,False
four_coarse_clustered_seed1_k20,clustered,16,99,worm (99),72.0,False,False
four_coarse_clustered_seed1_k20,clustered,17,0,apple (0),90.0,False,False
four_coarse_clustered_seed1_k20,clustered,17,1,aquarium_fish (1),83.0,False,False
four_coarse_clustered_seed1_k20,clustered,17,2,baby (2),61.0,False,False
four_coarse_clustered_seed1_k20,clustered,17,3,bear (3),57.0,False,False
four_coarse_clustered_seed1_k20,clustered,17,4,beaver (4),63.0,False,False
four_coarse_clustered_seed1_k20,clustered,17,5,bed (5),77.0,False,False
four_coarse_clustered_seed1_k20,clustered,17,6,bee (6),79.0,False,False
four_coarse_clustered_seed1_k20,clustered,17,7,beetle (7),73.0,False,False
four_coarse_clustered_seed1_k20,clustered,17,8,腳踏車 / bicycle (8),31.0,True,True
four_coarse_clustered_seed1_k20,clustered,17,9,bottle (9),77.0,False,False
four_coarse_clustered_seed1_k20,clustered,17,10,bowl (10),47.0,False,False
four_coarse_clustered_seed1_k20,clustered,17,11,boy (11),51.0,False,False
four_coarse_clustered_seed1_k20,clustered,17,12,橋 / bridge (12),0.0,True,True
four_coarse_clustered_seed1_k20,clustered,17,13,公車 / bus (13),0.0,True,True
four_coarse_clustered_seed1_k20,clustered,17,14,butterfly (14),58.0,False,False
four_coarse_clustered_seed1_k20,clustered,17,15,駱駝 / camel (15),0.0,True,True
four_coarse_clustered_seed1_k20,clustered,17,16,can (16),74.0,False,False
four_coarse_clustered_seed1_k20,clustered,17,17,城堡 / castle (17),0.0,True,True
four_coarse_clustered_seed1_k20,clustered,17,18,caterpillar (18),63.0,False,False
four_coarse_clustered_seed1_k20,clustered,17,19,牛 / cattle (19),0.0,True,True
four_coarse_clustered_seed1_k20,clustered,17,20,chair (20),87.0,False,False
four_coarse_clustered_seed1_k20,clustered,17,21,黑猩猩 / chimpanzee (21),4.0,True,True
four_coarse_clustered_seed1_k20,clustered,17,22,clock (22),65.0,False,False
four_coarse_clustered_seed1_k20,clustered,17,23,雲 / cloud (23),0.0,True,True
four_coarse_clustered_seed1_k20,clustered,17,24,cockroach (24),78.0,False,False
four_coarse_clustered_seed1_k20,clustered,17,25,couch (25),56.0,False,False
four_coarse_clustered_seed1_k20,clustered,17,26,crab (26),64.0,False,False
four_coarse_clustered_seed1_k20,clustered,17,27,crocodile (27),54.0,False,False
four_coarse_clustered_seed1_k20,clustered,17,28,cup (28),74.0,False,False
four_coarse_clustered_seed1_k20,clustered,17,29,dinosaur (29),69.0,False,False
four_coarse_clustered_seed1_k20,clustered,17,30,dolphin (30),70.0,False,False
four_coarse_clustered_seed1_k20,clustered,17,31,大象 / elephant (31),0.0,True,True
four_coarse_clustered_seed1_k20,clustered,17,32,flatfish (32),62.0,False,False
four_coarse_clustered_seed1_k20,clustered,17,33,森林 / forest (33),0.0,True,True
four_coarse_clustered_seed1_k20,clustered,17,34,fox (34),79.0,False,False
four_coarse_clustered_seed1_k20,clustered,17,35,girl (35),47.0,False,False
four_coarse_clustered_seed1_k20,clustered,17,36,hamster (36),82.0,False,False
four_coarse_clustered_seed1_k20,clustered,17,37,房子 / house (37),77.0,True,False
four_coarse_clustered_seed1_k20,clustered,17,38,袋鼠 / kangaroo (38),0.0,True,True
four_coarse_clustered_seed1_k20,clustered,17,39,keyboard (39),83.0,False,False
four_coarse_clustered_seed1_k20,clustered,17,40,lamp (40),62.0,False,False
four_coarse_clustered_seed1_k20,clustered,17,41,lawn_mower (41),89.0,False,False
four_coarse_clustered_seed1_k20,clustered,17,42,leopard (42),73.0,False,False
four_coarse_clustered_seed1_k20,clustered,17,43,lion (43),86.0,False,False
four_coarse_clustered_seed1_k20,clustered,17,44,lizard (44),50.0,False,False
four_coarse_clustered_seed1_k20,clustered,17,45,lobster (45),63.0,False,False
four_coarse_clustered_seed1_k20,clustered,17,46,man (46),48.0,False,False
four_coarse_clustered_seed1_k20,clustered,17,47,maple_tree (47),64.0,False,False
four_coarse_clustered_seed1_k20,clustered,17,48,摩托車 / motorcycle (48),13.0,True,True
four_coarse_clustered_seed1_k20,clustered,17,49,山 / mountain (49),1.0,True,True
four_coarse_clustered_seed1_k20,clustered,17,50,mouse (50),55.0,False,False
four_coarse_clustered_seed1_k20,clustered,17,51,mushroom (51),70.0,False,False
four_coarse_clustered_seed1_k20,clustered,17,52,oak_tree (52),66.0,False,False
four_coarse_clustered_seed1_k20,clustered,17,53,orange (53),89.0,False,False
four_coarse_clustered_seed1_k20,clustered,17,54,orchid (54),82.0,False,False
four_coarse_clustered_seed1_k20,clustered,17,55,otter (55),45.0,False,False
four_coarse_clustered_seed1_k20,clustered,17,56,palm_tree (56),88.0,False,False
four_coarse_clustered_seed1_k20,clustered,17,57,pear (57),80.0,False,False
four_coarse_clustered_seed1_k20,clustered,17,58,皮卡車 / pickup_truck (58),1.0,True,True
four_coarse_clustered_seed1_k20,clustered,17,59,pine_tree (59),73.0,False,False
four_coarse_clustered_seed1_k20,clustered,17,60,平原 / plain (60),0.0,True,True
four_coarse_clustered_seed1_k20,clustered,17,61,plate (61),66.0,False,False
four_coarse_clustered_seed1_k20,clustered,17,62,poppy (62),81.0,False,False
four_coarse_clustered_seed1_k20,clustered,17,63,porcupine (63),65.0,False,False
four_coarse_clustered_seed1_k20,clustered,17,64,possum (64),55.0,False,False
four_coarse_clustered_seed1_k20,clustered,17,65,rabbit (65),59.0,False,False
four_coarse_clustered_seed1_k20,clustered,17,66,raccoon (66),82.0,False,False
four_coarse_clustered_seed1_k20,clustered,17,67,ray (67),55.0,False,False
four_coarse_clustered_seed1_k20,clustered,17,68,道路 / road (68),96.0,True,False
four_coarse_clustered_seed1_k20,clustered,17,69,rocket (69),79.0,False,False
four_coarse_clustered_seed1_k20,clustered,17,70,rose (70),72.0,False,False
four_coarse_clustered_seed1_k20,clustered,17,71,海 / sea (71),0.0,True,True
four_coarse_clustered_seed1_k20,clustered,17,72,seal (72),49.0,False,False
four_coarse_clustered_seed1_k20,clustered,17,73,shark (73),61.0,False,False
four_coarse_clustered_seed1_k20,clustered,17,74,shrew (74),50.0,False,False
four_coarse_clustered_seed1_k20,clustered,17,75,skunk (75),89.0,False,False
four_coarse_clustered_seed1_k20,clustered,17,76,摩天大樓 / skyscraper (76),90.0,True,False
four_coarse_clustered_seed1_k20,clustered,17,77,snail (77),63.0,False,False
four_coarse_clustered_seed1_k20,clustered,17,78,snake (78),63.0,False,False
four_coarse_clustered_seed1_k20,clustered,17,79,spider (79),75.0,False,False
four_coarse_clustered_seed1_k20,clustered,17,80,squirrel (80),57.0,False,False
four_coarse_clustered_seed1_k20,clustered,17,81,streetcar (81),84.0,False,False
four_coarse_clustered_seed1_k20,clustered,17,82,sunflower (82),93.0,False,False
four_coarse_clustered_seed1_k20,clustered,17,83,sweet_pepper (83),69.0,False,False
four_coarse_clustered_seed1_k20,clustered,17,84,table (84),67.0,False,False
four_coarse_clustered_seed1_k20,clustered,17,85,tank (85),80.0,False,False
four_coarse_clustered_seed1_k20,clustered,17,86,telephone (86),69.0,False,False
four_coarse_clustered_seed1_k20,clustered,17,87,television (87),80.0,False,False
four_coarse_clustered_seed1_k20,clustered,17,88,tiger (88),80.0,False,False
four_coarse_clustered_seed1_k20,clustered,17,89,tractor (89),89.0,False,False
four_coarse_clustered_seed1_k20,clustered,17,90,火車 / train (90),1.0,True,True
four_coarse_clustered_seed1_k20,clustered,17,91,trout (91),77.0,False,False
four_coarse_clustered_seed1_k20,clustered,17,92,tulip (92),59.0,False,False
four_coarse_clustered_seed1_k20,clustered,17,93,turtle (93),56.0,False,False
four_coarse_clustered_seed1_k20,clustered,17,94,wardrobe (94),91.0,False,False
four_coarse_clustered_seed1_k20,clustered,17,95,whale (95),73.0,False,False
four_coarse_clustered_seed1_k20,clustered,17,96,willow_tree (96),68.0,False,False
four_coarse_clustered_seed1_k20,clustered,17,97,wolf (97),79.0,False,False
four_coarse_clustered_seed1_k20,clustered,17,98,woman (98),49.0,False,False
four_coarse_clustered_seed1_k20,clustered,17,99,worm (99),72.0,False,False
four_coarse_clustered_seed1_k20,clustered,18,0,apple (0),90.0,False,False
four_coarse_clustered_seed1_k20,clustered,18,1,aquarium_fish (1),81.0,False,False
four_coarse_clustered_seed1_k20,clustered,18,2,baby (2),60.0,False,False
four_coarse_clustered_seed1_k20,clustered,18,3,bear (3),62.0,False,False
four_coarse_clustered_seed1_k20,clustered,18,4,beaver (4),62.0,False,False
four_coarse_clustered_seed1_k20,clustered,18,5,bed (5),77.0,False,False
four_coarse_clustered_seed1_k20,clustered,18,6,bee (6),80.0,False,False
four_coarse_clustered_seed1_k20,clustered,18,7,beetle (7),73.0,False,False
four_coarse_clustered_seed1_k20,clustered,18,8,腳踏車 / bicycle (8),39.0,True,True
four_coarse_clustered_seed1_k20,clustered,18,9,bottle (9),82.0,False,False
four_coarse_clustered_seed1_k20,clustered,18,10,bowl (10),44.0,False,False
four_coarse_clustered_seed1_k20,clustered,18,11,boy (11),47.0,False,False
four_coarse_clustered_seed1_k20,clustered,18,12,橋 / bridge (12),0.0,True,True
four_coarse_clustered_seed1_k20,clustered,18,13,公車 / bus (13),0.0,True,True
four_coarse_clustered_seed1_k20,clustered,18,14,butterfly (14),60.0,False,False
four_coarse_clustered_seed1_k20,clustered,18,15,駱駝 / camel (15),0.0,True,True
four_coarse_clustered_seed1_k20,clustered,18,16,can (16),76.0,False,False
four_coarse_clustered_seed1_k20,clustered,18,17,城堡 / castle (17),0.0,True,True
four_coarse_clustered_seed1_k20,clustered,18,18,caterpillar (18),64.0,False,False
four_coarse_clustered_seed1_k20,clustered,18,19,牛 / cattle (19),0.0,True,True
four_coarse_clustered_seed1_k20,clustered,18,20,chair (20),86.0,False,False
four_coarse_clustered_seed1_k20,clustered,18,21,黑猩猩 / chimpanzee (21),6.0,True,True
four_coarse_clustered_seed1_k20,clustered,18,22,clock (22),66.0,False,False
four_coarse_clustered_seed1_k20,clustered,18,23,雲 / cloud (23),0.0,True,True
four_coarse_clustered_seed1_k20,clustered,18,24,cockroach (24),78.0,False,False
four_coarse_clustered_seed1_k20,clustered,18,25,couch (25),59.0,False,False
four_coarse_clustered_seed1_k20,clustered,18,26,crab (26),61.0,False,False
four_coarse_clustered_seed1_k20,clustered,18,27,crocodile (27),55.0,False,False
four_coarse_clustered_seed1_k20,clustered,18,28,cup (28),74.0,False,False
four_coarse_clustered_seed1_k20,clustered,18,29,dinosaur (29),65.0,False,False
four_coarse_clustered_seed1_k20,clustered,18,30,dolphin (30),72.0,False,False
four_coarse_clustered_seed1_k20,clustered,18,31,大象 / elephant (31),0.0,True,True
four_coarse_clustered_seed1_k20,clustered,18,32,flatfish (32),63.0,False,False
four_coarse_clustered_seed1_k20,clustered,18,33,森林 / forest (33),0.0,True,True
four_coarse_clustered_seed1_k20,clustered,18,34,fox (34),79.0,False,False
four_coarse_clustered_seed1_k20,clustered,18,35,girl (35),47.0,False,False
four_coarse_clustered_seed1_k20,clustered,18,36,hamster (36),82.0,False,False
four_coarse_clustered_seed1_k20,clustered,18,37,房子 / house (37),0.0,True,True
four_coarse_clustered_seed1_k20,clustered,18,38,袋鼠 / kangaroo (38),0.0,True,True
four_coarse_clustered_seed1_k20,clustered,18,39,keyboard (39),82.0,False,False
four_coarse_clustered_seed1_k20,clustered,18,40,lamp (40),65.0,False,False
four_coarse_clustered_seed1_k20,clustered,18,41,lawn_mower (41),88.0,False,False
four_coarse_clustered_seed1_k20,clustered,18,42,leopard (42),75.0,False,False
four_coarse_clustered_seed1_k20,clustered,18,43,lion (43),84.0,False,False
four_coarse_clustered_seed1_k20,clustered,18,44,lizard (44),49.0,False,False
four_coarse_clustered_seed1_k20,clustered,18,45,lobster (45),63.0,False,False
four_coarse_clustered_seed1_k20,clustered,18,46,man (46),49.0,False,False
four_coarse_clustered_seed1_k20,clustered,18,47,maple_tree (47),67.0,False,False
four_coarse_clustered_seed1_k20,clustered,18,48,摩托車 / motorcycle (48),12.0,True,True
four_coarse_clustered_seed1_k20,clustered,18,49,山 / mountain (49),0.0,True,True
four_coarse_clustered_seed1_k20,clustered,18,50,mouse (50),55.0,False,False
four_coarse_clustered_seed1_k20,clustered,18,51,mushroom (51),67.0,False,False
four_coarse_clustered_seed1_k20,clustered,18,52,oak_tree (52),67.0,False,False
four_coarse_clustered_seed1_k20,clustered,18,53,orange (53),89.0,False,False
four_coarse_clustered_seed1_k20,clustered,18,54,orchid (54),82.0,False,False
four_coarse_clustered_seed1_k20,clustered,18,55,otter (55),41.0,False,False
four_coarse_clustered_seed1_k20,clustered,18,56,palm_tree (56),85.0,False,False
four_coarse_clustered_seed1_k20,clustered,18,57,pear (57),79.0,False,False
four_coarse_clustered_seed1_k20,clustered,18,58,皮卡車 / pickup_truck (58),2.0,True,True
four_coarse_clustered_seed1_k20,clustered,18,59,pine_tree (59),73.0,False,False
four_coarse_clustered_seed1_k20,clustered,18,60,平原 / plain (60),0.0,True,True
four_coarse_clustered_seed1_k20,clustered,18,61,plate (61),66.0,False,False
four_coarse_clustered_seed1_k20,clustered,18,62,poppy (62),81.0,False,False
four_coarse_clustered_seed1_k20,clustered,18,63,porcupine (63),66.0,False,False
four_coarse_clustered_seed1_k20,clustered,18,64,possum (64),56.0,False,False
four_coarse_clustered_seed1_k20,clustered,18,65,rabbit (65),57.0,False,False
four_coarse_clustered_seed1_k20,clustered,18,66,raccoon (66),81.0,False,False
four_coarse_clustered_seed1_k20,clustered,18,67,ray (67),53.0,False,False
four_coarse_clustered_seed1_k20,clustered,18,68,道路 / road (68),97.0,True,False
four_coarse_clustered_seed1_k20,clustered,18,69,rocket (69),82.0,False,False
four_coarse_clustered_seed1_k20,clustered,18,70,rose (70),70.0,False,False
four_coarse_clustered_seed1_k20,clustered,18,71,海 / sea (71),5.0,True,True
four_coarse_clustered_seed1_k20,clustered,18,72,seal (72),42.0,False,False
four_coarse_clustered_seed1_k20,clustered,18,73,shark (73),61.0,False,False
four_coarse_clustered_seed1_k20,clustered,18,74,shrew (74),50.0,False,False
four_coarse_clustered_seed1_k20,clustered,18,75,skunk (75),91.0,False,False
four_coarse_clustered_seed1_k20,clustered,18,76,摩天大樓 / skyscraper (76),91.0,True,False
four_coarse_clustered_seed1_k20,clustered,18,77,snail (77),65.0,False,False
four_coarse_clustered_seed1_k20,clustered,18,78,snake (78),63.0,False,False
four_coarse_clustered_seed1_k20,clustered,18,79,spider (79),76.0,False,False
four_coarse_clustered_seed1_k20,clustered,18,80,squirrel (80),59.0,False,False
four_coarse_clustered_seed1_k20,clustered,18,81,streetcar (81),89.0,False,False
four_coarse_clustered_seed1_k20,clustered,18,82,sunflower (82),89.0,False,False
four_coarse_clustered_seed1_k20,clustered,18,83,sweet_pepper (83),70.0,False,False
four_coarse_clustered_seed1_k20,clustered,18,84,table (84),67.0,False,False
four_coarse_clustered_seed1_k20,clustered,18,85,tank (85),80.0,False,False
four_coarse_clustered_seed1_k20,clustered,18,86,telephone (86),67.0,False,False
four_coarse_clustered_seed1_k20,clustered,18,87,television (87),80.0,False,False
four_coarse_clustered_seed1_k20,clustered,18,88,tiger (88),76.0,False,False
four_coarse_clustered_seed1_k20,clustered,18,89,tractor (89),88.0,False,False
four_coarse_clustered_seed1_k20,clustered,18,90,火車 / train (90),1.0,True,True
four_coarse_clustered_seed1_k20,clustered,18,91,trout (91),76.0,False,False
four_coarse_clustered_seed1_k20,clustered,18,92,tulip (92),62.0,False,False
four_coarse_clustered_seed1_k20,clustered,18,93,turtle (93),55.0,False,False
four_coarse_clustered_seed1_k20,clustered,18,94,wardrobe (94),93.0,False,False
four_coarse_clustered_seed1_k20,clustered,18,95,whale (95),73.0,False,False
four_coarse_clustered_seed1_k20,clustered,18,96,willow_tree (96),68.0,False,False
four_coarse_clustered_seed1_k20,clustered,18,97,wolf (97),80.0,False,False
four_coarse_clustered_seed1_k20,clustered,18,98,woman (98),49.0,False,False
four_coarse_clustered_seed1_k20,clustered,18,99,worm (99),69.0,False,False
four_coarse_clustered_seed1_k20,clustered,19,0,apple (0),91.0,False,False
four_coarse_clustered_seed1_k20,clustered,19,1,aquarium_fish (1),82.0,False,False
four_coarse_clustered_seed1_k20,clustered,19,2,baby (2),57.0,False,False
four_coarse_clustered_seed1_k20,clustered,19,3,bear (3),53.0,False,False
four_coarse_clustered_seed1_k20,clustered,19,4,beaver (4),67.0,False,False
four_coarse_clustered_seed1_k20,clustered,19,5,bed (5),72.0,False,False
four_coarse_clustered_seed1_k20,clustered,19,6,bee (6),80.0,False,False
four_coarse_clustered_seed1_k20,clustered,19,7,beetle (7),75.0,False,False
four_coarse_clustered_seed1_k20,clustered,19,8,腳踏車 / bicycle (8),38.0,True,True
four_coarse_clustered_seed1_k20,clustered,19,9,bottle (9),76.0,False,False
four_coarse_clustered_seed1_k20,clustered,19,10,bowl (10),41.0,False,False
four_coarse_clustered_seed1_k20,clustered,19,11,boy (11),51.0,False,False
four_coarse_clustered_seed1_k20,clustered,19,12,橋 / bridge (12),0.0,True,True
four_coarse_clustered_seed1_k20,clustered,19,13,公車 / bus (13),0.0,True,True
four_coarse_clustered_seed1_k20,clustered,19,14,butterfly (14),55.0,False,False
four_coarse_clustered_seed1_k20,clustered,19,15,駱駝 / camel (15),0.0,True,True
four_coarse_clustered_seed1_k20,clustered,19,16,can (16),73.0,False,False
four_coarse_clustered_seed1_k20,clustered,19,17,城堡 / castle (17),0.0,True,True
four_coarse_clustered_seed1_k20,clustered,19,18,caterpillar (18),66.0,False,False
four_coarse_clustered_seed1_k20,clustered,19,19,牛 / cattle (19),0.0,True,True
four_coarse_clustered_seed1_k20,clustered,19,20,chair (20),82.0,False,False
four_coarse_clustered_seed1_k20,clustered,19,21,黑猩猩 / chimpanzee (21),8.0,True,True
four_coarse_clustered_seed1_k20,clustered,19,22,clock (22),60.0,False,False
four_coarse_clustered_seed1_k20,clustered,19,23,雲 / cloud (23),0.0,True,True
four_coarse_clustered_seed1_k20,clustered,19,24,cockroach (24),79.0,False,False
four_coarse_clustered_seed1_k20,clustered,19,25,couch (25),50.0,False,False
four_coarse_clustered_seed1_k20,clustered,19,26,crab (26),64.0,False,False
four_coarse_clustered_seed1_k20,clustered,19,27,crocodile (27),53.0,False,False
four_coarse_clustered_seed1_k20,clustered,19,28,cup (28),76.0,False,False
four_coarse_clustered_seed1_k20,clustered,19,29,dinosaur (29),63.0,False,False
four_coarse_clustered_seed1_k20,clustered,19,30,dolphin (30),61.0,False,False
four_coarse_clustered_seed1_k20,clustered,19,31,大象 / elephant (31),1.0,True,True
four_coarse_clustered_seed1_k20,clustered,19,32,flatfish (32),59.0,False,False
four_coarse_clustered_seed1_k20,clustered,19,33,森林 / forest (33),0.0,True,True
four_coarse_clustered_seed1_k20,clustered,19,34,fox (34),81.0,False,False
four_coarse_clustered_seed1_k20,clustered,19,35,girl (35),52.0,False,False
four_coarse_clustered_seed1_k20,clustered,19,36,hamster (36),78.0,False,False
four_coarse_clustered_seed1_k20,clustered,19,37,房子 / house (37),0.0,True,True
four_coarse_clustered_seed1_k20,clustered,19,38,袋鼠 / kangaroo (38),0.0,True,True
four_coarse_clustered_seed1_k20,clustered,19,39,keyboard (39),79.0,False,False
four_coarse_clustered_seed1_k20,clustered,19,40,lamp (40),64.0,False,False
four_coarse_clustered_seed1_k20,clustered,19,41,lawn_mower (41),87.0,False,False
four_coarse_clustered_seed1_k20,clustered,19,42,leopard (42),78.0,False,False
four_coarse_clustered_seed1_k20,clustered,19,43,lion (43),78.0,False,False
four_coarse_clustered_seed1_k20,clustered,19,44,lizard (44),43.0,False,False
four_coarse_clustered_seed1_k20,clustered,19,45,lobster (45),57.0,False,False
four_coarse_clustered_seed1_k20,clustered,19,46,man (46),52.0,False,False
four_coarse_clustered_seed1_k20,clustered,19,47,maple_tree (47),65.0,False,False
four_coarse_clustered_seed1_k20,clustered,19,48,摩托車 / motorcycle (48),15.0,True,True
four_coarse_clustered_seed1_k20,clustered,19,49,山 / mountain (49),1.0,True,True
four_coarse_clustered_seed1_k20,clustered,19,50,mouse (50),62.0,False,False
four_coarse_clustered_seed1_k20,clustered,19,51,mushroom (51),72.0,False,False
four_coarse_clustered_seed1_k20,clustered,19,52,oak_tree (52),59.0,False,False
four_coarse_clustered_seed1_k20,clustered,19,53,orange (53),89.0,False,False
four_coarse_clustered_seed1_k20,clustered,19,54,orchid (54),75.0,False,False
four_coarse_clustered_seed1_k20,clustered,19,55,otter (55),50.0,False,False
four_coarse_clustered_seed1_k20,clustered,19,56,palm_tree (56),89.0,False,False
four_coarse_clustered_seed1_k20,clustered,19,57,pear (57),73.0,False,False
four_coarse_clustered_seed1_k20,clustered,19,58,皮卡車 / pickup_truck (58),2.0,True,True
four_coarse_clustered_seed1_k20,clustered,19,59,pine_tree (59),77.0,False,False
four_coarse_clustered_seed1_k20,clustered,19,60,平原 / plain (60),0.0,True,True
four_coarse_clustered_seed1_k20,clustered,19,61,plate (61),72.0,False,False
four_coarse_clustered_seed1_k20,clustered,19,62,poppy (62),78.0,False,False
four_coarse_clustered_seed1_k20,clustered,19,63,porcupine (63),70.0,False,False
four_coarse_clustered_seed1_k20,clustered,19,64,possum (64),46.0,False,False
four_coarse_clustered_seed1_k20,clustered,19,65,rabbit (65),55.0,False,False
four_coarse_clustered_seed1_k20,clustered,19,66,raccoon (66),82.0,False,False
four_coarse_clustered_seed1_k20,clustered,19,67,ray (67),52.0,False,False
four_coarse_clustered_seed1_k20,clustered,19,68,道路 / road (68),0.0,True,True
four_coarse_clustered_seed1_k20,clustered,19,69,rocket (69),84.0,False,False
four_coarse_clustered_seed1_k20,clustered,19,70,rose (70),70.0,False,False
four_coarse_clustered_seed1_k20,clustered,19,71,海 / sea (71),3.0,True,True
four_coarse_clustered_seed1_k20,clustered,19,72,seal (72),28.0,False,False
four_coarse_clustered_seed1_k20,clustered,19,73,shark (73),61.0,False,False
four_coarse_clustered_seed1_k20,clustered,19,74,shrew (74),49.0,False,False
four_coarse_clustered_seed1_k20,clustered,19,75,skunk (75),87.0,False,False
four_coarse_clustered_seed1_k20,clustered,19,76,摩天大樓 / skyscraper (76),90.0,True,False
four_coarse_clustered_seed1_k20,clustered,19,77,snail (77),66.0,False,False
four_coarse_clustered_seed1_k20,clustered,19,78,snake (78),62.0,False,False
four_coarse_clustered_seed1_k20,clustered,19,79,spider (79),82.0,False,False
four_coarse_clustered_seed1_k20,clustered,19,80,squirrel (80),60.0,False,False
four_coarse_clustered_seed1_k20,clustered,19,81,streetcar (81),91.0,False,False
four_coarse_clustered_seed1_k20,clustered,19,82,sunflower (82),90.0,False,False
four_coarse_clustered_seed1_k20,clustered,19,83,sweet_pepper (83),65.0,False,False
four_coarse_clustered_seed1_k20,clustered,19,84,table (84),64.0,False,False
four_coarse_clustered_seed1_k20,clustered,19,85,tank (85),78.0,False,False
four_coarse_clustered_seed1_k20,clustered,19,86,telephone (86),71.0,False,False
four_coarse_clustered_seed1_k20,clustered,19,87,television (87),79.0,False,False
four_coarse_clustered_seed1_k20,clustered,19,88,tiger (88),79.0,False,False
four_coarse_clustered_seed1_k20,clustered,19,89,tractor (89),89.0,False,False
four_coarse_clustered_seed1_k20,clustered,19,90,火車 / train (90),0.0,True,True
four_coarse_clustered_seed1_k20,clustered,19,91,trout (91),75.0,False,False
four_coarse_clustered_seed1_k20,clustered,19,92,tulip (92),54.0,False,False
four_coarse_clustered_seed1_k20,clustered,19,93,turtle (93),48.0,False,False
four_coarse_clustered_seed1_k20,clustered,19,94,wardrobe (94),85.0,False,False
four_coarse_clustered_seed1_k20,clustered,19,95,whale (95),68.0,False,False
four_coarse_clustered_seed1_k20,clustered,19,96,willow_tree (96),59.0,False,False
four_coarse_clustered_seed1_k20,clustered,19,97,wolf (97),76.0,False,False
four_coarse_clustered_seed1_k20,clustered,19,98,woman (98),46.0,False,False
four_coarse_clustered_seed1_k20,clustered,19,99,worm (99),72.0,False,False
four_coarse_clustered_seed1_k20,clustered,20,0,apple (0),90.0,False,False
four_coarse_clustered_seed1_k20,clustered,20,1,aquarium_fish (1),85.0,False,False
four_coarse_clustered_seed1_k20,clustered,20,2,baby (2),61.0,False,False
four_coarse_clustered_seed1_k20,clustered,20,3,bear (3),61.0,False,False
four_coarse_clustered_seed1_k20,clustered,20,4,beaver (4),64.0,False,False
four_coarse_clustered_seed1_k20,clustered,20,5,bed (5),76.0,False,False
four_coarse_clustered_seed1_k20,clustered,20,6,bee (6),80.0,False,False
four_coarse_clustered_seed1_k20,clustered,20,7,beetle (7),76.0,False,False
four_coarse_clustered_seed1_k20,clustered,20,8,腳踏車 / bicycle (8),23.0,True,True
four_coarse_clustered_seed1_k20,clustered,20,9,bottle (9),84.0,False,False
four_coarse_clustered_seed1_k20,clustered,20,10,bowl (10),44.0,False,False
four_coarse_clustered_seed1_k20,clustered,20,11,boy (11),46.0,False,False
four_coarse_clustered_seed1_k20,clustered,20,12,橋 / bridge (12),0.0,True,True
four_coarse_clustered_seed1_k20,clustered,20,13,公車 / bus (13),0.0,True,True
four_coarse_clustered_seed1_k20,clustered,20,14,butterfly (14),59.0,False,False
four_coarse_clustered_seed1_k20,clustered,20,15,駱駝 / camel (15),0.0,True,True
four_coarse_clustered_seed1_k20,clustered,20,16,can (16),78.0,False,False
four_coarse_clustered_seed1_k20,clustered,20,17,城堡 / castle (17),0.0,True,True
four_coarse_clustered_seed1_k20,clustered,20,18,caterpillar (18),68.0,False,False
four_coarse_clustered_seed1_k20,clustered,20,19,牛 / cattle (19),2.0,True,True
four_coarse_clustered_seed1_k20,clustered,20,20,chair (20),87.0,False,False
four_coarse_clustered_seed1_k20,clustered,20,21,黑猩猩 / chimpanzee (21),15.0,True,True
four_coarse_clustered_seed1_k20,clustered,20,22,clock (22),67.0,False,False
four_coarse_clustered_seed1_k20,clustered,20,23,雲 / cloud (23),1.0,True,True
four_coarse_clustered_seed1_k20,clustered,20,24,cockroach (24),79.0,False,False
four_coarse_clustered_seed1_k20,clustered,20,25,couch (25),59.0,False,False
four_coarse_clustered_seed1_k20,clustered,20,26,crab (26),56.0,False,False
four_coarse_clustered_seed1_k20,clustered,20,27,crocodile (27),57.0,False,False
four_coarse_clustered_seed1_k20,clustered,20,28,cup (28),73.0,False,False
four_coarse_clustered_seed1_k20,clustered,20,29,dinosaur (29),69.0,False,False
four_coarse_clustered_seed1_k20,clustered,20,30,dolphin (30),70.0,False,False
four_coarse_clustered_seed1_k20,clustered,20,31,大象 / elephant (31),0.0,True,True
four_coarse_clustered_seed1_k20,clustered,20,32,flatfish (32),64.0,False,False
four_coarse_clustered_seed1_k20,clustered,20,33,森林 / forest (33),0.0,True,True
four_coarse_clustered_seed1_k20,clustered,20,34,fox (34),77.0,False,False
four_coarse_clustered_seed1_k20,clustered,20,35,girl (35),49.0,False,False
four_coarse_clustered_seed1_k20,clustered,20,36,hamster (36),83.0,False,False
four_coarse_clustered_seed1_k20,clustered,20,37,房子 / house (37),1.0,True,True
four_coarse_clustered_seed1_k20,clustered,20,38,袋鼠 / kangaroo (38),0.0,True,True
four_coarse_clustered_seed1_k20,clustered,20,39,keyboard (39),82.0,False,False
four_coarse_clustered_seed1_k20,clustered,20,40,lamp (40),65.0,False,False
four_coarse_clustered_seed1_k20,clustered,20,41,lawn_mower (41),89.0,False,False
four_coarse_clustered_seed1_k20,clustered,20,42,leopard (42),76.0,False,False
four_coarse_clustered_seed1_k20,clustered,20,43,lion (43),85.0,False,False
four_coarse_clustered_seed1_k20,clustered,20,44,lizard (44),46.0,False,False
four_coarse_clustered_seed1_k20,clustered,20,45,lobster (45),65.0,False,False
four_coarse_clustered_seed1_k20,clustered,20,46,man (46),51.0,False,False
four_coarse_clustered_seed1_k20,clustered,20,47,maple_tree (47),64.0,False,False
four_coarse_clustered_seed1_k20,clustered,20,48,摩托車 / motorcycle (48),16.0,True,True
four_coarse_clustered_seed1_k20,clustered,20,49,山 / mountain (49),0.0,True,True
four_coarse_clustered_seed1_k20,clustered,20,50,mouse (50),58.0,False,False
four_coarse_clustered_seed1_k20,clustered,20,51,mushroom (51),69.0,False,False
four_coarse_clustered_seed1_k20,clustered,20,52,oak_tree (52),62.0,False,False
four_coarse_clustered_seed1_k20,clustered,20,53,orange (53),89.0,False,False
four_coarse_clustered_seed1_k20,clustered,20,54,orchid (54),82.0,False,False
four_coarse_clustered_seed1_k20,clustered,20,55,otter (55),45.0,False,False
four_coarse_clustered_seed1_k20,clustered,20,56,palm_tree (56),90.0,False,False
four_coarse_clustered_seed1_k20,clustered,20,57,pear (57),79.0,False,False
four_coarse_clustered_seed1_k20,clustered,20,58,皮卡車 / pickup_truck (58),2.0,True,True
four_coarse_clustered_seed1_k20,clustered,20,59,pine_tree (59),76.0,False,False
four_coarse_clustered_seed1_k20,clustered,20,60,平原 / plain (60),0.0,True,True
four_coarse_clustered_seed1_k20,clustered,20,61,plate (61),69.0,False,False
four_coarse_clustered_seed1_k20,clustered,20,62,poppy (62),79.0,False,False
four_coarse_clustered_seed1_k20,clustered,20,63,porcupine (63),69.0,False,False
four_coarse_clustered_seed1_k20,clustered,20,64,possum (64),56.0,False,False
four_coarse_clustered_seed1_k20,clustered,20,65,rabbit (65),59.0,False,False
four_coarse_clustered_seed1_k20,clustered,20,66,raccoon (66),81.0,False,False
four_coarse_clustered_seed1_k20,clustered,20,67,ray (67),55.0,False,False
four_coarse_clustered_seed1_k20,clustered,20,68,道路 / road (68),0.0,True,True
four_coarse_clustered_seed1_k20,clustered,20,69,rocket (69),82.0,False,False
four_coarse_clustered_seed1_k20,clustered,20,70,rose (70),72.0,False,False
four_coarse_clustered_seed1_k20,clustered,20,71,海 / sea (71),2.0,True,True
four_coarse_clustered_seed1_k20,clustered,20,72,seal (72),42.0,False,False
four_coarse_clustered_seed1_k20,clustered,20,73,shark (73),57.0,False,False
four_coarse_clustered_seed1_k20,clustered,20,74,shrew (74),49.0,False,False
four_coarse_clustered_seed1_k20,clustered,20,75,skunk (75),89.0,False,False
four_coarse_clustered_seed1_k20,clustered,20,76,摩天大樓 / skyscraper (76),0.0,True,True
four_coarse_clustered_seed1_k20,clustered,20,77,snail (77),66.0,False,False
four_coarse_clustered_seed1_k20,clustered,20,78,snake (78),58.0,False,False
four_coarse_clustered_seed1_k20,clustered,20,79,spider (79),75.0,False,False
four_coarse_clustered_seed1_k20,clustered,20,80,squirrel (80),60.0,False,False
four_coarse_clustered_seed1_k20,clustered,20,81,streetcar (81),93.0,False,False
four_coarse_clustered_seed1_k20,clustered,20,82,sunflower (82),91.0,False,False
four_coarse_clustered_seed1_k20,clustered,20,83,sweet_pepper (83),69.0,False,False
four_coarse_clustered_seed1_k20,clustered,20,84,table (84),71.0,False,False
four_coarse_clustered_seed1_k20,clustered,20,85,tank (85),81.0,False,False
four_coarse_clustered_seed1_k20,clustered,20,86,telephone (86),67.0,False,False
four_coarse_clustered_seed1_k20,clustered,20,87,television (87),81.0,False,False
four_coarse_clustered_seed1_k20,clustered,20,88,tiger (88),76.0,False,False
four_coarse_clustered_seed1_k20,clustered,20,89,tractor (89),88.0,False,False
four_coarse_clustered_seed1_k20,clustered,20,90,火車 / train (90),1.0,True,True
four_coarse_clustered_seed1_k20,clustered,20,91,trout (91),77.0,False,False
four_coarse_clustered_seed1_k20,clustered,20,92,tulip (92),58.0,False,False
four_coarse_clustered_seed1_k20,clustered,20,93,turtle (93),55.0,False,False
four_coarse_clustered_seed1_k20,clustered,20,94,wardrobe (94),93.0,False,False
four_coarse_clustered_seed1_k20,clustered,20,95,whale (95),75.0,False,False
four_coarse_clustered_seed1_k20,clustered,20,96,willow_tree (96),67.0,False,False
four_coarse_clustered_seed1_k20,clustered,20,97,wolf (97),79.0,False,False
four_coarse_clustered_seed1_k20,clustered,20,98,woman (98),48.0,False,False
four_coarse_clustered_seed1_k20,clustered,20,99,worm (99),72.0,False,False
four_coarse_interleaved_seed1_k20,interleaved,1,0,apple (0),89.0,False,False
four_coarse_interleaved_seed1_k20,interleaved,1,1,aquarium_fish (1),80.0,False,False
four_coarse_interleaved_seed1_k20,interleaved,1,2,baby (2),53.0,False,False
four_coarse_interleaved_seed1_k20,interleaved,1,3,bear (3),49.0,False,False
four_coarse_interleaved_seed1_k20,interleaved,1,4,beaver (4),56.0,False,False
four_coarse_interleaved_seed1_k20,interleaved,1,5,bed (5),67.0,False,False
four_coarse_interleaved_seed1_k20,interleaved,1,6,bee (6),79.0,False,False
four_coarse_interleaved_seed1_k20,interleaved,1,7,beetle (7),76.0,False,False
four_coarse_interleaved_seed1_k20,interleaved,1,8,腳踏車 / bicycle (8),0.0,True,True
four_coarse_interleaved_seed1_k20,interleaved,1,9,bottle (9),79.0,False,False
four_coarse_interleaved_seed1_k20,interleaved,1,10,bowl (10),47.0,False,False
four_coarse_interleaved_seed1_k20,interleaved,1,11,boy (11),47.0,False,False
four_coarse_interleaved_seed1_k20,interleaved,1,12,橋 / bridge (12),79.0,True,False
four_coarse_interleaved_seed1_k20,interleaved,1,13,公車 / bus (13),66.0,True,False
four_coarse_interleaved_seed1_k20,interleaved,1,14,butterfly (14),53.0,False,False
four_coarse_interleaved_seed1_k20,interleaved,1,15,駱駝 / camel (15),76.0,True,False
four_coarse_interleaved_seed1_k20,interleaved,1,16,can (16),77.0,False,False
four_coarse_interleaved_seed1_k20,interleaved,1,17,城堡 / castle (17),80.0,True,False
four_coarse_interleaved_seed1_k20,interleaved,1,18,caterpillar (18),61.0,False,False
four_coarse_interleaved_seed1_k20,interleaved,1,19,牛 / cattle (19),65.0,True,False
four_coarse_interleaved_seed1_k20,interleaved,1,20,chair (20),84.0,False,False
four_coarse_interleaved_seed1_k20,interleaved,1,21,黑猩猩 / chimpanzee (21),85.0,True,False
four_coarse_interleaved_seed1_k20,interleaved,1,22,clock (22),68.0,False,False
four_coarse_interleaved_seed1_k20,interleaved,1,23,雲 / cloud (23),81.0,True,False
four_coarse_interleaved_seed1_k20,interleaved,1,24,cockroach (24),76.0,False,False
four_coarse_interleaved_seed1_k20,interleaved,1,25,couch (25),53.0,False,False
four_coarse_interleaved_seed1_k20,interleaved,1,26,crab (26),60.0,False,False
four_coarse_interleaved_seed1_k20,interleaved,1,27,crocodile (27),58.0,False,False
four_coarse_interleaved_seed1_k20,interleaved,1,28,cup (28),75.0,False,False
four_coarse_interleaved_seed1_k20,interleaved,1,29,dinosaur (29),66.0,False,False
four_coarse_interleaved_seed1_k20,interleaved,1,30,dolphin (30),66.0,False,False
four_coarse_interleaved_seed1_k20,interleaved,1,31,大象 / elephant (31),65.0,True,False
four_coarse_interleaved_seed1_k20,interleaved,1,32,flatfish (32),62.0,False,False
four_coarse_interleaved_seed1_k20,interleaved,1,33,森林 / forest (33),60.0,True,False
four_coarse_interleaved_seed1_k20,interleaved,1,34,fox (34),77.0,False,False
four_coarse_interleaved_seed1_k20,interleaved,1,35,girl (35),49.0,False,False
four_coarse_interleaved_seed1_k20,interleaved,1,36,hamster (36),82.0,False,False
four_coarse_interleaved_seed1_k20,interleaved,1,37,房子 / house (37),76.0,True,False
four_coarse_interleaved_seed1_k20,interleaved,1,38,袋鼠 / kangaroo (38),62.0,True,False
four_coarse_interleaved_seed1_k20,interleaved,1,39,keyboard (39),78.0,False,False
four_coarse_interleaved_seed1_k20,interleaved,1,40,lamp (40),62.0,False,False
four_coarse_interleaved_seed1_k20,interleaved,1,41,lawn_mower (41),88.0,False,False
four_coarse_interleaved_seed1_k20,interleaved,1,42,leopard (42),73.0,False,False
four_coarse_interleaved_seed1_k20,interleaved,1,43,lion (43),85.0,False,False
four_coarse_interleaved_seed1_k20,interleaved,1,44,lizard (44),45.0,False,False
four_coarse_interleaved_seed1_k20,interleaved,1,45,lobster (45),63.0,False,False
four_coarse_interleaved_seed1_k20,interleaved,1,46,man (46),50.0,False,False
four_coarse_interleaved_seed1_k20,interleaved,1,47,maple_tree (47),67.0,False,False
four_coarse_interleaved_seed1_k20,interleaved,1,48,摩托車 / motorcycle (48),91.0,True,False
four_coarse_interleaved_seed1_k20,interleaved,1,49,山 / mountain (49),83.0,True,False
four_coarse_interleaved_seed1_k20,interleaved,1,50,mouse (50),57.0,False,False
four_coarse_interleaved_seed1_k20,interleaved,1,51,mushroom (51),69.0,False,False
four_coarse_interleaved_seed1_k20,interleaved,1,52,oak_tree (52),66.0,False,False
four_coarse_interleaved_seed1_k20,interleaved,1,53,orange (53),90.0,False,False
four_coarse_interleaved_seed1_k20,interleaved,1,54,orchid (54),82.0,False,False
four_coarse_interleaved_seed1_k20,interleaved,1,55,otter (55),39.0,False,False
four_coarse_interleaved_seed1_k20,interleaved,1,56,palm_tree (56),84.0,False,False
four_coarse_interleaved_seed1_k20,interleaved,1,57,pear (57),78.0,False,False
four_coarse_interleaved_seed1_k20,interleaved,1,58,皮卡車 / pickup_truck (58),86.0,True,False
four_coarse_interleaved_seed1_k20,interleaved,1,59,pine_tree (59),69.0,False,False
four_coarse_interleaved_seed1_k20,interleaved,1,60,平原 / plain (60),86.0,True,False
four_coarse_interleaved_seed1_k20,interleaved,1,61,plate (61),65.0,False,False
four_coarse_interleaved_seed1_k20,interleaved,1,62,poppy (62),80.0,False,False
four_coarse_interleaved_seed1_k20,interleaved,1,63,porcupine (63),69.0,False,False
four_coarse_interleaved_seed1_k20,interleaved,1,64,possum (64),51.0,False,False
four_coarse_interleaved_seed1_k20,interleaved,1,65,rabbit (65),58.0,False,False
four_coarse_interleaved_seed1_k20,interleaved,1,66,raccoon (66),81.0,False,False
four_coarse_interleaved_seed1_k20,interleaved,1,67,ray (67),56.0,False,False
four_coarse_interleaved_seed1_k20,interleaved,1,68,道路 / road (68),94.0,True,False
four_coarse_interleaved_seed1_k20,interleaved,1,69,rocket (69),80.0,False,False
four_coarse_interleaved_seed1_k20,interleaved,1,70,rose (70),72.0,False,False
four_coarse_interleaved_seed1_k20,interleaved,1,71,海 / sea (71),78.0,True,False
four_coarse_interleaved_seed1_k20,interleaved,1,72,seal (72),46.0,False,False
four_coarse_interleaved_seed1_k20,interleaved,1,73,shark (73),58.0,False,False
four_coarse_interleaved_seed1_k20,interleaved,1,74,shrew (74),50.0,False,False
four_coarse_interleaved_seed1_k20,interleaved,1,75,skunk (75),89.0,False,False
four_coarse_interleaved_seed1_k20,interleaved,1,76,摩天大樓 / skyscraper (76),90.0,True,False
four_coarse_interleaved_seed1_k20,interleaved,1,77,snail (77),64.0,False,False
four_coarse_interleaved_seed1_k20,interleaved,1,78,snake (78),59.0,False,False
four_coarse_interleaved_seed1_k20,interleaved,1,79,spider (79),69.0,False,False
four_coarse_interleaved_seed1_k20,interleaved,1,80,squirrel (80),52.0,False,False
four_coarse_interleaved_seed1_k20,interleaved,1,81,streetcar (81),72.0,False,False
four_coarse_interleaved_seed1_k20,interleaved,1,82,sunflower (82),91.0,False,False
four_coarse_interleaved_seed1_k20,interleaved,1,83,sweet_pepper (83),67.0,False,False
four_coarse_interleaved_seed1_k20,interleaved,1,84,table (84),68.0,False,False
four_coarse_interleaved_seed1_k20,interleaved,1,85,tank (85),71.0,False,False
four_coarse_interleaved_seed1_k20,interleaved,1,86,telephone (86),68.0,False,False
four_coarse_interleaved_seed1_k20,interleaved,1,87,television (87),79.0,False,False
four_coarse_interleaved_seed1_k20,interleaved,1,88,tiger (88),79.0,False,False
four_coarse_interleaved_seed1_k20,interleaved,1,89,tractor (89),84.0,False,False
four_coarse_interleaved_seed1_k20,interleaved,1,90,火車 / train (90),82.0,True,False
four_coarse_interleaved_seed1_k20,interleaved,1,91,trout (91),76.0,False,False
four_coarse_interleaved_seed1_k20,interleaved,1,92,tulip (92),61.0,False,False
four_coarse_interleaved_seed1_k20,interleaved,1,93,turtle (93),57.0,False,False
four_coarse_interleaved_seed1_k20,interleaved,1,94,wardrobe (94),91.0,False,False
four_coarse_interleaved_seed1_k20,interleaved,1,95,whale (95),73.0,False,False
four_coarse_interleaved_seed1_k20,interleaved,1,96,willow_tree (96),62.0,False,False
four_coarse_interleaved_seed1_k20,interleaved,1,97,wolf (97),76.0,False,False
four_coarse_interleaved_seed1_k20,interleaved,1,98,woman (98),53.0,False,False
four_coarse_interleaved_seed1_k20,interleaved,1,99,worm (99),70.0,False,False
four_coarse_interleaved_seed1_k20,interleaved,2,0,apple (0),89.0,False,False
four_coarse_interleaved_seed1_k20,interleaved,2,1,aquarium_fish (1),79.0,False,False
four_coarse_interleaved_seed1_k20,interleaved,2,2,baby (2),58.0,False,False
four_coarse_interleaved_seed1_k20,interleaved,2,3,bear (3),50.0,False,False
four_coarse_interleaved_seed1_k20,interleaved,2,4,beaver (4),55.0,False,False
four_coarse_interleaved_seed1_k20,interleaved,2,5,bed (5),69.0,False,False
four_coarse_interleaved_seed1_k20,interleaved,2,6,bee (6),80.0,False,False
four_coarse_interleaved_seed1_k20,interleaved,2,7,beetle (7),76.0,False,False
four_coarse_interleaved_seed1_k20,interleaved,2,8,腳踏車 / bicycle (8),0.0,True,True
four_coarse_interleaved_seed1_k20,interleaved,2,9,bottle (9),78.0,False,False
four_coarse_interleaved_seed1_k20,interleaved,2,10,bowl (10),47.0,False,False
four_coarse_interleaved_seed1_k20,interleaved,2,11,boy (11),46.0,False,False
four_coarse_interleaved_seed1_k20,interleaved,2,12,橋 / bridge (12),80.0,True,False
four_coarse_interleaved_seed1_k20,interleaved,2,13,公車 / bus (13),65.0,True,False
four_coarse_interleaved_seed1_k20,interleaved,2,14,butterfly (14),57.0,False,False
four_coarse_interleaved_seed1_k20,interleaved,2,15,駱駝 / camel (15),72.0,True,False
four_coarse_interleaved_seed1_k20,interleaved,2,16,can (16),76.0,False,False
four_coarse_interleaved_seed1_k20,interleaved,2,17,城堡 / castle (17),80.0,True,False
four_coarse_interleaved_seed1_k20,interleaved,2,18,caterpillar (18),66.0,False,False
four_coarse_interleaved_seed1_k20,interleaved,2,19,牛 / cattle (19),63.0,True,False
four_coarse_interleaved_seed1_k20,interleaved,2,20,chair (20),86.0,False,False
four_coarse_interleaved_seed1_k20,interleaved,2,21,黑猩猩 / chimpanzee (21),86.0,True,False
four_coarse_interleaved_seed1_k20,interleaved,2,22,clock (22),66.0,False,False
four_coarse_interleaved_seed1_k20,interleaved,2,23,雲 / cloud (23),0.0,True,True
four_coarse_interleaved_seed1_k20,interleaved,2,24,cockroach (24),79.0,False,False
four_coarse_interleaved_seed1_k20,interleaved,2,25,couch (25),55.0,False,False
four_coarse_interleaved_seed1_k20,interleaved,2,26,crab (26),60.0,False,False
four_coarse_interleaved_seed1_k20,interleaved,2,27,crocodile (27),56.0,False,False
four_coarse_interleaved_seed1_k20,interleaved,2,28,cup (28),76.0,False,False
four_coarse_interleaved_seed1_k20,interleaved,2,29,dinosaur (29),62.0,False,False
four_coarse_interleaved_seed1_k20,interleaved,2,30,dolphin (30),68.0,False,False
four_coarse_interleaved_seed1_k20,interleaved,2,31,大象 / elephant (31),64.0,True,False
four_coarse_interleaved_seed1_k20,interleaved,2,32,flatfish (32),64.0,False,False
four_coarse_interleaved_seed1_k20,interleaved,2,33,森林 / forest (33),58.0,True,False
four_coarse_interleaved_seed1_k20,interleaved,2,34,fox (34),75.0,False,False
four_coarse_interleaved_seed1_k20,interleaved,2,35,girl (35),48.0,False,False
four_coarse_interleaved_seed1_k20,interleaved,2,36,hamster (36),81.0,False,False
four_coarse_interleaved_seed1_k20,interleaved,2,37,房子 / house (37),78.0,True,False
four_coarse_interleaved_seed1_k20,interleaved,2,38,袋鼠 / kangaroo (38),65.0,True,False
four_coarse_interleaved_seed1_k20,interleaved,2,39,keyboard (39),81.0,False,False
four_coarse_interleaved_seed1_k20,interleaved,2,40,lamp (40),63.0,False,False
four_coarse_interleaved_seed1_k20,interleaved,2,41,lawn_mower (41),89.0,False,False
four_coarse_interleaved_seed1_k20,interleaved,2,42,leopard (42),71.0,False,False
four_coarse_interleaved_seed1_k20,interleaved,2,43,lion (43),84.0,False,False
four_coarse_interleaved_seed1_k20,interleaved,2,44,lizard (44),47.0,False,False
four_coarse_interleaved_seed1_k20,interleaved,2,45,lobster (45),62.0,False,False
four_coarse_interleaved_seed1_k20,interleaved,2,46,man (46),49.0,False,False
four_coarse_interleaved_seed1_k20,interleaved,2,47,maple_tree (47),68.0,False,False
four_coarse_interleaved_seed1_k20,interleaved,2,48,摩托車 / motorcycle (48),94.0,True,False
four_coarse_interleaved_seed1_k20,interleaved,2,49,山 / mountain (49),84.0,True,False
four_coarse_interleaved_seed1_k20,interleaved,2,50,mouse (50),54.0,False,False
four_coarse_interleaved_seed1_k20,interleaved,2,51,mushroom (51),69.0,False,False
four_coarse_interleaved_seed1_k20,interleaved,2,52,oak_tree (52),65.0,False,False
four_coarse_interleaved_seed1_k20,interleaved,2,53,orange (53),89.0,False,False
four_coarse_interleaved_seed1_k20,interleaved,2,54,orchid (54),80.0,False,False
four_coarse_interleaved_seed1_k20,interleaved,2,55,otter (55),37.0,False,False
four_coarse_interleaved_seed1_k20,interleaved,2,56,palm_tree (56),85.0,False,False
four_coarse_interleaved_seed1_k20,interleaved,2,57,pear (57),78.0,False,False
four_coarse_interleaved_seed1_k20,interleaved,2,58,皮卡車 / pickup_truck (58),86.0,True,False
four_coarse_interleaved_seed1_k20,interleaved,2,59,pine_tree (59),68.0,False,False
four_coarse_interleaved_seed1_k20,interleaved,2,60,平原 / plain (60),85.0,True,False
four_coarse_interleaved_seed1_k20,interleaved,2,61,plate (61),66.0,False,False
four_coarse_interleaved_seed1_k20,interleaved,2,62,poppy (62),81.0,False,False
four_coarse_interleaved_seed1_k20,interleaved,2,63,porcupine (63),70.0,False,False
four_coarse_interleaved_seed1_k20,interleaved,2,64,possum (64),53.0,False,False
four_coarse_interleaved_seed1_k20,interleaved,2,65,rabbit (65),57.0,False,False
four_coarse_interleaved_seed1_k20,interleaved,2,66,raccoon (66),78.0,False,False
four_coarse_interleaved_seed1_k20,interleaved,2,67,ray (67),57.0,False,False
four_coarse_interleaved_seed1_k20,interleaved,2,68,道路 / road (68),93.0,True,False
four_coarse_interleaved_seed1_k20,interleaved,2,69,rocket (69),79.0,False,False
four_coarse_interleaved_seed1_k20,interleaved,2,70,rose (70),71.0,False,False
four_coarse_interleaved_seed1_k20,interleaved,2,71,海 / sea (71),82.0,True,False
four_coarse_interleaved_seed1_k20,interleaved,2,72,seal (72),46.0,False,False
four_coarse_interleaved_seed1_k20,interleaved,2,73,shark (73),60.0,False,False
four_coarse_interleaved_seed1_k20,interleaved,2,74,shrew (74),51.0,False,False
four_coarse_interleaved_seed1_k20,interleaved,2,75,skunk (75),91.0,False,False
four_coarse_interleaved_seed1_k20,interleaved,2,76,摩天大樓 / skyscraper (76),88.0,True,False
four_coarse_interleaved_seed1_k20,interleaved,2,77,snail (77),64.0,False,False
four_coarse_interleaved_seed1_k20,interleaved,2,78,snake (78),59.0,False,False
four_coarse_interleaved_seed1_k20,interleaved,2,79,spider (79),70.0,False,False
four_coarse_interleaved_seed1_k20,interleaved,2,80,squirrel (80),57.0,False,False
four_coarse_interleaved_seed1_k20,interleaved,2,81,streetcar (81),71.0,False,False
four_coarse_interleaved_seed1_k20,interleaved,2,82,sunflower (82),90.0,False,False
four_coarse_interleaved_seed1_k20,interleaved,2,83,sweet_pepper (83),68.0,False,False
four_coarse_interleaved_seed1_k20,interleaved,2,84,table (84),67.0,False,False
four_coarse_interleaved_seed1_k20,interleaved,2,85,tank (85),70.0,False,False
four_coarse_interleaved_seed1_k20,interleaved,2,86,telephone (86),66.0,False,False
four_coarse_interleaved_seed1_k20,interleaved,2,87,television (87),78.0,False,False
four_coarse_interleaved_seed1_k20,interleaved,2,88,tiger (88),79.0,False,False
four_coarse_interleaved_seed1_k20,interleaved,2,89,tractor (89),85.0,False,False
four_coarse_interleaved_seed1_k20,interleaved,2,90,火車 / train (90),85.0,True,False
four_coarse_interleaved_seed1_k20,interleaved,2,91,trout (91),76.0,False,False
four_coarse_interleaved_seed1_k20,interleaved,2,92,tulip (92),61.0,False,False
four_coarse_interleaved_seed1_k20,interleaved,2,93,turtle (93),59.0,False,False
four_coarse_interleaved_seed1_k20,interleaved,2,94,wardrobe (94),92.0,False,False
four_coarse_interleaved_seed1_k20,interleaved,2,95,whale (95),74.0,False,False
four_coarse_interleaved_seed1_k20,interleaved,2,96,willow_tree (96),64.0,False,False
four_coarse_interleaved_seed1_k20,interleaved,2,97,wolf (97),75.0,False,False
four_coarse_interleaved_seed1_k20,interleaved,2,98,woman (98),51.0,False,False
four_coarse_interleaved_seed1_k20,interleaved,2,99,worm (99),71.0,False,False
four_coarse_interleaved_seed1_k20,interleaved,3,0,apple (0),88.0,False,False
four_coarse_interleaved_seed1_k20,interleaved,3,1,aquarium_fish (1),79.0,False,False
four_coarse_interleaved_seed1_k20,interleaved,3,2,baby (2),54.0,False,False
four_coarse_interleaved_seed1_k20,interleaved,3,3,bear (3),49.0,False,False
four_coarse_interleaved_seed1_k20,interleaved,3,4,beaver (4),54.0,False,False
four_coarse_interleaved_seed1_k20,interleaved,3,5,bed (5),64.0,False,False
four_coarse_interleaved_seed1_k20,interleaved,3,6,bee (6),78.0,False,False
four_coarse_interleaved_seed1_k20,interleaved,3,7,beetle (7),76.0,False,False
four_coarse_interleaved_seed1_k20,interleaved,3,8,腳踏車 / bicycle (8),7.0,True,True
four_coarse_interleaved_seed1_k20,interleaved,3,9,bottle (9),79.0,False,False
four_coarse_interleaved_seed1_k20,interleaved,3,10,bowl (10),46.0,False,False
four_coarse_interleaved_seed1_k20,interleaved,3,11,boy (11),45.0,False,False
four_coarse_interleaved_seed1_k20,interleaved,3,12,橋 / bridge (12),78.0,True,False
four_coarse_interleaved_seed1_k20,interleaved,3,13,公車 / bus (13),69.0,True,False
four_coarse_interleaved_seed1_k20,interleaved,3,14,butterfly (14),58.0,False,False
four_coarse_interleaved_seed1_k20,interleaved,3,15,駱駝 / camel (15),0.0,True,True
four_coarse_interleaved_seed1_k20,interleaved,3,16,can (16),77.0,False,False
four_coarse_interleaved_seed1_k20,interleaved,3,17,城堡 / castle (17),77.0,True,False
four_coarse_interleaved_seed1_k20,interleaved,3,18,caterpillar (18),62.0,False,False
four_coarse_interleaved_seed1_k20,interleaved,3,19,牛 / cattle (19),66.0,True,False
four_coarse_interleaved_seed1_k20,interleaved,3,20,chair (20),85.0,False,False
four_coarse_interleaved_seed1_k20,interleaved,3,21,黑猩猩 / chimpanzee (21),86.0,True,False
four_coarse_interleaved_seed1_k20,interleaved,3,22,clock (22),69.0,False,False
four_coarse_interleaved_seed1_k20,interleaved,3,23,雲 / cloud (23),0.0,True,True
four_coarse_interleaved_seed1_k20,interleaved,3,24,cockroach (24),79.0,False,False
four_coarse_interleaved_seed1_k20,interleaved,3,25,couch (25),59.0,False,False
four_coarse_interleaved_seed1_k20,interleaved,3,26,crab (26),60.0,False,False
four_coarse_interleaved_seed1_k20,interleaved,3,27,crocodile (27),54.0,False,False
four_coarse_interleaved_seed1_k20,interleaved,3,28,cup (28),76.0,False,False
four_coarse_interleaved_seed1_k20,interleaved,3,29,dinosaur (29),64.0,False,False
four_coarse_interleaved_seed1_k20,interleaved,3,30,dolphin (30),67.0,False,False
four_coarse_interleaved_seed1_k20,interleaved,3,31,大象 / elephant (31),67.0,True,False
four_coarse_interleaved_seed1_k20,interleaved,3,32,flatfish (32),66.0,False,False
four_coarse_interleaved_seed1_k20,interleaved,3,33,森林 / forest (33),55.0,True,False
four_coarse_interleaved_seed1_k20,interleaved,3,34,fox (34),74.0,False,False
four_coarse_interleaved_seed1_k20,interleaved,3,35,girl (35),46.0,False,False
four_coarse_interleaved_seed1_k20,interleaved,3,36,hamster (36),77.0,False,False
four_coarse_interleaved_seed1_k20,interleaved,3,37,房子 / house (37),77.0,True,False
four_coarse_interleaved_seed1_k20,interleaved,3,38,袋鼠 / kangaroo (38),61.0,True,False
four_coarse_interleaved_seed1_k20,interleaved,3,39,keyboard (39),76.0,False,False
four_coarse_interleaved_seed1_k20,interleaved,3,40,lamp (40),62.0,False,False
four_coarse_interleaved_seed1_k20,interleaved,3,41,lawn_mower (41),87.0,False,False
four_coarse_interleaved_seed1_k20,interleaved,3,42,leopard (42),72.0,False,False
four_coarse_interleaved_seed1_k20,interleaved,3,43,lion (43),83.0,False,False
four_coarse_interleaved_seed1_k20,interleaved,3,44,lizard (44),41.0,False,False
four_coarse_interleaved_seed1_k20,interleaved,3,45,lobster (45),63.0,False,False
four_coarse_interleaved_seed1_k20,interleaved,3,46,man (46),46.0,False,False
four_coarse_interleaved_seed1_k20,interleaved,3,47,maple_tree (47),67.0,False,False
four_coarse_interleaved_seed1_k20,interleaved,3,48,摩托車 / motorcycle (48),93.0,True,False
four_coarse_interleaved_seed1_k20,interleaved,3,49,山 / mountain (49),82.0,True,False
four_coarse_interleaved_seed1_k20,interleaved,3,50,mouse (50),54.0,False,False
four_coarse_interleaved_seed1_k20,interleaved,3,51,mushroom (51),70.0,False,False
four_coarse_interleaved_seed1_k20,interleaved,3,52,oak_tree (52),65.0,False,False
four_coarse_interleaved_seed1_k20,interleaved,3,53,orange (53),89.0,False,False
four_coarse_interleaved_seed1_k20,interleaved,3,54,orchid (54),77.0,False,False
four_coarse_interleaved_seed1_k20,interleaved,3,55,otter (55),42.0,False,False
four_coarse_interleaved_seed1_k20,interleaved,3,56,palm_tree (56),86.0,False,False
four_coarse_interleaved_seed1_k20,interleaved,3,57,pear (57),79.0,False,False
four_coarse_interleaved_seed1_k20,interleaved,3,58,皮卡車 / pickup_truck (58),87.0,True,False
four_coarse_interleaved_seed1_k20,interleaved,3,59,pine_tree (59),66.0,False,False
four_coarse_interleaved_seed1_k20,interleaved,3,60,平原 / plain (60),85.0,True,False
four_coarse_interleaved_seed1_k20,interleaved,3,61,plate (61),66.0,False,False
four_coarse_interleaved_seed1_k20,interleaved,3,62,poppy (62),82.0,False,False
four_coarse_interleaved_seed1_k20,interleaved,3,63,porcupine (63),72.0,False,False
four_coarse_interleaved_seed1_k20,interleaved,3,64,possum (64),52.0,False,False
four_coarse_interleaved_seed1_k20,interleaved,3,65,rabbit (65),58.0,False,False
four_coarse_interleaved_seed1_k20,interleaved,3,66,raccoon (66),78.0,False,False
four_coarse_interleaved_seed1_k20,interleaved,3,67,ray (67),56.0,False,False
four_coarse_interleaved_seed1_k20,interleaved,3,68,道路 / road (68),94.0,True,False
four_coarse_interleaved_seed1_k20,interleaved,3,69,rocket (69),78.0,False,False
four_coarse_interleaved_seed1_k20,interleaved,3,70,rose (70),69.0,False,False
four_coarse_interleaved_seed1_k20,interleaved,3,71,海 / sea (71),84.0,True,False
four_coarse_interleaved_seed1_k20,interleaved,3,72,seal (72),45.0,False,False
four_coarse_interleaved_seed1_k20,interleaved,3,73,shark (73),58.0,False,False
four_coarse_interleaved_seed1_k20,interleaved,3,74,shrew (74),48.0,False,False
four_coarse_interleaved_seed1_k20,interleaved,3,75,skunk (75),89.0,False,False
four_coarse_interleaved_seed1_k20,interleaved,3,76,摩天大樓 / skyscraper (76),90.0,True,False
four_coarse_interleaved_seed1_k20,interleaved,3,77,snail (77),64.0,False,False
four_coarse_interleaved_seed1_k20,interleaved,3,78,snake (78),61.0,False,False
four_coarse_interleaved_seed1_k20,interleaved,3,79,spider (79),67.0,False,False
four_coarse_interleaved_seed1_k20,interleaved,3,80,squirrel (80),53.0,False,False
four_coarse_interleaved_seed1_k20,interleaved,3,81,streetcar (81),73.0,False,False
four_coarse_interleaved_seed1_k20,interleaved,3,82,sunflower (82),90.0,False,False
four_coarse_interleaved_seed1_k20,interleaved,3,83,sweet_pepper (83),68.0,False,False
four_coarse_interleaved_seed1_k20,interleaved,3,84,table (84),66.0,False,False
four_coarse_interleaved_seed1_k20,interleaved,3,85,tank (85),71.0,False,False
four_coarse_interleaved_seed1_k20,interleaved,3,86,telephone (86),67.0,False,False
four_coarse_interleaved_seed1_k20,interleaved,3,87,television (87),81.0,False,False
four_coarse_interleaved_seed1_k20,interleaved,3,88,tiger (88),80.0,False,False
four_coarse_interleaved_seed1_k20,interleaved,3,89,tractor (89),84.0,False,False
four_coarse_interleaved_seed1_k20,interleaved,3,90,火車 / train (90),86.0,True,False
four_coarse_interleaved_seed1_k20,interleaved,3,91,trout (91),78.0,False,False
four_coarse_interleaved_seed1_k20,interleaved,3,92,tulip (92),59.0,False,False
four_coarse_interleaved_seed1_k20,interleaved,3,93,turtle (93),59.0,False,False
four_coarse_interleaved_seed1_k20,interleaved,3,94,wardrobe (94),91.0,False,False
four_coarse_interleaved_seed1_k20,interleaved,3,95,whale (95),75.0,False,False
four_coarse_interleaved_seed1_k20,interleaved,3,96,willow_tree (96),64.0,False,False
four_coarse_interleaved_seed1_k20,interleaved,3,97,wolf (97),76.0,False,False
four_coarse_interleaved_seed1_k20,interleaved,3,98,woman (98),51.0,False,False
four_coarse_interleaved_seed1_k20,interleaved,3,99,worm (99),71.0,False,False
four_coarse_interleaved_seed1_k20,interleaved,4,0,apple (0),90.0,False,False
four_coarse_interleaved_seed1_k20,interleaved,4,1,aquarium_fish (1),78.0,False,False
four_coarse_interleaved_seed1_k20,interleaved,4,2,baby (2),57.0,False,False
four_coarse_interleaved_seed1_k20,interleaved,4,3,bear (3),52.0,False,False
four_coarse_interleaved_seed1_k20,interleaved,4,4,beaver (4),57.0,False,False
four_coarse_interleaved_seed1_k20,interleaved,4,5,bed (5),72.0,False,False
four_coarse_interleaved_seed1_k20,interleaved,4,6,bee (6),78.0,False,False
four_coarse_interleaved_seed1_k20,interleaved,4,7,beetle (7),74.0,False,False
four_coarse_interleaved_seed1_k20,interleaved,4,8,腳踏車 / bicycle (8),31.0,True,True
four_coarse_interleaved_seed1_k20,interleaved,4,9,bottle (9),77.0,False,False
four_coarse_interleaved_seed1_k20,interleaved,4,10,bowl (10),46.0,False,False
four_coarse_interleaved_seed1_k20,interleaved,4,11,boy (11),48.0,False,False
four_coarse_interleaved_seed1_k20,interleaved,4,12,橋 / bridge (12),0.0,True,True
four_coarse_interleaved_seed1_k20,interleaved,4,13,公車 / bus (13),65.0,True,False
four_coarse_interleaved_seed1_k20,interleaved,4,14,butterfly (14),58.0,False,False
four_coarse_interleaved_seed1_k20,interleaved,4,15,駱駝 / camel (15),0.0,True,True
four_coarse_interleaved_seed1_k20,interleaved,4,16,can (16),76.0,False,False
four_coarse_interleaved_seed1_k20,interleaved,4,17,城堡 / castle (17),84.0,True,False
four_coarse_interleaved_seed1_k20,interleaved,4,18,caterpillar (18),65.0,False,False
four_coarse_interleaved_seed1_k20,interleaved,4,19,牛 / cattle (19),65.0,True,False
four_coarse_interleaved_seed1_k20,interleaved,4,20,chair (20),86.0,False,False
four_coarse_interleaved_seed1_k20,interleaved,4,21,黑猩猩 / chimpanzee (21),84.0,True,False
four_coarse_interleaved_seed1_k20,interleaved,4,22,clock (22),69.0,False,False
four_coarse_interleaved_seed1_k20,interleaved,4,23,雲 / cloud (23),0.0,True,True
four_coarse_interleaved_seed1_k20,interleaved,4,24,cockroach (24),80.0,False,False
four_coarse_interleaved_seed1_k20,interleaved,4,25,couch (25),55.0,False,False
four_coarse_interleaved_seed1_k20,interleaved,4,26,crab (26),60.0,False,False
four_coarse_interleaved_seed1_k20,interleaved,4,27,crocodile (27),52.0,False,False
four_coarse_interleaved_seed1_k20,interleaved,4,28,cup (28),74.0,False,False
four_coarse_interleaved_seed1_k20,interleaved,4,29,dinosaur (29),66.0,False,False
four_coarse_interleaved_seed1_k20,interleaved,4,30,dolphin (30),69.0,False,False
four_coarse_interleaved_seed1_k20,interleaved,4,31,大象 / elephant (31),71.0,True,False
four_coarse_interleaved_seed1_k20,interleaved,4,32,flatfish (32),64.0,False,False
four_coarse_interleaved_seed1_k20,interleaved,4,33,森林 / forest (33),61.0,True,False
four_coarse_interleaved_seed1_k20,interleaved,4,34,fox (34),77.0,False,False
four_coarse_interleaved_seed1_k20,interleaved,4,35,girl (35),50.0,False,False
four_coarse_interleaved_seed1_k20,interleaved,4,36,hamster (36),81.0,False,False
four_coarse_interleaved_seed1_k20,interleaved,4,37,房子 / house (37),77.0,True,False
four_coarse_interleaved_seed1_k20,interleaved,4,38,袋鼠 / kangaroo (38),69.0,True,False
four_coarse_interleaved_seed1_k20,interleaved,4,39,keyboard (39),77.0,False,False
four_coarse_interleaved_seed1_k20,interleaved,4,40,lamp (40),64.0,False,False
four_coarse_interleaved_seed1_k20,interleaved,4,41,lawn_mower (41),86.0,False,False
four_coarse_interleaved_seed1_k20,interleaved,4,42,leopard (42),73.0,False,False
four_coarse_interleaved_seed1_k20,interleaved,4,43,lion (43),83.0,False,False
four_coarse_interleaved_seed1_k20,interleaved,4,44,lizard (44),46.0,False,False
four_coarse_interleaved_seed1_k20,interleaved,4,45,lobster (45),65.0,False,False
four_coarse_interleaved_seed1_k20,interleaved,4,46,man (46),46.0,False,False
four_coarse_interleaved_seed1_k20,interleaved,4,47,maple_tree (47),65.0,False,False
four_coarse_interleaved_seed1_k20,interleaved,4,48,摩托車 / motorcycle (48),93.0,True,False
four_coarse_interleaved_seed1_k20,interleaved,4,49,山 / mountain (49),83.0,True,False
four_coarse_interleaved_seed1_k20,interleaved,4,50,mouse (50),55.0,False,False
four_coarse_interleaved_seed1_k20,interleaved,4,51,mushroom (51),72.0,False,False
four_coarse_interleaved_seed1_k20,interleaved,4,52,oak_tree (52),66.0,False,False
four_coarse_interleaved_seed1_k20,interleaved,4,53,orange (53),90.0,False,False
four_coarse_interleaved_seed1_k20,interleaved,4,54,orchid (54),78.0,False,False
four_coarse_interleaved_seed1_k20,interleaved,4,55,otter (55),38.0,False,False
four_coarse_interleaved_seed1_k20,interleaved,4,56,palm_tree (56),86.0,False,False
four_coarse_interleaved_seed1_k20,interleaved,4,57,pear (57),79.0,False,False
four_coarse_interleaved_seed1_k20,interleaved,4,58,皮卡車 / pickup_truck (58),86.0,True,False
four_coarse_interleaved_seed1_k20,interleaved,4,59,pine_tree (59),68.0,False,False
four_coarse_interleaved_seed1_k20,interleaved,4,60,平原 / plain (60),86.0,True,False
four_coarse_interleaved_seed1_k20,interleaved,4,61,plate (61),67.0,False,False
four_coarse_interleaved_seed1_k20,interleaved,4,62,poppy (62),81.0,False,False
four_coarse_interleaved_seed1_k20,interleaved,4,63,porcupine (63),72.0,False,False
four_coarse_interleaved_seed1_k20,interleaved,4,64,possum (64),52.0,False,False
four_coarse_interleaved_seed1_k20,interleaved,4,65,rabbit (65),57.0,False,False
four_coarse_interleaved_seed1_k20,interleaved,4,66,raccoon (66),79.0,False,False
four_coarse_interleaved_seed1_k20,interleaved,4,67,ray (67),52.0,False,False
four_coarse_interleaved_seed1_k20,interleaved,4,68,道路 / road (68),93.0,True,False
four_coarse_interleaved_seed1_k20,interleaved,4,69,rocket (69),81.0,False,False
four_coarse_interleaved_seed1_k20,interleaved,4,70,rose (70),70.0,False,False
four_coarse_interleaved_seed1_k20,interleaved,4,71,海 / sea (71),84.0,True,False
four_coarse_interleaved_seed1_k20,interleaved,4,72,seal (72),42.0,False,False
four_coarse_interleaved_seed1_k20,interleaved,4,73,shark (73),55.0,False,False
four_coarse_interleaved_seed1_k20,interleaved,4,74,shrew (74),48.0,False,False
four_coarse_interleaved_seed1_k20,interleaved,4,75,skunk (75),88.0,False,False
four_coarse_interleaved_seed1_k20,interleaved,4,76,摩天大樓 / skyscraper (76),88.0,True,False
four_coarse_interleaved_seed1_k20,interleaved,4,77,snail (77),65.0,False,False
four_coarse_interleaved_seed1_k20,interleaved,4,78,snake (78),61.0,False,False
four_coarse_interleaved_seed1_k20,interleaved,4,79,spider (79),71.0,False,False
four_coarse_interleaved_seed1_k20,interleaved,4,80,squirrel (80),53.0,False,False
four_coarse_interleaved_seed1_k20,interleaved,4,81,streetcar (81),75.0,False,False
four_coarse_interleaved_seed1_k20,interleaved,4,82,sunflower (82),90.0,False,False
four_coarse_interleaved_seed1_k20,interleaved,4,83,sweet_pepper (83),66.0,False,False
four_coarse_interleaved_seed1_k20,interleaved,4,84,table (84),68.0,False,False
four_coarse_interleaved_seed1_k20,interleaved,4,85,tank (85),75.0,False,False
four_coarse_interleaved_seed1_k20,interleaved,4,86,telephone (86),68.0,False,False
four_coarse_interleaved_seed1_k20,interleaved,4,87,television (87),79.0,False,False
four_coarse_interleaved_seed1_k20,interleaved,4,88,tiger (88),80.0,False,False
four_coarse_interleaved_seed1_k20,interleaved,4,89,tractor (89),85.0,False,False
four_coarse_interleaved_seed1_k20,interleaved,4,90,火車 / train (90),80.0,True,False
four_coarse_interleaved_seed1_k20,interleaved,4,91,trout (91),73.0,False,False
four_coarse_interleaved_seed1_k20,interleaved,4,92,tulip (92),63.0,False,False
four_coarse_interleaved_seed1_k20,interleaved,4,93,turtle (93),59.0,False,False
four_coarse_interleaved_seed1_k20,interleaved,4,94,wardrobe (94),92.0,False,False
four_coarse_interleaved_seed1_k20,interleaved,4,95,whale (95),77.0,False,False
four_coarse_interleaved_seed1_k20,interleaved,4,96,willow_tree (96),64.0,False,False
four_coarse_interleaved_seed1_k20,interleaved,4,97,wolf (97),75.0,False,False
four_coarse_interleaved_seed1_k20,interleaved,4,98,woman (98),51.0,False,False
four_coarse_interleaved_seed1_k20,interleaved,4,99,worm (99),68.0,False,False
four_coarse_interleaved_seed1_k20,interleaved,5,0,apple (0),88.0,False,False
four_coarse_interleaved_seed1_k20,interleaved,5,1,aquarium_fish (1),78.0,False,False
four_coarse_interleaved_seed1_k20,interleaved,5,2,baby (2),60.0,False,False
four_coarse_interleaved_seed1_k20,interleaved,5,3,bear (3),51.0,False,False
four_coarse_interleaved_seed1_k20,interleaved,5,4,beaver (4),65.0,False,False
four_coarse_interleaved_seed1_k20,interleaved,5,5,bed (5),71.0,False,False
four_coarse_interleaved_seed1_k20,interleaved,5,6,bee (6),80.0,False,False
four_coarse_interleaved_seed1_k20,interleaved,5,7,beetle (7),73.0,False,False
four_coarse_interleaved_seed1_k20,interleaved,5,8,腳踏車 / bicycle (8),31.0,True,True
four_coarse_interleaved_seed1_k20,interleaved,5,9,bottle (9),77.0,False,False
four_coarse_interleaved_seed1_k20,interleaved,5,10,bowl (10),49.0,False,False
four_coarse_interleaved_seed1_k20,interleaved,5,11,boy (11),49.0,False,False
four_coarse_interleaved_seed1_k20,interleaved,5,12,橋 / bridge (12),0.0,True,True
four_coarse_interleaved_seed1_k20,interleaved,5,13,公車 / bus (13),0.0,True,True
four_coarse_interleaved_seed1_k20,interleaved,5,14,butterfly (14),56.0,False,False
four_coarse_interleaved_seed1_k20,interleaved,5,15,駱駝 / camel (15),0.0,True,True
four_coarse_interleaved_seed1_k20,interleaved,5,16,can (16),77.0,False,False
four_coarse_interleaved_seed1_k20,interleaved,5,17,城堡 / castle (17),81.0,True,False
four_coarse_interleaved_seed1_k20,interleaved,5,18,caterpillar (18),63.0,False,False
four_coarse_interleaved_seed1_k20,interleaved,5,19,牛 / cattle (19),68.0,True,False
four_coarse_interleaved_seed1_k20,interleaved,5,20,chair (20),86.0,False,False
four_coarse_interleaved_seed1_k20,interleaved,5,21,黑猩猩 / chimpanzee (21),84.0,True,False
four_coarse_interleaved_seed1_k20,interleaved,5,22,clock (22),66.0,False,False
four_coarse_interleaved_seed1_k20,interleaved,5,23,雲 / cloud (23),0.0,True,True
four_coarse_interleaved_seed1_k20,interleaved,5,24,cockroach (24),80.0,False,False
four_coarse_interleaved_seed1_k20,interleaved,5,25,couch (25),55.0,False,False
four_coarse_interleaved_seed1_k20,interleaved,5,26,crab (26),61.0,False,False
four_coarse_interleaved_seed1_k20,interleaved,5,27,crocodile (27),54.0,False,False
four_coarse_interleaved_seed1_k20,interleaved,5,28,cup (28),74.0,False,False
four_coarse_interleaved_seed1_k20,interleaved,5,29,dinosaur (29),65.0,False,False
four_coarse_interleaved_seed1_k20,interleaved,5,30,dolphin (30),71.0,False,False
four_coarse_interleaved_seed1_k20,interleaved,5,31,大象 / elephant (31),70.0,True,False
four_coarse_interleaved_seed1_k20,interleaved,5,32,flatfish (32),65.0,False,False
four_coarse_interleaved_seed1_k20,interleaved,5,33,森林 / forest (33),60.0,True,False
four_coarse_interleaved_seed1_k20,interleaved,5,34,fox (34),77.0,False,False
four_coarse_interleaved_seed1_k20,interleaved,5,35,girl (35),50.0,False,False
four_coarse_interleaved_seed1_k20,interleaved,5,36,hamster (36),79.0,False,False
four_coarse_interleaved_seed1_k20,interleaved,5,37,房子 / house (37),78.0,True,False
four_coarse_interleaved_seed1_k20,interleaved,5,38,袋鼠 / kangaroo (38),66.0,True,False
four_coarse_interleaved_seed1_k20,interleaved,5,39,keyboard (39),77.0,False,False
four_coarse_interleaved_seed1_k20,interleaved,5,40,lamp (40),62.0,False,False
four_coarse_interleaved_seed1_k20,interleaved,5,41,lawn_mower (41),89.0,False,False
four_coarse_interleaved_seed1_k20,interleaved,5,42,leopard (42),73.0,False,False
four_coarse_interleaved_seed1_k20,interleaved,5,43,lion (43),87.0,False,False
four_coarse_interleaved_seed1_k20,interleaved,5,44,lizard (44),47.0,False,False
four_coarse_interleaved_seed1_k20,interleaved,5,45,lobster (45),64.0,False,False
four_coarse_interleaved_seed1_k20,interleaved,5,46,man (46),44.0,False,False
four_coarse_interleaved_seed1_k20,interleaved,5,47,maple_tree (47),66.0,False,False
four_coarse_interleaved_seed1_k20,interleaved,5,48,摩托車 / motorcycle (48),95.0,True,False
four_coarse_interleaved_seed1_k20,interleaved,5,49,山 / mountain (49),86.0,True,False
four_coarse_interleaved_seed1_k20,interleaved,5,50,mouse (50),51.0,False,False
four_coarse_interleaved_seed1_k20,interleaved,5,51,mushroom (51),74.0,False,False
four_coarse_interleaved_seed1_k20,interleaved,5,52,oak_tree (52),63.0,False,False
four_coarse_interleaved_seed1_k20,interleaved,5,53,orange (53),90.0,False,False
four_coarse_interleaved_seed1_k20,interleaved,5,54,orchid (54),78.0,False,False
four_coarse_interleaved_seed1_k20,interleaved,5,55,otter (55),39.0,False,False
four_coarse_interleaved_seed1_k20,interleaved,5,56,palm_tree (56),86.0,False,False
four_coarse_interleaved_seed1_k20,interleaved,5,57,pear (57),78.0,False,False
four_coarse_interleaved_seed1_k20,interleaved,5,58,皮卡車 / pickup_truck (58),90.0,True,False
four_coarse_interleaved_seed1_k20,interleaved,5,59,pine_tree (59),69.0,False,False
four_coarse_interleaved_seed1_k20,interleaved,5,60,平原 / plain (60),83.0,True,False
four_coarse_interleaved_seed1_k20,interleaved,5,61,plate (61),66.0,False,False
four_coarse_interleaved_seed1_k20,interleaved,5,62,poppy (62),79.0,False,False
four_coarse_interleaved_seed1_k20,interleaved,5,63,porcupine (63),70.0,False,False
four_coarse_interleaved_seed1_k20,interleaved,5,64,possum (64),54.0,False,False
four_coarse_interleaved_seed1_k20,interleaved,5,65,rabbit (65),57.0,False,False
four_coarse_interleaved_seed1_k20,interleaved,5,66,raccoon (66),80.0,False,False
four_coarse_interleaved_seed1_k20,interleaved,5,67,ray (67),52.0,False,False
four_coarse_interleaved_seed1_k20,interleaved,5,68,道路 / road (68),94.0,True,False
four_coarse_interleaved_seed1_k20,interleaved,5,69,rocket (69),78.0,False,False
four_coarse_interleaved_seed1_k20,interleaved,5,70,rose (70),72.0,False,False
four_coarse_interleaved_seed1_k20,interleaved,5,71,海 / sea (71),83.0,True,False
four_coarse_interleaved_seed1_k20,interleaved,5,72,seal (72),44.0,False,False
four_coarse_interleaved_seed1_k20,interleaved,5,73,shark (73),60.0,False,False
four_coarse_interleaved_seed1_k20,interleaved,5,74,shrew (74),49.0,False,False
four_coarse_interleaved_seed1_k20,interleaved,5,75,skunk (75),89.0,False,False
four_coarse_interleaved_seed1_k20,interleaved,5,76,摩天大樓 / skyscraper (76),87.0,True,False
four_coarse_interleaved_seed1_k20,interleaved,5,77,snail (77),63.0,False,False
four_coarse_interleaved_seed1_k20,interleaved,5,78,snake (78),64.0,False,False
four_coarse_interleaved_seed1_k20,interleaved,5,79,spider (79),68.0,False,False
four_coarse_interleaved_seed1_k20,interleaved,5,80,squirrel (80),54.0,False,False
four_coarse_interleaved_seed1_k20,interleaved,5,81,streetcar (81),78.0,False,False
four_coarse_interleaved_seed1_k20,interleaved,5,82,sunflower (82),92.0,False,False
four_coarse_interleaved_seed1_k20,interleaved,5,83,sweet_pepper (83),68.0,False,False
four_coarse_interleaved_seed1_k20,interleaved,5,84,table (84),68.0,False,False
four_coarse_interleaved_seed1_k20,interleaved,5,85,tank (85),73.0,False,False
four_coarse_interleaved_seed1_k20,interleaved,5,86,telephone (86),69.0,False,False
four_coarse_interleaved_seed1_k20,interleaved,5,87,television (87),80.0,False,False
four_coarse_interleaved_seed1_k20,interleaved,5,88,tiger (88),79.0,False,False
four_coarse_interleaved_seed1_k20,interleaved,5,89,tractor (89),82.0,False,False
four_coarse_interleaved_seed1_k20,interleaved,5,90,火車 / train (90),82.0,True,False
four_coarse_interleaved_seed1_k20,interleaved,5,91,trout (91),77.0,False,False
four_coarse_interleaved_seed1_k20,interleaved,5,92,tulip (92),61.0,False,False
four_coarse_interleaved_seed1_k20,interleaved,5,93,turtle (93),59.0,False,False
four_coarse_interleaved_seed1_k20,interleaved,5,94,wardrobe (94),90.0,False,False
four_coarse_interleaved_seed1_k20,interleaved,5,95,whale (95),75.0,False,False
four_coarse_interleaved_seed1_k20,interleaved,5,96,willow_tree (96),60.0,False,False
four_coarse_interleaved_seed1_k20,interleaved,5,97,wolf (97),76.0,False,False
four_coarse_interleaved_seed1_k20,interleaved,5,98,woman (98),47.0,False,False
four_coarse_interleaved_seed1_k20,interleaved,5,99,worm (99),71.0,False,False
four_coarse_interleaved_seed1_k20,interleaved,6,0,apple (0),89.0,False,False
four_coarse_interleaved_seed1_k20,interleaved,6,1,aquarium_fish (1),79.0,False,False
four_coarse_interleaved_seed1_k20,interleaved,6,2,baby (2),57.0,False,False
four_coarse_interleaved_seed1_k20,interleaved,6,3,bear (3),51.0,False,False
four_coarse_interleaved_seed1_k20,interleaved,6,4,beaver (4),64.0,False,False
four_coarse_interleaved_seed1_k20,interleaved,6,5,bed (5),68.0,False,False
four_coarse_interleaved_seed1_k20,interleaved,6,6,bee (6),77.0,False,False
four_coarse_interleaved_seed1_k20,interleaved,6,7,beetle (7),74.0,False,False
four_coarse_interleaved_seed1_k20,interleaved,6,8,腳踏車 / bicycle (8),21.0,True,True
four_coarse_interleaved_seed1_k20,interleaved,6,9,bottle (9),78.0,False,False
four_coarse_interleaved_seed1_k20,interleaved,6,10,bowl (10),47.0,False,False
four_coarse_interleaved_seed1_k20,interleaved,6,11,boy (11),50.0,False,False
four_coarse_interleaved_seed1_k20,interleaved,6,12,橋 / bridge (12),0.0,True,True
four_coarse_interleaved_seed1_k20,interleaved,6,13,公車 / bus (13),0.0,True,True
four_coarse_interleaved_seed1_k20,interleaved,6,14,butterfly (14),57.0,False,False
four_coarse_interleaved_seed1_k20,interleaved,6,15,駱駝 / camel (15),0.0,True,True
four_coarse_interleaved_seed1_k20,interleaved,6,16,can (16),78.0,False,False
four_coarse_interleaved_seed1_k20,interleaved,6,17,城堡 / castle (17),81.0,True,False
four_coarse_interleaved_seed1_k20,interleaved,6,18,caterpillar (18),66.0,False,False
four_coarse_interleaved_seed1_k20,interleaved,6,19,牛 / cattle (19),71.0,True,False
four_coarse_interleaved_seed1_k20,interleaved,6,20,chair (20),88.0,False,False
four_coarse_interleaved_seed1_k20,interleaved,6,21,黑猩猩 / chimpanzee (21),89.0,True,False
four_coarse_interleaved_seed1_k20,interleaved,6,22,clock (22),68.0,False,False
four_coarse_interleaved_seed1_k20,interleaved,6,23,雲 / cloud (23),0.0,True,True
four_coarse_interleaved_seed1_k20,interleaved,6,24,cockroach (24),78.0,False,False
four_coarse_interleaved_seed1_k20,interleaved,6,25,couch (25),61.0,False,False
four_coarse_interleaved_seed1_k20,interleaved,6,26,crab (26),63.0,False,False
four_coarse_interleaved_seed1_k20,interleaved,6,27,crocodile (27),55.0,False,False
four_coarse_interleaved_seed1_k20,interleaved,6,28,cup (28),75.0,False,False
four_coarse_interleaved_seed1_k20,interleaved,6,29,dinosaur (29),65.0,False,False
four_coarse_interleaved_seed1_k20,interleaved,6,30,dolphin (30),69.0,False,False
four_coarse_interleaved_seed1_k20,interleaved,6,31,大象 / elephant (31),68.0,True,False
four_coarse_interleaved_seed1_k20,interleaved,6,32,flatfish (32),63.0,False,False
four_coarse_interleaved_seed1_k20,interleaved,6,33,森林 / forest (33),0.0,True,True
four_coarse_interleaved_seed1_k20,interleaved,6,34,fox (34),77.0,False,False
four_coarse_interleaved_seed1_k20,interleaved,6,35,girl (35),51.0,False,False
four_coarse_interleaved_seed1_k20,interleaved,6,36,hamster (36),79.0,False,False
four_coarse_interleaved_seed1_k20,interleaved,6,37,房子 / house (37),76.0,True,False
four_coarse_interleaved_seed1_k20,interleaved,6,38,袋鼠 / kangaroo (38),66.0,True,False
four_coarse_interleaved_seed1_k20,interleaved,6,39,keyboard (39),79.0,False,False
four_coarse_interleaved_seed1_k20,interleaved,6,40,lamp (40),63.0,False,False
four_coarse_interleaved_seed1_k20,interleaved,6,41,lawn_mower (41),87.0,False,False
four_coarse_interleaved_seed1_k20,interleaved,6,42,leopard (42),74.0,False,False
four_coarse_interleaved_seed1_k20,interleaved,6,43,lion (43),86.0,False,False
four_coarse_interleaved_seed1_k20,interleaved,6,44,lizard (44),49.0,False,False
four_coarse_interleaved_seed1_k20,interleaved,6,45,lobster (45),64.0,False,False
four_coarse_interleaved_seed1_k20,interleaved,6,46,man (46),47.0,False,False
four_coarse_interleaved_seed1_k20,interleaved,6,47,maple_tree (47),65.0,False,False
four_coarse_interleaved_seed1_k20,interleaved,6,48,摩托車 / motorcycle (48),94.0,True,False
four_coarse_interleaved_seed1_k20,interleaved,6,49,山 / mountain (49),84.0,True,False
four_coarse_interleaved_seed1_k20,interleaved,6,50,mouse (50),53.0,False,False
four_coarse_interleaved_seed1_k20,interleaved,6,51,mushroom (51),73.0,False,False
four_coarse_interleaved_seed1_k20,interleaved,6,52,oak_tree (52),66.0,False,False
four_coarse_interleaved_seed1_k20,interleaved,6,53,orange (53),89.0,False,False
four_coarse_interleaved_seed1_k20,interleaved,6,54,orchid (54),82.0,False,False
four_coarse_interleaved_seed1_k20,interleaved,6,55,otter (55),40.0,False,False
four_coarse_interleaved_seed1_k20,interleaved,6,56,palm_tree (56),89.0,False,False
four_coarse_interleaved_seed1_k20,interleaved,6,57,pear (57),78.0,False,False
four_coarse_interleaved_seed1_k20,interleaved,6,58,皮卡車 / pickup_truck (58),85.0,True,False
four_coarse_interleaved_seed1_k20,interleaved,6,59,pine_tree (59),69.0,False,False
four_coarse_interleaved_seed1_k20,interleaved,6,60,平原 / plain (60),86.0,True,False
four_coarse_interleaved_seed1_k20,interleaved,6,61,plate (61),64.0,False,False
four_coarse_interleaved_seed1_k20,interleaved,6,62,poppy (62),80.0,False,False
four_coarse_interleaved_seed1_k20,interleaved,6,63,porcupine (63),69.0,False,False
four_coarse_interleaved_seed1_k20,interleaved,6,64,possum (64),52.0,False,False
four_coarse_interleaved_seed1_k20,interleaved,6,65,rabbit (65),57.0,False,False
four_coarse_interleaved_seed1_k20,interleaved,6,66,raccoon (66),78.0,False,False
four_coarse_interleaved_seed1_k20,interleaved,6,67,ray (67),56.0,False,False
four_coarse_interleaved_seed1_k20,interleaved,6,68,道路 / road (68),94.0,True,False
four_coarse_interleaved_seed1_k20,interleaved,6,69,rocket (69),81.0,False,False
four_coarse_interleaved_seed1_k20,interleaved,6,70,rose (70),73.0,False,False
four_coarse_interleaved_seed1_k20,interleaved,6,71,海 / sea (71),84.0,True,False
four_coarse_interleaved_seed1_k20,interleaved,6,72,seal (72),42.0,False,False
four_coarse_interleaved_seed1_k20,interleaved,6,73,shark (73),58.0,False,False
four_coarse_interleaved_seed1_k20,interleaved,6,74,shrew (74),49.0,False,False
four_coarse_interleaved_seed1_k20,interleaved,6,75,skunk (75),91.0,False,False
four_coarse_interleaved_seed1_k20,interleaved,6,76,摩天大樓 / skyscraper (76),88.0,True,False
four_coarse_interleaved_seed1_k20,interleaved,6,77,snail (77),66.0,False,False
four_coarse_interleaved_seed1_k20,interleaved,6,78,snake (78),63.0,False,False
four_coarse_interleaved_seed1_k20,interleaved,6,79,spider (79),71.0,False,False
four_coarse_interleaved_seed1_k20,interleaved,6,80,squirrel (80),53.0,False,False
four_coarse_interleaved_seed1_k20,interleaved,6,81,streetcar (81),78.0,False,False
four_coarse_interleaved_seed1_k20,interleaved,6,82,sunflower (82),91.0,False,False
four_coarse_interleaved_seed1_k20,interleaved,6,83,sweet_pepper (83),68.0,False,False
four_coarse_interleaved_seed1_k20,interleaved,6,84,table (84),69.0,False,False
four_coarse_interleaved_seed1_k20,interleaved,6,85,tank (85),73.0,False,False
four_coarse_interleaved_seed1_k20,interleaved,6,86,telephone (86),65.0,False,False
four_coarse_interleaved_seed1_k20,interleaved,6,87,television (87),80.0,False,False
four_coarse_interleaved_seed1_k20,interleaved,6,88,tiger (88),81.0,False,False
four_coarse_interleaved_seed1_k20,interleaved,6,89,tractor (89),83.0,False,False
four_coarse_interleaved_seed1_k20,interleaved,6,90,火車 / train (90),86.0,True,False
four_coarse_interleaved_seed1_k20,interleaved,6,91,trout (91),77.0,False,False
four_coarse_interleaved_seed1_k20,interleaved,6,92,tulip (92),61.0,False,False
four_coarse_interleaved_seed1_k20,interleaved,6,93,turtle (93),60.0,False,False
four_coarse_interleaved_seed1_k20,interleaved,6,94,wardrobe (94),90.0,False,False
four_coarse_interleaved_seed1_k20,interleaved,6,95,whale (95),72.0,False,False
four_coarse_interleaved_seed1_k20,interleaved,6,96,willow_tree (96),65.0,False,False
four_coarse_interleaved_seed1_k20,interleaved,6,97,wolf (97),75.0,False,False
four_coarse_interleaved_seed1_k20,interleaved,6,98,woman (98),48.0,False,False
four_coarse_interleaved_seed1_k20,interleaved,6,99,worm (99),70.0,False,False
four_coarse_interleaved_seed1_k20,interleaved,7,0,apple (0),89.0,False,False
four_coarse_interleaved_seed1_k20,interleaved,7,1,aquarium_fish (1),78.0,False,False
four_coarse_interleaved_seed1_k20,interleaved,7,2,baby (2),58.0,False,False
four_coarse_interleaved_seed1_k20,interleaved,7,3,bear (3),56.0,False,False
four_coarse_interleaved_seed1_k20,interleaved,7,4,beaver (4),61.0,False,False
four_coarse_interleaved_seed1_k20,interleaved,7,5,bed (5),70.0,False,False
four_coarse_interleaved_seed1_k20,interleaved,7,6,bee (6),80.0,False,False
four_coarse_interleaved_seed1_k20,interleaved,7,7,beetle (7),73.0,False,False
four_coarse_interleaved_seed1_k20,interleaved,7,8,腳踏車 / bicycle (8),21.0,True,True
four_coarse_interleaved_seed1_k20,interleaved,7,9,bottle (9),76.0,False,False
four_coarse_interleaved_seed1_k20,interleaved,7,10,bowl (10),45.0,False,False
four_coarse_interleaved_seed1_k20,interleaved,7,11,boy (11),51.0,False,False
four_coarse_interleaved_seed1_k20,interleaved,7,12,橋 / bridge (12),0.0,True,True
four_coarse_interleaved_seed1_k20,interleaved,7,13,公車 / bus (13),0.0,True,True
four_coarse_interleaved_seed1_k20,interleaved,7,14,butterfly (14),55.0,False,False
four_coarse_interleaved_seed1_k20,interleaved,7,15,駱駝 / camel (15),0.0,True,True
four_coarse_interleaved_seed1_k20,interleaved,7,16,can (16),78.0,False,False
four_coarse_interleaved_seed1_k20,interleaved,7,17,城堡 / castle (17),80.0,True,False
four_coarse_interleaved_seed1_k20,interleaved,7,18,caterpillar (18),63.0,False,False
four_coarse_interleaved_seed1_k20,interleaved,7,19,牛 / cattle (19),0.0,True,True
four_coarse_interleaved_seed1_k20,interleaved,7,20,chair (20),87.0,False,False
four_coarse_interleaved_seed1_k20,interleaved,7,21,黑猩猩 / chimpanzee (21),90.0,True,False
four_coarse_interleaved_seed1_k20,interleaved,7,22,clock (22),70.0,False,False
four_coarse_interleaved_seed1_k20,interleaved,7,23,雲 / cloud (23),0.0,True,True
four_coarse_interleaved_seed1_k20,interleaved,7,24,cockroach (24),81.0,False,False
four_coarse_interleaved_seed1_k20,interleaved,7,25,couch (25),58.0,False,False
four_coarse_interleaved_seed1_k20,interleaved,7,26,crab (26),62.0,False,False
four_coarse_interleaved_seed1_k20,interleaved,7,27,crocodile (27),53.0,False,False
four_coarse_interleaved_seed1_k20,interleaved,7,28,cup (28),72.0,False,False
four_coarse_interleaved_seed1_k20,interleaved,7,29,dinosaur (29),66.0,False,False
four_coarse_interleaved_seed1_k20,interleaved,7,30,dolphin (30),70.0,False,False
four_coarse_interleaved_seed1_k20,interleaved,7,31,大象 / elephant (31),70.0,True,False
four_coarse_interleaved_seed1_k20,interleaved,7,32,flatfish (32),64.0,False,False
four_coarse_interleaved_seed1_k20,interleaved,7,33,森林 / forest (33),0.0,True,True
four_coarse_interleaved_seed1_k20,interleaved,7,34,fox (34),73.0,False,False
four_coarse_interleaved_seed1_k20,interleaved,7,35,girl (35),48.0,False,False
four_coarse_interleaved_seed1_k20,interleaved,7,36,hamster (36),78.0,False,False
four_coarse_interleaved_seed1_k20,interleaved,7,37,房子 / house (37),79.0,True,False
four_coarse_interleaved_seed1_k20,interleaved,7,38,袋鼠 / kangaroo (38),65.0,True,False
four_coarse_interleaved_seed1_k20,interleaved,7,39,keyboard (39),81.0,False,False
four_coarse_interleaved_seed1_k20,interleaved,7,40,lamp (40),64.0,False,False
four_coarse_interleaved_seed1_k20,interleaved,7,41,lawn_mower (41),89.0,False,False
four_coarse_interleaved_seed1_k20,interleaved,7,42,leopard (42),75.0,False,False
four_coarse_interleaved_seed1_k20,interleaved,7,43,lion (43),85.0,False,False
four_coarse_interleaved_seed1_k20,interleaved,7,44,lizard (44),41.0,False,False
four_coarse_interleaved_seed1_k20,interleaved,7,45,lobster (45),65.0,False,False
four_coarse_interleaved_seed1_k20,interleaved,7,46,man (46),49.0,False,False
four_coarse_interleaved_seed1_k20,interleaved,7,47,maple_tree (47),62.0,False,False
four_coarse_interleaved_seed1_k20,interleaved,7,48,摩托車 / motorcycle (48),96.0,True,False
four_coarse_interleaved_seed1_k20,interleaved,7,49,山 / mountain (49),85.0,True,False
four_coarse_interleaved_seed1_k20,interleaved,7,50,mouse (50),55.0,False,False
four_coarse_interleaved_seed1_k20,interleaved,7,51,mushroom (51),71.0,False,False
four_coarse_interleaved_seed1_k20,interleaved,7,52,oak_tree (52),68.0,False,False
four_coarse_interleaved_seed1_k20,interleaved,7,53,orange (53),88.0,False,False
four_coarse_interleaved_seed1_k20,interleaved,7,54,orchid (54),78.0,False,False
four_coarse_interleaved_seed1_k20,interleaved,7,55,otter (55),44.0,False,False
four_coarse_interleaved_seed1_k20,interleaved,7,56,palm_tree (56),87.0,False,False
four_coarse_interleaved_seed1_k20,interleaved,7,57,pear (57),76.0,False,False
four_coarse_interleaved_seed1_k20,interleaved,7,58,皮卡車 / pickup_truck (58),87.0,True,False
four_coarse_interleaved_seed1_k20,interleaved,7,59,pine_tree (59),71.0,False,False
four_coarse_interleaved_seed1_k20,interleaved,7,60,平原 / plain (60),85.0,True,False
four_coarse_interleaved_seed1_k20,interleaved,7,61,plate (61),63.0,False,False
four_coarse_interleaved_seed1_k20,interleaved,7,62,poppy (62),79.0,False,False
four_coarse_interleaved_seed1_k20,interleaved,7,63,porcupine (63),68.0,False,False
four_coarse_interleaved_seed1_k20,interleaved,7,64,possum (64),52.0,False,False
four_coarse_interleaved_seed1_k20,interleaved,7,65,rabbit (65),55.0,False,False
four_coarse_interleaved_seed1_k20,interleaved,7,66,raccoon (66),82.0,False,False
four_coarse_interleaved_seed1_k20,interleaved,7,67,ray (67),55.0,False,False
four_coarse_interleaved_seed1_k20,interleaved,7,68,道路 / road (68),95.0,True,False
four_coarse_interleaved_seed1_k20,interleaved,7,69,rocket (69),81.0,False,False
four_coarse_interleaved_seed1_k20,interleaved,7,70,rose (70),72.0,False,False
four_coarse_interleaved_seed1_k20,interleaved,7,71,海 / sea (71),84.0,True,False
four_coarse_interleaved_seed1_k20,interleaved,7,72,seal (72),43.0,False,False
four_coarse_interleaved_seed1_k20,interleaved,7,73,shark (73),58.0,False,False
four_coarse_interleaved_seed1_k20,interleaved,7,74,shrew (74),49.0,False,False
four_coarse_interleaved_seed1_k20,interleaved,7,75,skunk (75),89.0,False,False
four_coarse_interleaved_seed1_k20,interleaved,7,76,摩天大樓 / skyscraper (76),88.0,True,False
four_coarse_interleaved_seed1_k20,interleaved,7,77,snail (77),62.0,False,False
four_coarse_interleaved_seed1_k20,interleaved,7,78,snake (78),62.0,False,False
four_coarse_interleaved_seed1_k20,interleaved,7,79,spider (79),73.0,False,False
four_coarse_interleaved_seed1_k20,interleaved,7,80,squirrel (80),52.0,False,False
four_coarse_interleaved_seed1_k20,interleaved,7,81,streetcar (81),81.0,False,False
four_coarse_interleaved_seed1_k20,interleaved,7,82,sunflower (82),92.0,False,False
four_coarse_interleaved_seed1_k20,interleaved,7,83,sweet_pepper (83),69.0,False,False
four_coarse_interleaved_seed1_k20,interleaved,7,84,table (84),68.0,False,False
four_coarse_interleaved_seed1_k20,interleaved,7,85,tank (85),69.0,False,False
four_coarse_interleaved_seed1_k20,interleaved,7,86,telephone (86),66.0,False,False
four_coarse_interleaved_seed1_k20,interleaved,7,87,television (87),82.0,False,False
four_coarse_interleaved_seed1_k20,interleaved,7,88,tiger (88),80.0,False,False
four_coarse_interleaved_seed1_k20,interleaved,7,89,tractor (89),82.0,False,False
four_coarse_interleaved_seed1_k20,interleaved,7,90,火車 / train (90),86.0,True,False
four_coarse_interleaved_seed1_k20,interleaved,7,91,trout (91),75.0,False,False
four_coarse_interleaved_seed1_k20,interleaved,7,92,tulip (92),58.0,False,False
four_coarse_interleaved_seed1_k20,interleaved,7,93,turtle (93),58.0,False,False
four_coarse_interleaved_seed1_k20,interleaved,7,94,wardrobe (94),91.0,False,False
four_coarse_interleaved_seed1_k20,interleaved,7,95,whale (95),73.0,False,False
four_coarse_interleaved_seed1_k20,interleaved,7,96,willow_tree (96),66.0,False,False
four_coarse_interleaved_seed1_k20,interleaved,7,97,wolf (97),74.0,False,False
four_coarse_interleaved_seed1_k20,interleaved,7,98,woman (98),49.0,False,False
four_coarse_interleaved_seed1_k20,interleaved,7,99,worm (99),69.0,False,False
four_coarse_interleaved_seed1_k20,interleaved,8,0,apple (0),90.0,False,False
four_coarse_interleaved_seed1_k20,interleaved,8,1,aquarium_fish (1),83.0,False,False
four_coarse_interleaved_seed1_k20,interleaved,8,2,baby (2),62.0,False,False
four_coarse_interleaved_seed1_k20,interleaved,8,3,bear (3),56.0,False,False
four_coarse_interleaved_seed1_k20,interleaved,8,4,beaver (4),62.0,False,False
four_coarse_interleaved_seed1_k20,interleaved,8,5,bed (5),75.0,False,False
four_coarse_interleaved_seed1_k20,interleaved,8,6,bee (6),80.0,False,False
four_coarse_interleaved_seed1_k20,interleaved,8,7,beetle (7),73.0,False,False
four_coarse_interleaved_seed1_k20,interleaved,8,8,腳踏車 / bicycle (8),23.0,True,True
four_coarse_interleaved_seed1_k20,interleaved,8,9,bottle (9),80.0,False,False
four_coarse_interleaved_seed1_k20,interleaved,8,10,bowl (10),45.0,False,False
four_coarse_interleaved_seed1_k20,interleaved,8,11,boy (11),45.0,False,False
four_coarse_interleaved_seed1_k20,interleaved,8,12,橋 / bridge (12),0.0,True,True
four_coarse_interleaved_seed1_k20,interleaved,8,13,公車 / bus (13),0.0,True,True
four_coarse_interleaved_seed1_k20,interleaved,8,14,butterfly (14),57.0,False,False
four_coarse_interleaved_seed1_k20,interleaved,8,15,駱駝 / camel (15),2.0,True,True
four_coarse_interleaved_seed1_k20,interleaved,8,16,can (16),79.0,False,False
four_coarse_interleaved_seed1_k20,interleaved,8,17,城堡 / castle (17),0.0,True,True
four_coarse_interleaved_seed1_k20,interleaved,8,18,caterpillar (18),64.0,False,False
four_coarse_interleaved_seed1_k20,interleaved,8,19,牛 / cattle (19),0.0,True,True
four_coarse_interleaved_seed1_k20,interleaved,8,20,chair (20),87.0,False,False
four_coarse_interleaved_seed1_k20,interleaved,8,21,黑猩猩 / chimpanzee (21),88.0,True,False
four_coarse_interleaved_seed1_k20,interleaved,8,22,clock (22),67.0,False,False
four_coarse_interleaved_seed1_k20,interleaved,8,23,雲 / cloud (23),0.0,True,True
four_coarse_interleaved_seed1_k20,interleaved,8,24,cockroach (24),80.0,False,False
four_coarse_interleaved_seed1_k20,interleaved,8,25,couch (25),53.0,False,False
four_coarse_interleaved_seed1_k20,interleaved,8,26,crab (26),59.0,False,False
four_coarse_interleaved_seed1_k20,interleaved,8,27,crocodile (27),54.0,False,False
four_coarse_interleaved_seed1_k20,interleaved,8,28,cup (28),74.0,False,False
four_coarse_interleaved_seed1_k20,interleaved,8,29,dinosaur (29),69.0,False,False
four_coarse_interleaved_seed1_k20,interleaved,8,30,dolphin (30),70.0,False,False
four_coarse_interleaved_seed1_k20,interleaved,8,31,大象 / elephant (31),69.0,True,False
four_coarse_interleaved_seed1_k20,interleaved,8,32,flatfish (32),64.0,False,False
four_coarse_interleaved_seed1_k20,interleaved,8,33,森林 / forest (33),0.0,True,True
four_coarse_interleaved_seed1_k20,interleaved,8,34,fox (34),75.0,False,False
four_coarse_interleaved_seed1_k20,interleaved,8,35,girl (35),47.0,False,False
four_coarse_interleaved_seed1_k20,interleaved,8,36,hamster (36),82.0,False,False
four_coarse_interleaved_seed1_k20,interleaved,8,37,房子 / house (37),73.0,True,False
four_coarse_interleaved_seed1_k20,interleaved,8,38,袋鼠 / kangaroo (38),66.0,True,False
four_coarse_interleaved_seed1_k20,interleaved,8,39,keyboard (39),80.0,False,False
four_coarse_interleaved_seed1_k20,interleaved,8,40,lamp (40),64.0,False,False
four_coarse_interleaved_seed1_k20,interleaved,8,41,lawn_mower (41),88.0,False,False
four_coarse_interleaved_seed1_k20,interleaved,8,42,leopard (42),74.0,False,False
four_coarse_interleaved_seed1_k20,interleaved,8,43,lion (43),87.0,False,False
four_coarse_interleaved_seed1_k20,interleaved,8,44,lizard (44),41.0,False,False
four_coarse_interleaved_seed1_k20,interleaved,8,45,lobster (45),63.0,False,False
four_coarse_interleaved_seed1_k20,interleaved,8,46,man (46),46.0,False,False
four_coarse_interleaved_seed1_k20,interleaved,8,47,maple_tree (47),66.0,False,False
four_coarse_interleaved_seed1_k20,interleaved,8,48,摩托車 / motorcycle (48),94.0,True,False
four_coarse_interleaved_seed1_k20,interleaved,8,49,山 / mountain (49),84.0,True,False
four_coarse_interleaved_seed1_k20,interleaved,8,50,mouse (50),55.0,False,False
four_coarse_interleaved_seed1_k20,interleaved,8,51,mushroom (51),72.0,False,False
four_coarse_interleaved_seed1_k20,interleaved,8,52,oak_tree (52),63.0,False,False
four_coarse_interleaved_seed1_k20,interleaved,8,53,orange (53),88.0,False,False
four_coarse_interleaved_seed1_k20,interleaved,8,54,orchid (54),79.0,False,False
four_coarse_interleaved_seed1_k20,interleaved,8,55,otter (55),43.0,False,False
four_coarse_interleaved_seed1_k20,interleaved,8,56,palm_tree (56),85.0,False,False
four_coarse_interleaved_seed1_k20,interleaved,8,57,pear (57),78.0,False,False
four_coarse_interleaved_seed1_k20,interleaved,8,58,皮卡車 / pickup_truck (58),89.0,True,False
four_coarse_interleaved_seed1_k20,interleaved,8,59,pine_tree (59),68.0,False,False
four_coarse_interleaved_seed1_k20,interleaved,8,60,平原 / plain (60),86.0,True,False
four_coarse_interleaved_seed1_k20,interleaved,8,61,plate (61),67.0,False,False
four_coarse_interleaved_seed1_k20,interleaved,8,62,poppy (62),80.0,False,False
four_coarse_interleaved_seed1_k20,interleaved,8,63,porcupine (63),65.0,False,False
four_coarse_interleaved_seed1_k20,interleaved,8,64,possum (64),51.0,False,False
four_coarse_interleaved_seed1_k20,interleaved,8,65,rabbit (65),56.0,False,False
four_coarse_interleaved_seed1_k20,interleaved,8,66,raccoon (66),79.0,False,False
four_coarse_interleaved_seed1_k20,interleaved,8,67,ray (67),54.0,False,False
four_coarse_interleaved_seed1_k20,interleaved,8,68,道路 / road (68),94.0,True,False
four_coarse_interleaved_seed1_k20,interleaved,8,69,rocket (69),83.0,False,False
four_coarse_interleaved_seed1_k20,interleaved,8,70,rose (70),71.0,False,False
four_coarse_interleaved_seed1_k20,interleaved,8,71,海 / sea (71),84.0,True,False
four_coarse_interleaved_seed1_k20,interleaved,8,72,seal (72),43.0,False,False
four_coarse_interleaved_seed1_k20,interleaved,8,73,shark (73),57.0,False,False
four_coarse_interleaved_seed1_k20,interleaved,8,74,shrew (74),49.0,False,False
four_coarse_interleaved_seed1_k20,interleaved,8,75,skunk (75),89.0,False,False
four_coarse_interleaved_seed1_k20,interleaved,8,76,摩天大樓 / skyscraper (76),86.0,True,False
four_coarse_interleaved_seed1_k20,interleaved,8,77,snail (77),64.0,False,False
four_coarse_interleaved_seed1_k20,interleaved,8,78,snake (78),61.0,False,False
four_coarse_interleaved_seed1_k20,interleaved,8,79,spider (79),72.0,False,False
four_coarse_interleaved_seed1_k20,interleaved,8,80,squirrel (80),58.0,False,False
four_coarse_interleaved_seed1_k20,interleaved,8,81,streetcar (81),82.0,False,False
four_coarse_interleaved_seed1_k20,interleaved,8,82,sunflower (82),94.0,False,False
four_coarse_interleaved_seed1_k20,interleaved,8,83,sweet_pepper (83),68.0,False,False
four_coarse_interleaved_seed1_k20,interleaved,8,84,table (84),71.0,False,False
four_coarse_interleaved_seed1_k20,interleaved,8,85,tank (85),74.0,False,False
four_coarse_interleaved_seed1_k20,interleaved,8,86,telephone (86),66.0,False,False
four_coarse_interleaved_seed1_k20,interleaved,8,87,television (87),81.0,False,False
four_coarse_interleaved_seed1_k20,interleaved,8,88,tiger (88),79.0,False,False
four_coarse_interleaved_seed1_k20,interleaved,8,89,tractor (89),84.0,False,False
four_coarse_interleaved_seed1_k20,interleaved,8,90,火車 / train (90),85.0,True,False
four_coarse_interleaved_seed1_k20,interleaved,8,91,trout (91),76.0,False,False
four_coarse_interleaved_seed1_k20,interleaved,8,92,tulip (92),59.0,False,False
four_coarse_interleaved_seed1_k20,interleaved,8,93,turtle (93),57.0,False,False
four_coarse_interleaved_seed1_k20,interleaved,8,94,wardrobe (94),91.0,False,False
four_coarse_interleaved_seed1_k20,interleaved,8,95,whale (95),73.0,False,False
four_coarse_interleaved_seed1_k20,interleaved,8,96,willow_tree (96),67.0,False,False
four_coarse_interleaved_seed1_k20,interleaved,8,97,wolf (97),75.0,False,False
four_coarse_interleaved_seed1_k20,interleaved,8,98,woman (98),48.0,False,False
four_coarse_interleaved_seed1_k20,interleaved,8,99,worm (99),70.0,False,False
four_coarse_interleaved_seed1_k20,interleaved,9,0,apple (0),90.0,False,False
four_coarse_interleaved_seed1_k20,interleaved,9,1,aquarium_fish (1),81.0,False,False
four_coarse_interleaved_seed1_k20,interleaved,9,2,baby (2),60.0,False,False
four_coarse_interleaved_seed1_k20,interleaved,9,3,bear (3),51.0,False,False
four_coarse_interleaved_seed1_k20,interleaved,9,4,beaver (4),58.0,False,False
four_coarse_interleaved_seed1_k20,interleaved,9,5,bed (5),73.0,False,False
four_coarse_interleaved_seed1_k20,interleaved,9,6,bee (6),79.0,False,False
four_coarse_interleaved_seed1_k20,interleaved,9,7,beetle (7),72.0,False,False
four_coarse_interleaved_seed1_k20,interleaved,9,8,腳踏車 / bicycle (8),47.0,True,True
four_coarse_interleaved_seed1_k20,interleaved,9,9,bottle (9),79.0,False,False
four_coarse_interleaved_seed1_k20,interleaved,9,10,bowl (10),49.0,False,False
four_coarse_interleaved_seed1_k20,interleaved,9,11,boy (11),47.0,False,False
four_coarse_interleaved_seed1_k20,interleaved,9,12,橋 / bridge (12),0.0,True,True
four_coarse_interleaved_seed1_k20,interleaved,9,13,公車 / bus (13),0.0,True,True
four_coarse_interleaved_seed1_k20,interleaved,9,14,butterfly (14),56.0,False,False
four_coarse_interleaved_seed1_k20,interleaved,9,15,駱駝 / camel (15),4.0,True,True
four_coarse_interleaved_seed1_k20,interleaved,9,16,can (16),79.0,False,False
four_coarse_interleaved_seed1_k20,interleaved,9,17,城堡 / castle (17),0.0,True,True
four_coarse_interleaved_seed1_k20,interleaved,9,18,caterpillar (18),62.0,False,False
four_coarse_interleaved_seed1_k20,interleaved,9,19,牛 / cattle (19),0.0,True,True
four_coarse_interleaved_seed1_k20,interleaved,9,20,chair (20),87.0,False,False
four_coarse_interleaved_seed1_k20,interleaved,9,21,黑猩猩 / chimpanzee (21),88.0,True,False
four_coarse_interleaved_seed1_k20,interleaved,9,22,clock (22),66.0,False,False
four_coarse_interleaved_seed1_k20,interleaved,9,23,雲 / cloud (23),0.0,True,True
four_coarse_interleaved_seed1_k20,interleaved,9,24,cockroach (24),80.0,False,False
four_coarse_interleaved_seed1_k20,interleaved,9,25,couch (25),57.0,False,False
four_coarse_interleaved_seed1_k20,interleaved,9,26,crab (26),61.0,False,False
four_coarse_interleaved_seed1_k20,interleaved,9,27,crocodile (27),53.0,False,False
four_coarse_interleaved_seed1_k20,interleaved,9,28,cup (28),76.0,False,False
four_coarse_interleaved_seed1_k20,interleaved,9,29,dinosaur (29),67.0,False,False
four_coarse_interleaved_seed1_k20,interleaved,9,30,dolphin (30),68.0,False,False
four_coarse_interleaved_seed1_k20,interleaved,9,31,大象 / elephant (31),68.0,True,False
four_coarse_interleaved_seed1_k20,interleaved,9,32,flatfish (32),65.0,False,False
four_coarse_interleaved_seed1_k20,interleaved,9,33,森林 / forest (33),0.0,True,True
four_coarse_interleaved_seed1_k20,interleaved,9,34,fox (34),74.0,False,False
four_coarse_interleaved_seed1_k20,interleaved,9,35,girl (35),49.0,False,False
four_coarse_interleaved_seed1_k20,interleaved,9,36,hamster (36),81.0,False,False
four_coarse_interleaved_seed1_k20,interleaved,9,37,房子 / house (37),78.0,True,False
four_coarse_interleaved_seed1_k20,interleaved,9,38,袋鼠 / kangaroo (38),67.0,True,False
four_coarse_interleaved_seed1_k20,interleaved,9,39,keyboard (39),83.0,False,False
four_coarse_interleaved_seed1_k20,interleaved,9,40,lamp (40),64.0,False,False
four_coarse_interleaved_seed1_k20,interleaved,9,41,lawn_mower (41),90.0,False,False
four_coarse_interleaved_seed1_k20,interleaved,9,42,leopard (42),73.0,False,False
four_coarse_interleaved_seed1_k20,interleaved,9,43,lion (43),87.0,False,False
four_coarse_interleaved_seed1_k20,interleaved,9,44,lizard (44),46.0,False,False
four_coarse_interleaved_seed1_k20,interleaved,9,45,lobster (45),64.0,False,False
four_coarse_interleaved_seed1_k20,interleaved,9,46,man (46),47.0,False,False
four_coarse_interleaved_seed1_k20,interleaved,9,47,maple_tree (47),64.0,False,False
four_coarse_interleaved_seed1_k20,interleaved,9,48,摩托車 / motorcycle (48),0.0,True,True
four_coarse_interleaved_seed1_k20,interleaved,9,49,山 / mountain (49),86.0,True,False
four_coarse_interleaved_seed1_k20,interleaved,9,50,mouse (50),54.0,False,False
four_coarse_interleaved_seed1_k20,interleaved,9,51,mushroom (51),72.0,False,False
four_coarse_interleaved_seed1_k20,interleaved,9,52,oak_tree (52),66.0,False,False
four_coarse_interleaved_seed1_k20,interleaved,9,53,orange (53),89.0,False,False
four_coarse_interleaved_seed1_k20,interleaved,9,54,orchid (54),78.0,False,False
four_coarse_interleaved_seed1_k20,interleaved,9,55,otter (55),42.0,False,False
four_coarse_interleaved_seed1_k20,interleaved,9,56,palm_tree (56),89.0,False,False
four_coarse_interleaved_seed1_k20,interleaved,9,57,pear (57),78.0,False,False
four_coarse_interleaved_seed1_k20,interleaved,9,58,皮卡車 / pickup_truck (58),89.0,True,False
four_coarse_interleaved_seed1_k20,interleaved,9,59,pine_tree (59),68.0,False,False
four_coarse_interleaved_seed1_k20,interleaved,9,60,平原 / plain (60),86.0,True,False
four_coarse_interleaved_seed1_k20,interleaved,9,61,plate (61),63.0,False,False
four_coarse_interleaved_seed1_k20,interleaved,9,62,poppy (62),80.0,False,False
four_coarse_interleaved_seed1_k20,interleaved,9,63,porcupine (63),71.0,False,False
four_coarse_interleaved_seed1_k20,interleaved,9,64,possum (64),52.0,False,False
four_coarse_interleaved_seed1_k20,interleaved,9,65,rabbit (65),59.0,False,False
four_coarse_interleaved_seed1_k20,interleaved,9,66,raccoon (66),81.0,False,False
four_coarse_interleaved_seed1_k20,interleaved,9,67,ray (67),56.0,False,False
four_coarse_interleaved_seed1_k20,interleaved,9,68,道路 / road (68),94.0,True,False
four_coarse_interleaved_seed1_k20,interleaved,9,69,rocket (69),83.0,False,False
four_coarse_interleaved_seed1_k20,interleaved,9,70,rose (70),72.0,False,False
four_coarse_interleaved_seed1_k20,interleaved,9,71,海 / sea (71),85.0,True,False
four_coarse_interleaved_seed1_k20,interleaved,9,72,seal (72),41.0,False,False
four_coarse_interleaved_seed1_k20,interleaved,9,73,shark (73),61.0,False,False
four_coarse_interleaved_seed1_k20,interleaved,9,74,shrew (74),51.0,False,False
four_coarse_interleaved_seed1_k20,interleaved,9,75,skunk (75),90.0,False,False
four_coarse_interleaved_seed1_k20,interleaved,9,76,摩天大樓 / skyscraper (76),88.0,True,False
four_coarse_interleaved_seed1_k20,interleaved,9,77,snail (77),65.0,False,False
four_coarse_interleaved_seed1_k20,interleaved,9,78,snake (78),63.0,False,False
four_coarse_interleaved_seed1_k20,interleaved,9,79,spider (79),68.0,False,False
four_coarse_interleaved_seed1_k20,interleaved,9,80,squirrel (80),56.0,False,False
four_coarse_interleaved_seed1_k20,interleaved,9,81,streetcar (81),82.0,False,False
four_coarse_interleaved_seed1_k20,interleaved,9,82,sunflower (82),92.0,False,False
four_coarse_interleaved_seed1_k20,interleaved,9,83,sweet_pepper (83),67.0,False,False
four_coarse_interleaved_seed1_k20,interleaved,9,84,table (84),70.0,False,False
four_coarse_interleaved_seed1_k20,interleaved,9,85,tank (85),74.0,False,False
four_coarse_interleaved_seed1_k20,interleaved,9,86,telephone (86),66.0,False,False
four_coarse_interleaved_seed1_k20,interleaved,9,87,television (87),80.0,False,False
four_coarse_interleaved_seed1_k20,interleaved,9,88,tiger (88),78.0,False,False
four_coarse_interleaved_seed1_k20,interleaved,9,89,tractor (89),85.0,False,False
four_coarse_interleaved_seed1_k20,interleaved,9,90,火車 / train (90),86.0,True,False
four_coarse_interleaved_seed1_k20,interleaved,9,91,trout (91),78.0,False,False
four_coarse_interleaved_seed1_k20,interleaved,9,92,tulip (92),59.0,False,False
four_coarse_interleaved_seed1_k20,interleaved,9,93,turtle (93),58.0,False,False
four_coarse_interleaved_seed1_k20,interleaved,9,94,wardrobe (94),91.0,False,False
four_coarse_interleaved_seed1_k20,interleaved,9,95,whale (95),71.0,False,False
four_coarse_interleaved_seed1_k20,interleaved,9,96,willow_tree (96),62.0,False,False
four_coarse_interleaved_seed1_k20,interleaved,9,97,wolf (97),75.0,False,False
four_coarse_interleaved_seed1_k20,interleaved,9,98,woman (98),45.0,False,False
four_coarse_interleaved_seed1_k20,interleaved,9,99,worm (99),68.0,False,False
four_coarse_interleaved_seed1_k20,interleaved,10,0,apple (0),89.0,False,False
four_coarse_interleaved_seed1_k20,interleaved,10,1,aquarium_fish (1),81.0,False,False
four_coarse_interleaved_seed1_k20,interleaved,10,2,baby (2),59.0,False,False
four_coarse_interleaved_seed1_k20,interleaved,10,3,bear (3),54.0,False,False
four_coarse_interleaved_seed1_k20,interleaved,10,4,beaver (4),62.0,False,False
four_coarse_interleaved_seed1_k20,interleaved,10,5,bed (5),74.0,False,False
four_coarse_interleaved_seed1_k20,interleaved,10,6,bee (6),79.0,False,False
four_coarse_interleaved_seed1_k20,interleaved,10,7,beetle (7),72.0,False,False
four_coarse_interleaved_seed1_k20,interleaved,10,8,腳踏車 / bicycle (8),44.0,True,True
four_coarse_interleaved_seed1_k20,interleaved,10,9,bottle (9),78.0,False,False
four_coarse_interleaved_seed1_k20,interleaved,10,10,bowl (10),49.0,False,False
four_coarse_interleaved_seed1_k20,interleaved,10,11,boy (11),51.0,False,False
four_coarse_interleaved_seed1_k20,interleaved,10,12,橋 / bridge (12),0.0,True,True
four_coarse_interleaved_seed1_k20,interleaved,10,13,公車 / bus (13),0.0,True,True
four_coarse_interleaved_seed1_k20,interleaved,10,14,butterfly (14),56.0,False,False
four_coarse_interleaved_seed1_k20,interleaved,10,15,駱駝 / camel (15),1.0,True,True
four_coarse_interleaved_seed1_k20,interleaved,10,16,can (16),76.0,False,False
four_coarse_interleaved_seed1_k20,interleaved,10,17,城堡 / castle (17),0.0,True,True
four_coarse_interleaved_seed1_k20,interleaved,10,18,caterpillar (18),64.0,False,False
four_coarse_interleaved_seed1_k20,interleaved,10,19,牛 / cattle (19),0.0,True,True
four_coarse_interleaved_seed1_k20,interleaved,10,20,chair (20),87.0,False,False
four_coarse_interleaved_seed1_k20,interleaved,10,21,黑猩猩 / chimpanzee (21),87.0,True,False
four_coarse_interleaved_seed1_k20,interleaved,10,22,clock (22),72.0,False,False
four_coarse_interleaved_seed1_k20,interleaved,10,23,雲 / cloud (23),0.0,True,True
four_coarse_interleaved_seed1_k20,interleaved,10,24,cockroach (24),79.0,False,False
four_coarse_interleaved_seed1_k20,interleaved,10,25,couch (25),57.0,False,False
four_coarse_interleaved_seed1_k20,interleaved,10,26,crab (26),63.0,False,False
four_coarse_interleaved_seed1_k20,interleaved,10,27,crocodile (27),54.0,False,False
four_coarse_interleaved_seed1_k20,interleaved,10,28,cup (28),76.0,False,False
four_coarse_interleaved_seed1_k20,interleaved,10,29,dinosaur (29),68.0,False,False
four_coarse_interleaved_seed1_k20,interleaved,10,30,dolphin (30),68.0,False,False
four_coarse_interleaved_seed1_k20,interleaved,10,31,大象 / elephant (31),70.0,True,False
four_coarse_interleaved_seed1_k20,interleaved,10,32,flatfish (32),66.0,False,False
four_coarse_interleaved_seed1_k20,interleaved,10,33,森林 / forest (33),0.0,True,True
four_coarse_interleaved_seed1_k20,interleaved,10,34,fox (34),78.0,False,False
four_coarse_interleaved_seed1_k20,interleaved,10,35,girl (35),51.0,False,False
four_coarse_interleaved_seed1_k20,interleaved,10,36,hamster (36),81.0,False,False
four_coarse_interleaved_seed1_k20,interleaved,10,37,房子 / house (37),75.0,True,False
four_coarse_interleaved_seed1_k20,interleaved,10,38,袋鼠 / kangaroo (38),65.0,True,False
four_coarse_interleaved_seed1_k20,interleaved,10,39,keyboard (39),81.0,False,False
four_coarse_interleaved_seed1_k20,interleaved,10,40,lamp (40),61.0,False,False
four_coarse_interleaved_seed1_k20,interleaved,10,41,lawn_mower (41),86.0,False,False
four_coarse_interleaved_seed1_k20,interleaved,10,42,leopard (42),73.0,False,False
four_coarse_interleaved_seed1_k20,interleaved,10,43,lion (43),87.0,False,False
four_coarse_interleaved_seed1_k20,interleaved,10,44,lizard (44),48.0,False,False
four_coarse_interleaved_seed1_k20,interleaved,10,45,lobster (45),64.0,False,False
four_coarse_interleaved_seed1_k20,interleaved,10,46,man (46),44.0,False,False
four_coarse_interleaved_seed1_k20,interleaved,10,47,maple_tree (47),64.0,False,False
four_coarse_interleaved_seed1_k20,interleaved,10,48,摩托車 / motorcycle (48),0.0,True,True
four_coarse_interleaved_seed1_k20,interleaved,10,49,山 / mountain (49),0.0,True,True
four_coarse_interleaved_seed1_k20,interleaved,10,50,mouse (50),53.0,False,False
four_coarse_interleaved_seed1_k20,interleaved,10,51,mushroom (51),73.0,False,False
four_coarse_interleaved_seed1_k20,interleaved,10,52,oak_tree (52),67.0,False,False
four_coarse_interleaved_seed1_k20,interleaved,10,53,orange (53),90.0,False,False
four_coarse_interleaved_seed1_k20,interleaved,10,54,orchid (54),79.0,False,False
four_coarse_interleaved_seed1_k20,interleaved,10,55,otter (55),43.0,False,False
four_coarse_interleaved_seed1_k20,interleaved,10,56,palm_tree (56),86.0,False,False
four_coarse_interleaved_seed1_k20,interleaved,10,57,pear (57),79.0,False,False
four_coarse_interleaved_seed1_k20,interleaved,10,58,皮卡車 / pickup_truck (58),89.0,True,False
four_coarse_interleaved_seed1_k20,interleaved,10,59,pine_tree (59),70.0,False,False
four_coarse_interleaved_seed1_k20,interleaved,10,60,平原 / plain (60),86.0,True,False
four_coarse_interleaved_seed1_k20,interleaved,10,61,plate (61),63.0,False,False
four_coarse_interleaved_seed1_k20,interleaved,10,62,poppy (62),81.0,False,False
four_coarse_interleaved_seed1_k20,interleaved,10,63,porcupine (63),71.0,False,False
four_coarse_interleaved_seed1_k20,interleaved,10,64,possum (64),51.0,False,False
four_coarse_interleaved_seed1_k20,interleaved,10,65,rabbit (65),57.0,False,False
four_coarse_interleaved_seed1_k20,interleaved,10,66,raccoon (66),80.0,False,False
four_coarse_interleaved_seed1_k20,interleaved,10,67,ray (67),56.0,False,False
four_coarse_interleaved_seed1_k20,interleaved,10,68,道路 / road (68),94.0,True,False
four_coarse_interleaved_seed1_k20,interleaved,10,69,rocket (69),84.0,False,False
four_coarse_interleaved_seed1_k20,interleaved,10,70,rose (70),72.0,False,False
four_coarse_interleaved_seed1_k20,interleaved,10,71,海 / sea (71),86.0,True,False
four_coarse_interleaved_seed1_k20,interleaved,10,72,seal (72),43.0,False,False
four_coarse_interleaved_seed1_k20,interleaved,10,73,shark (73),58.0,False,False
four_coarse_interleaved_seed1_k20,interleaved,10,74,shrew (74),50.0,False,False
four_coarse_interleaved_seed1_k20,interleaved,10,75,skunk (75),90.0,False,False
four_coarse_interleaved_seed1_k20,interleaved,10,76,摩天大樓 / skyscraper (76),90.0,True,False
four_coarse_interleaved_seed1_k20,interleaved,10,77,snail (77),60.0,False,False
four_coarse_interleaved_seed1_k20,interleaved,10,78,snake (78),64.0,False,False
four_coarse_interleaved_seed1_k20,interleaved,10,79,spider (79),75.0,False,False
four_coarse_interleaved_seed1_k20,interleaved,10,80,squirrel (80),59.0,False,False
four_coarse_interleaved_seed1_k20,interleaved,10,81,streetcar (81),80.0,False,False
four_coarse_interleaved_seed1_k20,interleaved,10,82,sunflower (82),91.0,False,False
four_coarse_interleaved_seed1_k20,interleaved,10,83,sweet_pepper (83),67.0,False,False
four_coarse_interleaved_seed1_k20,interleaved,10,84,table (84),71.0,False,False
four_coarse_interleaved_seed1_k20,interleaved,10,85,tank (85),75.0,False,False
four_coarse_interleaved_seed1_k20,interleaved,10,86,telephone (86),66.0,False,False
four_coarse_interleaved_seed1_k20,interleaved,10,87,television (87),80.0,False,False
four_coarse_interleaved_seed1_k20,interleaved,10,88,tiger (88),78.0,False,False
four_coarse_interleaved_seed1_k20,interleaved,10,89,tractor (89),87.0,False,False
four_coarse_interleaved_seed1_k20,interleaved,10,90,火車 / train (90),88.0,True,False
four_coarse_interleaved_seed1_k20,interleaved,10,91,trout (91),79.0,False,False
four_coarse_interleaved_seed1_k20,interleaved,10,92,tulip (92),57.0,False,False
four_coarse_interleaved_seed1_k20,interleaved,10,93,turtle (93),54.0,False,False
four_coarse_interleaved_seed1_k20,interleaved,10,94,wardrobe (94),93.0,False,False
four_coarse_interleaved_seed1_k20,interleaved,10,95,whale (95),72.0,False,False
four_coarse_interleaved_seed1_k20,interleaved,10,96,willow_tree (96),67.0,False,False
four_coarse_interleaved_seed1_k20,interleaved,10,97,wolf (97),76.0,False,False
four_coarse_interleaved_seed1_k20,interleaved,10,98,woman (98),45.0,False,False
four_coarse_interleaved_seed1_k20,interleaved,10,99,worm (99),69.0,False,False
four_coarse_interleaved_seed1_k20,interleaved,11,0,apple (0),90.0,False,False
four_coarse_interleaved_seed1_k20,interleaved,11,1,aquarium_fish (1),80.0,False,False
four_coarse_interleaved_seed1_k20,interleaved,11,2,baby (2),56.0,False,False
four_coarse_interleaved_seed1_k20,interleaved,11,3,bear (3),54.0,False,False
four_coarse_interleaved_seed1_k20,interleaved,11,4,beaver (4),60.0,False,False
four_coarse_interleaved_seed1_k20,interleaved,11,5,bed (5),73.0,False,False
four_coarse_interleaved_seed1_k20,interleaved,11,6,bee (6),80.0,False,False
four_coarse_interleaved_seed1_k20,interleaved,11,7,beetle (7),73.0,False,False
four_coarse_interleaved_seed1_k20,interleaved,11,8,腳踏車 / bicycle (8),25.0,True,True
four_coarse_interleaved_seed1_k20,interleaved,11,9,bottle (9),82.0,False,False
four_coarse_interleaved_seed1_k20,interleaved,11,10,bowl (10),44.0,False,False
four_coarse_interleaved_seed1_k20,interleaved,11,11,boy (11),46.0,False,False
four_coarse_interleaved_seed1_k20,interleaved,11,12,橋 / bridge (12),0.0,True,True
four_coarse_interleaved_seed1_k20,interleaved,11,13,公車 / bus (13),0.0,True,True
four_coarse_interleaved_seed1_k20,interleaved,11,14,butterfly (14),57.0,False,False
four_coarse_interleaved_seed1_k20,interleaved,11,15,駱駝 / camel (15),3.0,True,True
four_coarse_interleaved_seed1_k20,interleaved,11,16,can (16),77.0,False,False
four_coarse_interleaved_seed1_k20,interleaved,11,17,城堡 / castle (17),0.0,True,True
four_coarse_interleaved_seed1_k20,interleaved,11,18,caterpillar (18),66.0,False,False
four_coarse_interleaved_seed1_k20,interleaved,11,19,牛 / cattle (19),0.0,True,True
four_coarse_interleaved_seed1_k20,interleaved,11,20,chair (20),87.0,False,False
four_coarse_interleaved_seed1_k20,interleaved,11,21,黑猩猩 / chimpanzee (21),0.0,True,True
four_coarse_interleaved_seed1_k20,interleaved,11,22,clock (22),70.0,False,False
four_coarse_interleaved_seed1_k20,interleaved,11,23,雲 / cloud (23),0.0,True,True
four_coarse_interleaved_seed1_k20,interleaved,11,24,cockroach (24),80.0,False,False
four_coarse_interleaved_seed1_k20,interleaved,11,25,couch (25),56.0,False,False
four_coarse_interleaved_seed1_k20,interleaved,11,26,crab (26),63.0,False,False
four_coarse_interleaved_seed1_k20,interleaved,11,27,crocodile (27),52.0,False,False
four_coarse_interleaved_seed1_k20,interleaved,11,28,cup (28),74.0,False,False
four_coarse_interleaved_seed1_k20,interleaved,11,29,dinosaur (29),69.0,False,False
four_coarse_interleaved_seed1_k20,interleaved,11,30,dolphin (30),70.0,False,False
four_coarse_interleaved_seed1_k20,interleaved,11,31,大象 / elephant (31),73.0,True,False
four_coarse_interleaved_seed1_k20,interleaved,11,32,flatfish (32),65.0,False,False
four_coarse_interleaved_seed1_k20,interleaved,11,33,森林 / forest (33),0.0,True,True
four_coarse_interleaved_seed1_k20,interleaved,11,34,fox (34),75.0,False,False
four_coarse_interleaved_seed1_k20,interleaved,11,35,girl (35),46.0,False,False
four_coarse_interleaved_seed1_k20,interleaved,11,36,hamster (36),82.0,False,False
four_coarse_interleaved_seed1_k20,interleaved,11,37,房子 / house (37),76.0,True,False
four_coarse_interleaved_seed1_k20,interleaved,11,38,袋鼠 / kangaroo (38),62.0,True,False
four_coarse_interleaved_seed1_k20,interleaved,11,39,keyboard (39),82.0,False,False
four_coarse_interleaved_seed1_k20,interleaved,11,40,lamp (40),61.0,False,False
four_coarse_interleaved_seed1_k20,interleaved,11,41,lawn_mower (41),88.0,False,False
four_coarse_interleaved_seed1_k20,interleaved,11,42,leopard (42),76.0,False,False
four_coarse_interleaved_seed1_k20,interleaved,11,43,lion (43),89.0,False,False
four_coarse_interleaved_seed1_k20,interleaved,11,44,lizard (44),44.0,False,False
four_coarse_interleaved_seed1_k20,interleaved,11,45,lobster (45),67.0,False,False
four_coarse_interleaved_seed1_k20,interleaved,11,46,man (46),47.0,False,False
four_coarse_interleaved_seed1_k20,interleaved,11,47,maple_tree (47),64.0,False,False
four_coarse_interleaved_seed1_k20,interleaved,11,48,摩托車 / motorcycle (48),0.0,True,True
four_coarse_interleaved_seed1_k20,interleaved,11,49,山 / mountain (49),0.0,True,True
four_coarse_interleaved_seed1_k20,interleaved,11,50,mouse (50),54.0,False,False
four_coarse_interleaved_seed1_k20,interleaved,11,51,mushroom (51),70.0,False,False
four_coarse_interleaved_seed1_k20,interleaved,11,52,oak_tree (52),67.0,False,False
four_coarse_interleaved_seed1_k20,interleaved,11,53,orange (53),88.0,False,False
four_coarse_interleaved_seed1_k20,interleaved,11,54,orchid (54),80.0,False,False
four_coarse_interleaved_seed1_k20,interleaved,11,55,otter (55),41.0,False,False
four_coarse_interleaved_seed1_k20,interleaved,11,56,palm_tree (56),89.0,False,False
four_coarse_interleaved_seed1_k20,interleaved,11,57,pear (57),79.0,False,False
four_coarse_interleaved_seed1_k20,interleaved,11,58,皮卡車 / pickup_truck (58),87.0,True,False
four_coarse_interleaved_seed1_k20,interleaved,11,59,pine_tree (59),68.0,False,False
four_coarse_interleaved_seed1_k20,interleaved,11,60,平原 / plain (60),88.0,True,False
four_coarse_interleaved_seed1_k20,interleaved,11,61,plate (61),64.0,False,False
four_coarse_interleaved_seed1_k20,interleaved,11,62,poppy (62),79.0,False,False
four_coarse_interleaved_seed1_k20,interleaved,11,63,porcupine (63),68.0,False,False
four_coarse_interleaved_seed1_k20,interleaved,11,64,possum (64),51.0,False,False
four_coarse_interleaved_seed1_k20,interleaved,11,65,rabbit (65),59.0,False,False
four_coarse_interleaved_seed1_k20,interleaved,11,66,raccoon (66),79.0,False,False
four_coarse_interleaved_seed1_k20,interleaved,11,67,ray (67),60.0,False,False
four_coarse_interleaved_seed1_k20,interleaved,11,68,道路 / road (68),96.0,True,False
four_coarse_interleaved_seed1_k20,interleaved,11,69,rocket (69),82.0,False,False
four_coarse_interleaved_seed1_k20,interleaved,11,70,rose (70),69.0,False,False
four_coarse_interleaved_seed1_k20,interleaved,11,71,海 / sea (71),87.0,True,False
four_coarse_interleaved_seed1_k20,interleaved,11,72,seal (72),46.0,False,False
four_coarse_interleaved_seed1_k20,interleaved,11,73,shark (73),57.0,False,False
four_coarse_interleaved_seed1_k20,interleaved,11,74,shrew (74),49.0,False,False
four_coarse_interleaved_seed1_k20,interleaved,11,75,skunk (75),88.0,False,False
four_coarse_interleaved_seed1_k20,interleaved,11,76,摩天大樓 / skyscraper (76),92.0,True,False
four_coarse_interleaved_seed1_k20,interleaved,11,77,snail (77),64.0,False,False
four_coarse_interleaved_seed1_k20,interleaved,11,78,snake (78),63.0,False,False
four_coarse_interleaved_seed1_k20,interleaved,11,79,spider (79),72.0,False,False
four_coarse_interleaved_seed1_k20,interleaved,11,80,squirrel (80),57.0,False,False
four_coarse_interleaved_seed1_k20,interleaved,11,81,streetcar (81),80.0,False,False
four_coarse_interleaved_seed1_k20,interleaved,11,82,sunflower (82),90.0,False,False
four_coarse_interleaved_seed1_k20,interleaved,11,83,sweet_pepper (83),70.0,False,False
four_coarse_interleaved_seed1_k20,interleaved,11,84,table (84),71.0,False,False
four_coarse_interleaved_seed1_k20,interleaved,11,85,tank (85),74.0,False,False
four_coarse_interleaved_seed1_k20,interleaved,11,86,telephone (86),67.0,False,False
four_coarse_interleaved_seed1_k20,interleaved,11,87,television (87),81.0,False,False
four_coarse_interleaved_seed1_k20,interleaved,11,88,tiger (88),79.0,False,False
four_coarse_interleaved_seed1_k20,interleaved,11,89,tractor (89),85.0,False,False
four_coarse_interleaved_seed1_k20,interleaved,11,90,火車 / train (90),88.0,True,False
four_coarse_interleaved_seed1_k20,interleaved,11,91,trout (91),77.0,False,False
four_coarse_interleaved_seed1_k20,interleaved,11,92,tulip (92),59.0,False,False
four_coarse_interleaved_seed1_k20,interleaved,11,93,turtle (93),56.0,False,False
four_coarse_interleaved_seed1_k20,interleaved,11,94,wardrobe (94),92.0,False,False
four_coarse_interleaved_seed1_k20,interleaved,11,95,whale (95),74.0,False,False
four_coarse_interleaved_seed1_k20,interleaved,11,96,willow_tree (96),66.0,False,False
four_coarse_interleaved_seed1_k20,interleaved,11,97,wolf (97),77.0,False,False
four_coarse_interleaved_seed1_k20,interleaved,11,98,woman (98),52.0,False,False
four_coarse_interleaved_seed1_k20,interleaved,11,99,worm (99),70.0,False,False
four_coarse_interleaved_seed1_k20,interleaved,12,0,apple (0),91.0,False,False
four_coarse_interleaved_seed1_k20,interleaved,12,1,aquarium_fish (1),82.0,False,False
four_coarse_interleaved_seed1_k20,interleaved,12,2,baby (2),58.0,False,False
four_coarse_interleaved_seed1_k20,interleaved,12,3,bear (3),56.0,False,False
four_coarse_interleaved_seed1_k20,interleaved,12,4,beaver (4),60.0,False,False
four_coarse_interleaved_seed1_k20,interleaved,12,5,bed (5),73.0,False,False
four_coarse_interleaved_seed1_k20,interleaved,12,6,bee (6),79.0,False,False
four_coarse_interleaved_seed1_k20,interleaved,12,7,beetle (7),71.0,False,False
four_coarse_interleaved_seed1_k20,interleaved,12,8,腳踏車 / bicycle (8),31.0,True,True
four_coarse_interleaved_seed1_k20,interleaved,12,9,bottle (9),81.0,False,False
four_coarse_interleaved_seed1_k20,interleaved,12,10,bowl (10),44.0,False,False
four_coarse_interleaved_seed1_k20,interleaved,12,11,boy (11),48.0,False,False
four_coarse_interleaved_seed1_k20,interleaved,12,12,橋 / bridge (12),0.0,True,True
four_coarse_interleaved_seed1_k20,interleaved,12,13,公車 / bus (13),0.0,True,True
four_coarse_interleaved_seed1_k20,interleaved,12,14,butterfly (14),61.0,False,False
four_coarse_interleaved_seed1_k20,interleaved,12,15,駱駝 / camel (15),1.0,True,True
four_coarse_interleaved_seed1_k20,interleaved,12,16,can (16),77.0,False,False
four_coarse_interleaved_seed1_k20,interleaved,12,17,城堡 / castle (17),0.0,True,True
four_coarse_interleaved_seed1_k20,interleaved,12,18,caterpillar (18),63.0,False,False
four_coarse_interleaved_seed1_k20,interleaved,12,19,牛 / cattle (19),0.0,True,True
four_coarse_interleaved_seed1_k20,interleaved,12,20,chair (20),87.0,False,False
four_coarse_interleaved_seed1_k20,interleaved,12,21,黑猩猩 / chimpanzee (21),0.0,True,True
four_coarse_interleaved_seed1_k20,interleaved,12,22,clock (22),66.0,False,False
four_coarse_interleaved_seed1_k20,interleaved,12,23,雲 / cloud (23),0.0,True,True
four_coarse_interleaved_seed1_k20,interleaved,12,24,cockroach (24),79.0,False,False
four_coarse_interleaved_seed1_k20,interleaved,12,25,couch (25),57.0,False,False
four_coarse_interleaved_seed1_k20,interleaved,12,26,crab (26),61.0,False,False
four_coarse_interleaved_seed1_k20,interleaved,12,27,crocodile (27),52.0,False,False
four_coarse_interleaved_seed1_k20,interleaved,12,28,cup (28),74.0,False,False
four_coarse_interleaved_seed1_k20,interleaved,12,29,dinosaur (29),66.0,False,False
four_coarse_interleaved_seed1_k20,interleaved,12,30,dolphin (30),68.0,False,False
four_coarse_interleaved_seed1_k20,interleaved,12,31,大象 / elephant (31),72.0,True,False
four_coarse_interleaved_seed1_k20,interleaved,12,32,flatfish (32),66.0,False,False
four_coarse_interleaved_seed1_k20,interleaved,12,33,森林 / forest (33),0.0,True,True
four_coarse_interleaved_seed1_k20,interleaved,12,34,fox (34),74.0,False,False
four_coarse_interleaved_seed1_k20,interleaved,12,35,girl (35),47.0,False,False
four_coarse_interleaved_seed1_k20,interleaved,12,36,hamster (36),80.0,False,False
four_coarse_interleaved_seed1_k20,interleaved,12,37,房子 / house (37),0.0,True,True
four_coarse_interleaved_seed1_k20,interleaved,12,38,袋鼠 / kangaroo (38),63.0,True,False
four_coarse_interleaved_seed1_k20,interleaved,12,39,keyboard (39),82.0,False,False
four_coarse_interleaved_seed1_k20,interleaved,12,40,lamp (40),65.0,False,False
four_coarse_interleaved_seed1_k20,interleaved,12,41,lawn_mower (41),87.0,False,False
four_coarse_interleaved_seed1_k20,interleaved,12,42,leopard (42),76.0,False,False
four_coarse_interleaved_seed1_k20,interleaved,12,43,lion (43),85.0,False,False
four_coarse_interleaved_seed1_k20,interleaved,12,44,lizard (44),41.0,False,False
four_coarse_interleaved_seed1_k20,interleaved,12,45,lobster (45),65.0,False,False
four_coarse_interleaved_seed1_k20,interleaved,12,46,man (46),52.0,False,False
four_coarse_interleaved_seed1_k20,interleaved,12,47,maple_tree (47),65.0,False,False
four_coarse_interleaved_seed1_k20,interleaved,12,48,摩托車 / motorcycle (48),0.0,True,True
four_coarse_interleaved_seed1_k20,interleaved,12,49,山 / mountain (49),0.0,True,True
four_coarse_interleaved_seed1_k20,interleaved,12,50,mouse (50),54.0,False,False
four_coarse_interleaved_seed1_k20,interleaved,12,51,mushroom (51),73.0,False,False
four_coarse_interleaved_seed1_k20,interleaved,12,52,oak_tree (52),65.0,False,False
four_coarse_interleaved_seed1_k20,interleaved,12,53,orange (53),91.0,False,False
four_coarse_interleaved_seed1_k20,interleaved,12,54,orchid (54),82.0,False,False
four_coarse_interleaved_seed1_k20,interleaved,12,55,otter (55),42.0,False,False
four_coarse_interleaved_seed1_k20,interleaved,12,56,palm_tree (56),87.0,False,False
four_coarse_interleaved_seed1_k20,interleaved,12,57,pear (57),78.0,False,False
four_coarse_interleaved_seed1_k20,interleaved,12,58,皮卡車 / pickup_truck (58),89.0,True,False
four_coarse_interleaved_seed1_k20,interleaved,12,59,pine_tree (59),70.0,False,False
four_coarse_interleaved_seed1_k20,interleaved,12,60,平原 / plain (60),88.0,True,False
four_coarse_interleaved_seed1_k20,interleaved,12,61,plate (61),67.0,False,False
four_coarse_interleaved_seed1_k20,interleaved,12,62,poppy (62),82.0,False,False
four_coarse_interleaved_seed1_k20,interleaved,12,63,porcupine (63),68.0,False,False
four_coarse_interleaved_seed1_k20,interleaved,12,64,possum (64),53.0,False,False
four_coarse_interleaved_seed1_k20,interleaved,12,65,rabbit (65),59.0,False,False
four_coarse_interleaved_seed1_k20,interleaved,12,66,raccoon (66),80.0,False,False
four_coarse_interleaved_seed1_k20,interleaved,12,67,ray (67),57.0,False,False
four_coarse_interleaved_seed1_k20,interleaved,12,68,道路 / road (68),95.0,True,False
four_coarse_interleaved_seed1_k20,interleaved,12,69,rocket (69),82.0,False,False
four_coarse_interleaved_seed1_k20,interleaved,12,70,rose (70),69.0,False,False
four_coarse_interleaved_seed1_k20,interleaved,12,71,海 / sea (71),89.0,True,False
four_coarse_interleaved_seed1_k20,interleaved,12,72,seal (72),41.0,False,False
four_coarse_interleaved_seed1_k20,interleaved,12,73,shark (73),58.0,False,False
four_coarse_interleaved_seed1_k20,interleaved,12,74,shrew (74),51.0,False,False
four_coarse_interleaved_seed1_k20,interleaved,12,75,skunk (75),89.0,False,False
four_coarse_interleaved_seed1_k20,interleaved,12,76,摩天大樓 / skyscraper (76),90.0,True,False
four_coarse_interleaved_seed1_k20,interleaved,12,77,snail (77),64.0,False,False
four_coarse_interleaved_seed1_k20,interleaved,12,78,snake (78),64.0,False,False
four_coarse_interleaved_seed1_k20,interleaved,12,79,spider (79),75.0,False,False
four_coarse_interleaved_seed1_k20,interleaved,12,80,squirrel (80),57.0,False,False
four_coarse_interleaved_seed1_k20,interleaved,12,81,streetcar (81),87.0,False,False
four_coarse_interleaved_seed1_k20,interleaved,12,82,sunflower (82),91.0,False,False
four_coarse_interleaved_seed1_k20,interleaved,12,83,sweet_pepper (83),71.0,False,False
four_coarse_interleaved_seed1_k20,interleaved,12,84,table (84),66.0,False,False
four_coarse_interleaved_seed1_k20,interleaved,12,85,tank (85),76.0,False,False
four_coarse_interleaved_seed1_k20,interleaved,12,86,telephone (86),67.0,False,False
four_coarse_interleaved_seed1_k20,interleaved,12,87,television (87),79.0,False,False
four_coarse_interleaved_seed1_k20,interleaved,12,88,tiger (88),77.0,False,False
four_coarse_interleaved_seed1_k20,interleaved,12,89,tractor (89),88.0,False,False
four_coarse_interleaved_seed1_k20,interleaved,12,90,火車 / train (90),87.0,True,False
four_coarse_interleaved_seed1_k20,interleaved,12,91,trout (91),79.0,False,False
four_coarse_interleaved_seed1_k20,interleaved,12,92,tulip (92),58.0,False,False
four_coarse_interleaved_seed1_k20,interleaved,12,93,turtle (93),55.0,False,False
four_coarse_interleaved_seed1_k20,interleaved,12,94,wardrobe (94),94.0,False,False
four_coarse_interleaved_seed1_k20,interleaved,12,95,whale (95),72.0,False,False
four_coarse_interleaved_seed1_k20,interleaved,12,96,willow_tree (96),67.0,False,False
four_coarse_interleaved_seed1_k20,interleaved,12,97,wolf (97),77.0,False,False
four_coarse_interleaved_seed1_k20,interleaved,12,98,woman (98),49.0,False,False
four_coarse_interleaved_seed1_k20,interleaved,12,99,worm (99),70.0,False,False
four_coarse_interleaved_seed1_k20,interleaved,13,0,apple (0),89.0,False,False
four_coarse_interleaved_seed1_k20,interleaved,13,1,aquarium_fish (1),77.0,False,False
four_coarse_interleaved_seed1_k20,interleaved,13,2,baby (2),56.0,False,False
four_coarse_interleaved_seed1_k20,interleaved,13,3,bear (3),57.0,False,False
four_coarse_interleaved_seed1_k20,interleaved,13,4,beaver (4),62.0,False,False
four_coarse_interleaved_seed1_k20,interleaved,13,5,bed (5),74.0,False,False
four_coarse_interleaved_seed1_k20,interleaved,13,6,bee (6),82.0,False,False
four_coarse_interleaved_seed1_k20,interleaved,13,7,beetle (7),73.0,False,False
four_coarse_interleaved_seed1_k20,interleaved,13,8,腳踏車 / bicycle (8),29.0,True,True
four_coarse_interleaved_seed1_k20,interleaved,13,9,bottle (9),80.0,False,False
four_coarse_interleaved_seed1_k20,interleaved,13,10,bowl (10),45.0,False,False
four_coarse_interleaved_seed1_k20,interleaved,13,11,boy (11),48.0,False,False
four_coarse_interleaved_seed1_k20,interleaved,13,12,橋 / bridge (12),0.0,True,True
four_coarse_interleaved_seed1_k20,interleaved,13,13,公車 / bus (13),0.0,True,True
four_coarse_interleaved_seed1_k20,interleaved,13,14,butterfly (14),57.0,False,False
four_coarse_interleaved_seed1_k20,interleaved,13,15,駱駝 / camel (15),4.0,True,True
four_coarse_interleaved_seed1_k20,interleaved,13,16,can (16),75.0,False,False
four_coarse_interleaved_seed1_k20,interleaved,13,17,城堡 / castle (17),0.0,True,True
four_coarse_interleaved_seed1_k20,interleaved,13,18,caterpillar (18),66.0,False,False
four_coarse_interleaved_seed1_k20,interleaved,13,19,牛 / cattle (19),0.0,True,True
four_coarse_interleaved_seed1_k20,interleaved,13,20,chair (20),87.0,False,False
four_coarse_interleaved_seed1_k20,interleaved,13,21,黑猩猩 / chimpanzee (21),0.0,True,True
four_coarse_interleaved_seed1_k20,interleaved,13,22,clock (22),67.0,False,False
four_coarse_interleaved_seed1_k20,interleaved,13,23,雲 / cloud (23),0.0,True,True
four_coarse_interleaved_seed1_k20,interleaved,13,24,cockroach (24),82.0,False,False
four_coarse_interleaved_seed1_k20,interleaved,13,25,couch (25),59.0,False,False
four_coarse_interleaved_seed1_k20,interleaved,13,26,crab (26),61.0,False,False
four_coarse_interleaved_seed1_k20,interleaved,13,27,crocodile (27),53.0,False,False
four_coarse_interleaved_seed1_k20,interleaved,13,28,cup (28),70.0,False,False
four_coarse_interleaved_seed1_k20,interleaved,13,29,dinosaur (29),68.0,False,False
four_coarse_interleaved_seed1_k20,interleaved,13,30,dolphin (30),71.0,False,False
four_coarse_interleaved_seed1_k20,interleaved,13,31,大象 / elephant (31),72.0,True,False
four_coarse_interleaved_seed1_k20,interleaved,13,32,flatfish (32),64.0,False,False
four_coarse_interleaved_seed1_k20,interleaved,13,33,森林 / forest (33),1.0,True,True
four_coarse_interleaved_seed1_k20,interleaved,13,34,fox (34),76.0,False,False
four_coarse_interleaved_seed1_k20,interleaved,13,35,girl (35),50.0,False,False
four_coarse_interleaved_seed1_k20,interleaved,13,36,hamster (36),81.0,False,False
four_coarse_interleaved_seed1_k20,interleaved,13,37,房子 / house (37),0.0,True,True
four_coarse_interleaved_seed1_k20,interleaved,13,38,袋鼠 / kangaroo (38),65.0,True,False
four_coarse_interleaved_seed1_k20,interleaved,13,39,keyboard (39),84.0,False,False
four_coarse_interleaved_seed1_k20,interleaved,13,40,lamp (40),64.0,False,False
four_coarse_interleaved_seed1_k20,interleaved,13,41,lawn_mower (41),88.0,False,False
four_coarse_interleaved_seed1_k20,interleaved,13,42,leopard (42),77.0,False,False
four_coarse_interleaved_seed1_k20,interleaved,13,43,lion (43),85.0,False,False
four_coarse_interleaved_seed1_k20,interleaved,13,44,lizard (44),42.0,False,False
four_coarse_interleaved_seed1_k20,interleaved,13,45,lobster (45),67.0,False,False
four_coarse_interleaved_seed1_k20,interleaved,13,46,man (46),51.0,False,False
four_coarse_interleaved_seed1_k20,interleaved,13,47,maple_tree (47),63.0,False,False
four_coarse_interleaved_seed1_k20,interleaved,13,48,摩托車 / motorcycle (48),0.0,True,True
four_coarse_interleaved_seed1_k20,interleaved,13,49,山 / mountain (49),0.0,True,True
four_coarse_interleaved_seed1_k20,interleaved,13,50,mouse (50),53.0,False,False
four_coarse_interleaved_seed1_k20,interleaved,13,51,mushroom (51),73.0,False,False
four_coarse_interleaved_seed1_k20,interleaved,13,52,oak_tree (52),66.0,False,False
four_coarse_interleaved_seed1_k20,interleaved,13,53,orange (53),89.0,False,False
four_coarse_interleaved_seed1_k20,interleaved,13,54,orchid (54),82.0,False,False
four_coarse_interleaved_seed1_k20,interleaved,13,55,otter (55),41.0,False,False
four_coarse_interleaved_seed1_k20,interleaved,13,56,palm_tree (56),89.0,False,False
four_coarse_interleaved_seed1_k20,interleaved,13,57,pear (57),77.0,False,False
four_coarse_interleaved_seed1_k20,interleaved,13,58,皮卡車 / pickup_truck (58),0.0,True,True
four_coarse_interleaved_seed1_k20,interleaved,13,59,pine_tree (59),70.0,False,False
four_coarse_interleaved_seed1_k20,interleaved,13,60,平原 / plain (60),88.0,True,False
four_coarse_interleaved_seed1_k20,interleaved,13,61,plate (61),65.0,False,False
four_coarse_interleaved_seed1_k20,interleaved,13,62,poppy (62),81.0,False,False
four_coarse_interleaved_seed1_k20,interleaved,13,63,porcupine (63),71.0,False,False
four_coarse_interleaved_seed1_k20,interleaved,13,64,possum (64),54.0,False,False
four_coarse_interleaved_seed1_k20,interleaved,13,65,rabbit (65),60.0,False,False
four_coarse_interleaved_seed1_k20,interleaved,13,66,raccoon (66),81.0,False,False
four_coarse_interleaved_seed1_k20,interleaved,13,67,ray (67),59.0,False,False
four_coarse_interleaved_seed1_k20,interleaved,13,68,道路 / road (68),96.0,True,False
four_coarse_interleaved_seed1_k20,interleaved,13,69,rocket (69),82.0,False,False
four_coarse_interleaved_seed1_k20,interleaved,13,70,rose (70),71.0,False,False
four_coarse_interleaved_seed1_k20,interleaved,13,71,海 / sea (71),88.0,True,False
four_coarse_interleaved_seed1_k20,interleaved,13,72,seal (72),36.0,False,False
four_coarse_interleaved_seed1_k20,interleaved,13,73,shark (73),60.0,False,False
four_coarse_interleaved_seed1_k20,interleaved,13,74,shrew (74),50.0,False,False
four_coarse_interleaved_seed1_k20,interleaved,13,75,skunk (75),90.0,False,False
four_coarse_interleaved_seed1_k20,interleaved,13,76,摩天大樓 / skyscraper (76),90.0,True,False
four_coarse_interleaved_seed1_k20,interleaved,13,77,snail (77),64.0,False,False
four_coarse_interleaved_seed1_k20,interleaved,13,78,snake (78),61.0,False,False
four_coarse_interleaved_seed1_k20,interleaved,13,79,spider (79),73.0,False,False
four_coarse_interleaved_seed1_k20,interleaved,13,80,squirrel (80),57.0,False,False
four_coarse_interleaved_seed1_k20,interleaved,13,81,streetcar (81),86.0,False,False
four_coarse_interleaved_seed1_k20,interleaved,13,82,sunflower (82),90.0,False,False
four_coarse_interleaved_seed1_k20,interleaved,13,83,sweet_pepper (83),69.0,False,False
four_coarse_interleaved_seed1_k20,interleaved,13,84,table (84),70.0,False,False
four_coarse_interleaved_seed1_k20,interleaved,13,85,tank (85),81.0,False,False
four_coarse_interleaved_seed1_k20,interleaved,13,86,telephone (86),66.0,False,False
four_coarse_interleaved_seed1_k20,interleaved,13,87,television (87),81.0,False,False
four_coarse_interleaved_seed1_k20,interleaved,13,88,tiger (88),79.0,False,False
four_coarse_interleaved_seed1_k20,interleaved,13,89,tractor (89),87.0,False,False
four_coarse_interleaved_seed1_k20,interleaved,13,90,火車 / train (90),87.0,True,False
four_coarse_interleaved_seed1_k20,interleaved,13,91,trout (91),78.0,False,False
four_coarse_interleaved_seed1_k20,interleaved,13,92,tulip (92),58.0,False,False
four_coarse_interleaved_seed1_k20,interleaved,13,93,turtle (93),55.0,False,False
four_coarse_interleaved_seed1_k20,interleaved,13,94,wardrobe (94),93.0,False,False
four_coarse_interleaved_seed1_k20,interleaved,13,95,whale (95),73.0,False,False
four_coarse_interleaved_seed1_k20,interleaved,13,96,willow_tree (96),68.0,False,False
four_coarse_interleaved_seed1_k20,interleaved,13,97,wolf (97),79.0,False,False
four_coarse_interleaved_seed1_k20,interleaved,13,98,woman (98),52.0,False,False
four_coarse_interleaved_seed1_k20,interleaved,13,99,worm (99),71.0,False,False
four_coarse_interleaved_seed1_k20,interleaved,14,0,apple (0),90.0,False,False
four_coarse_interleaved_seed1_k20,interleaved,14,1,aquarium_fish (1),79.0,False,False
four_coarse_interleaved_seed1_k20,interleaved,14,2,baby (2),58.0,False,False
four_coarse_interleaved_seed1_k20,interleaved,14,3,bear (3),57.0,False,False
four_coarse_interleaved_seed1_k20,interleaved,14,4,beaver (4),62.0,False,False
four_coarse_interleaved_seed1_k20,interleaved,14,5,bed (5),75.0,False,False
four_coarse_interleaved_seed1_k20,interleaved,14,6,bee (6),80.0,False,False
four_coarse_interleaved_seed1_k20,interleaved,14,7,beetle (7),76.0,False,False
four_coarse_interleaved_seed1_k20,interleaved,14,8,腳踏車 / bicycle (8),27.0,True,True
four_coarse_interleaved_seed1_k20,interleaved,14,9,bottle (9),79.0,False,False
four_coarse_interleaved_seed1_k20,interleaved,14,10,bowl (10),46.0,False,False
four_coarse_interleaved_seed1_k20,interleaved,14,11,boy (11),47.0,False,False
four_coarse_interleaved_seed1_k20,interleaved,14,12,橋 / bridge (12),0.0,True,True
four_coarse_interleaved_seed1_k20,interleaved,14,13,公車 / bus (13),0.0,True,True
four_coarse_interleaved_seed1_k20,interleaved,14,14,butterfly (14),59.0,False,False
four_coarse_interleaved_seed1_k20,interleaved,14,15,駱駝 / camel (15),1.0,True,True
four_coarse_interleaved_seed1_k20,interleaved,14,16,can (16),77.0,False,False
four_coarse_interleaved_seed1_k20,interleaved,14,17,城堡 / castle (17),0.0,True,True
four_coarse_interleaved_seed1_k20,interleaved,14,18,caterpillar (18),67.0,False,False
four_coarse_interleaved_seed1_k20,interleaved,14,19,牛 / cattle (19),0.0,True,True
four_coarse_interleaved_seed1_k20,interleaved,14,20,chair (20),87.0,False,False
four_coarse_interleaved_seed1_k20,interleaved,14,21,黑猩猩 / chimpanzee (21),1.0,True,True
four_coarse_interleaved_seed1_k20,interleaved,14,22,clock (22),70.0,False,False
four_coarse_interleaved_seed1_k20,interleaved,14,23,雲 / cloud (23),0.0,True,True
four_coarse_interleaved_seed1_k20,interleaved,14,24,cockroach (24),82.0,False,False
four_coarse_interleaved_seed1_k20,interleaved,14,25,couch (25),58.0,False,False
four_coarse_interleaved_seed1_k20,interleaved,14,26,crab (26),61.0,False,False
four_coarse_interleaved_seed1_k20,interleaved,14,27,crocodile (27),50.0,False,False
four_coarse_interleaved_seed1_k20,interleaved,14,28,cup (28),76.0,False,False
four_coarse_interleaved_seed1_k20,interleaved,14,29,dinosaur (29),65.0,False,False
four_coarse_interleaved_seed1_k20,interleaved,14,30,dolphin (30),71.0,False,False
four_coarse_interleaved_seed1_k20,interleaved,14,31,大象 / elephant (31),69.0,True,False
four_coarse_interleaved_seed1_k20,interleaved,14,32,flatfish (32),63.0,False,False
four_coarse_interleaved_seed1_k20,interleaved,14,33,森林 / forest (33),1.0,True,True
four_coarse_interleaved_seed1_k20,interleaved,14,34,fox (34),77.0,False,False
four_coarse_interleaved_seed1_k20,interleaved,14,35,girl (35),50.0,False,False
four_coarse_interleaved_seed1_k20,interleaved,14,36,hamster (36),81.0,False,False
four_coarse_interleaved_seed1_k20,interleaved,14,37,房子 / house (37),0.0,True,True
four_coarse_interleaved_seed1_k20,interleaved,14,38,袋鼠 / kangaroo (38),67.0,True,False
four_coarse_interleaved_seed1_k20,interleaved,14,39,keyboard (39),83.0,False,False
four_coarse_interleaved_seed1_k20,interleaved,14,40,lamp (40),65.0,False,False
four_coarse_interleaved_seed1_k20,interleaved,14,41,lawn_mower (41),87.0,False,False
four_coarse_interleaved_seed1_k20,interleaved,14,42,leopard (42),74.0,False,False
four_coarse_interleaved_seed1_k20,interleaved,14,43,lion (43),83.0,False,False
four_coarse_interleaved_seed1_k20,interleaved,14,44,lizard (44),43.0,False,False
four_coarse_interleaved_seed1_k20,interleaved,14,45,lobster (45),64.0,False,False
four_coarse_interleaved_seed1_k20,interleaved,14,46,man (46),50.0,False,False
four_coarse_interleaved_seed1_k20,interleaved,14,47,maple_tree (47),66.0,False,False
four_coarse_interleaved_seed1_k20,interleaved,14,48,摩托車 / motorcycle (48),0.0,True,True
four_coarse_interleaved_seed1_k20,interleaved,14,49,山 / mountain (49),0.0,True,True
four_coarse_interleaved_seed1_k20,interleaved,14,50,mouse (50),55.0,False,False
four_coarse_interleaved_seed1_k20,interleaved,14,51,mushroom (51),70.0,False,False
four_coarse_interleaved_seed1_k20,interleaved,14,52,oak_tree (52),64.0,False,False
four_coarse_interleaved_seed1_k20,interleaved,14,53,orange (53),90.0,False,False
four_coarse_interleaved_seed1_k20,interleaved,14,54,orchid (54),81.0,False,False
four_coarse_interleaved_seed1_k20,interleaved,14,55,otter (55),44.0,False,False
four_coarse_interleaved_seed1_k20,interleaved,14,56,palm_tree (56),87.0,False,False
four_coarse_interleaved_seed1_k20,interleaved,14,57,pear (57),78.0,False,False
four_coarse_interleaved_seed1_k20,interleaved,14,58,皮卡車 / pickup_truck (58),0.0,True,True
four_coarse_interleaved_seed1_k20,interleaved,14,59,pine_tree (59),67.0,False,False
four_coarse_interleaved_seed1_k20,interleaved,14,60,平原 / plain (60),0.0,True,True
four_coarse_interleaved_seed1_k20,interleaved,14,61,plate (61),67.0,False,False
four_coarse_interleaved_seed1_k20,interleaved,14,62,poppy (62),81.0,False,False
four_coarse_interleaved_seed1_k20,interleaved,14,63,porcupine (63),70.0,False,False
four_coarse_interleaved_seed1_k20,interleaved,14,64,possum (64),54.0,False,False
four_coarse_interleaved_seed1_k20,interleaved,14,65,rabbit (65),57.0,False,False
four_coarse_interleaved_seed1_k20,interleaved,14,66,raccoon (66),80.0,False,False
four_coarse_interleaved_seed1_k20,interleaved,14,67,ray (67),55.0,False,False
four_coarse_interleaved_seed1_k20,interleaved,14,68,道路 / road (68),96.0,True,False
four_coarse_interleaved_seed1_k20,interleaved,14,69,rocket (69),82.0,False,False
four_coarse_interleaved_seed1_k20,interleaved,14,70,rose (70),72.0,False,False
four_coarse_interleaved_seed1_k20,interleaved,14,71,海 / sea (71),89.0,True,False
four_coarse_interleaved_seed1_k20,interleaved,14,72,seal (72),43.0,False,False
four_coarse_interleaved_seed1_k20,interleaved,14,73,shark (73),61.0,False,False
four_coarse_interleaved_seed1_k20,interleaved,14,74,shrew (74),50.0,False,False
four_coarse_interleaved_seed1_k20,interleaved,14,75,skunk (75),90.0,False,False
four_coarse_interleaved_seed1_k20,interleaved,14,76,摩天大樓 / skyscraper (76),90.0,True,False
four_coarse_interleaved_seed1_k20,interleaved,14,77,snail (77),67.0,False,False
four_coarse_interleaved_seed1_k20,interleaved,14,78,snake (78),64.0,False,False
four_coarse_interleaved_seed1_k20,interleaved,14,79,spider (79),73.0,False,False
four_coarse_interleaved_seed1_k20,interleaved,14,80,squirrel (80),60.0,False,False
four_coarse_interleaved_seed1_k20,interleaved,14,81,streetcar (81),79.0,False,False
four_coarse_interleaved_seed1_k20,interleaved,14,82,sunflower (82),90.0,False,False
four_coarse_interleaved_seed1_k20,interleaved,14,83,sweet_pepper (83),70.0,False,False
four_coarse_interleaved_seed1_k20,interleaved,14,84,table (84),71.0,False,False
four_coarse_interleaved_seed1_k20,interleaved,14,85,tank (85),82.0,False,False
four_coarse_interleaved_seed1_k20,interleaved,14,86,telephone (86),67.0,False,False
four_coarse_interleaved_seed1_k20,interleaved,14,87,television (87),81.0,False,False
four_coarse_interleaved_seed1_k20,interleaved,14,88,tiger (88),79.0,False,False
four_coarse_interleaved_seed1_k20,interleaved,14,89,tractor (89),89.0,False,False
four_coarse_interleaved_seed1_k20,interleaved,14,90,火車 / train (90),87.0,True,False
four_coarse_interleaved_seed1_k20,interleaved,14,91,trout (91),80.0,False,False
four_coarse_interleaved_seed1_k20,interleaved,14,92,tulip (92),60.0,False,False
four_coarse_interleaved_seed1_k20,interleaved,14,93,turtle (93),57.0,False,False
four_coarse_interleaved_seed1_k20,interleaved,14,94,wardrobe (94),93.0,False,False
four_coarse_interleaved_seed1_k20,interleaved,14,95,whale (95),70.0,False,False
four_coarse_interleaved_seed1_k20,interleaved,14,96,willow_tree (96),68.0,False,False
four_coarse_interleaved_seed1_k20,interleaved,14,97,wolf (97),76.0,False,False
four_coarse_interleaved_seed1_k20,interleaved,14,98,woman (98),49.0,False,False
four_coarse_interleaved_seed1_k20,interleaved,14,99,worm (99),69.0,False,False
four_coarse_interleaved_seed1_k20,interleaved,15,0,apple (0),88.0,False,False
four_coarse_interleaved_seed1_k20,interleaved,15,1,aquarium_fish (1),82.0,False,False
four_coarse_interleaved_seed1_k20,interleaved,15,2,baby (2),57.0,False,False
four_coarse_interleaved_seed1_k20,interleaved,15,3,bear (3),59.0,False,False
four_coarse_interleaved_seed1_k20,interleaved,15,4,beaver (4),61.0,False,False
four_coarse_interleaved_seed1_k20,interleaved,15,5,bed (5),73.0,False,False
four_coarse_interleaved_seed1_k20,interleaved,15,6,bee (6),80.0,False,False
four_coarse_interleaved_seed1_k20,interleaved,15,7,beetle (7),74.0,False,False
four_coarse_interleaved_seed1_k20,interleaved,15,8,腳踏車 / bicycle (8),29.0,True,True
four_coarse_interleaved_seed1_k20,interleaved,15,9,bottle (9),78.0,False,False
four_coarse_interleaved_seed1_k20,interleaved,15,10,bowl (10),47.0,False,False
four_coarse_interleaved_seed1_k20,interleaved,15,11,boy (11),47.0,False,False
four_coarse_interleaved_seed1_k20,interleaved,15,12,橋 / bridge (12),0.0,True,True
four_coarse_interleaved_seed1_k20,interleaved,15,13,公車 / bus (13),0.0,True,True
four_coarse_interleaved_seed1_k20,interleaved,15,14,butterfly (14),57.0,False,False
four_coarse_interleaved_seed1_k20,interleaved,15,15,駱駝 / camel (15),2.0,True,True
four_coarse_interleaved_seed1_k20,interleaved,15,16,can (16),76.0,False,False
four_coarse_interleaved_seed1_k20,interleaved,15,17,城堡 / castle (17),0.0,True,True
four_coarse_interleaved_seed1_k20,interleaved,15,18,caterpillar (18),69.0,False,False
four_coarse_interleaved_seed1_k20,interleaved,15,19,牛 / cattle (19),0.0,True,True
four_coarse_interleaved_seed1_k20,interleaved,15,20,chair (20),86.0,False,False
four_coarse_interleaved_seed1_k20,interleaved,15,21,黑猩猩 / chimpanzee (21),0.0,True,True
four_coarse_interleaved_seed1_k20,interleaved,15,22,clock (22),69.0,False,False
four_coarse_interleaved_seed1_k20,interleaved,15,23,雲 / cloud (23),0.0,True,True
four_coarse_interleaved_seed1_k20,interleaved,15,24,cockroach (24),81.0,False,False
four_coarse_interleaved_seed1_k20,interleaved,15,25,couch (25),59.0,False,False
four_coarse_interleaved_seed1_k20,interleaved,15,26,crab (26),64.0,False,False
four_coarse_interleaved_seed1_k20,interleaved,15,27,crocodile (27),53.0,False,False
four_coarse_interleaved_seed1_k20,interleaved,15,28,cup (28),74.0,False,False
four_coarse_interleaved_seed1_k20,interleaved,15,29,dinosaur (29),65.0,False,False
four_coarse_interleaved_seed1_k20,interleaved,15,30,dolphin (30),69.0,False,False
four_coarse_interleaved_seed1_k20,interleaved,15,31,大象 / elephant (31),0.0,True,True
four_coarse_interleaved_seed1_k20,interleaved,15,32,flatfish (32),61.0,False,False
four_coarse_interleaved_seed1_k20,interleaved,15,33,森林 / forest (33),0.0,True,True
four_coarse_interleaved_seed1_k20,interleaved,15,34,fox (34),74.0,False,False
four_coarse_interleaved_seed1_k20,interleaved,15,35,girl (35),49.0,False,False
four_coarse_interleaved_seed1_k20,interleaved,15,36,hamster (36),81.0,False,False
four_coarse_interleaved_seed1_k20,interleaved,15,37,房子 / house (37),0.0,True,True
four_coarse_interleaved_seed1_k20,interleaved,15,38,袋鼠 / kangaroo (38),65.0,True,False
four_coarse_interleaved_seed1_k20,interleaved,15,39,keyboard (39),82.0,False,False
four_coarse_interleaved_seed1_k20,interleaved,15,40,lamp (40),65.0,False,False
four_coarse_interleaved_seed1_k20,interleaved,15,41,lawn_mower (41),87.0,False,False
four_coarse_interleaved_seed1_k20,interleaved,15,42,leopard (42),75.0,False,False
four_coarse_interleaved_seed1_k20,interleaved,15,43,lion (43),86.0,False,False
four_coarse_interleaved_seed1_k20,interleaved,15,44,lizard (44),42.0,False,False
four_coarse_interleaved_seed1_k20,interleaved,15,45,lobster (45),65.0,False,False
four_coarse_interleaved_seed1_k20,interleaved,15,46,man (46),49.0,False,False
four_coarse_interleaved_seed1_k20,interleaved,15,47,maple_tree (47),62.0,False,False
four_coarse_interleaved_seed1_k20,interleaved,15,48,摩托車 / motorcycle (48),0.0,True,True
four_coarse_interleaved_seed1_k20,interleaved,15,49,山 / mountain (49),0.0,True,True
four_coarse_interleaved_seed1_k20,interleaved,15,50,mouse (50),54.0,False,False
four_coarse_interleaved_seed1_k20,interleaved,15,51,mushroom (51),72.0,False,False
four_coarse_interleaved_seed1_k20,interleaved,15,52,oak_tree (52),68.0,False,False
four_coarse_interleaved_seed1_k20,interleaved,15,53,orange (53),92.0,False,False
four_coarse_interleaved_seed1_k20,interleaved,15,54,orchid (54),82.0,False,False
four_coarse_interleaved_seed1_k20,interleaved,15,55,otter (55),45.0,False,False
four_coarse_interleaved_seed1_k20,interleaved,15,56,palm_tree (56),88.0,False,False
four_coarse_interleaved_seed1_k20,interleaved,15,57,pear (57),78.0,False,False
four_coarse_interleaved_seed1_k20,interleaved,15,58,皮卡車 / pickup_truck (58),0.0,True,True
four_coarse_interleaved_seed1_k20,interleaved,15,59,pine_tree (59),68.0,False,False
four_coarse_interleaved_seed1_k20,interleaved,15,60,平原 / plain (60),0.0,True,True
four_coarse_interleaved_seed1_k20,interleaved,15,61,plate (61),67.0,False,False
four_coarse_interleaved_seed1_k20,interleaved,15,62,poppy (62),82.0,False,False
four_coarse_interleaved_seed1_k20,interleaved,15,63,porcupine (63),69.0,False,False
four_coarse_interleaved_seed1_k20,interleaved,15,64,possum (64),54.0,False,False
four_coarse_interleaved_seed1_k20,interleaved,15,65,rabbit (65),55.0,False,False
four_coarse_interleaved_seed1_k20,interleaved,15,66,raccoon (66),81.0,False,False
four_coarse_interleaved_seed1_k20,interleaved,15,67,ray (67),58.0,False,False
four_coarse_interleaved_seed1_k20,interleaved,15,68,道路 / road (68),96.0,True,False
four_coarse_interleaved_seed1_k20,interleaved,15,69,rocket (69),79.0,False,False
four_coarse_interleaved_seed1_k20,interleaved,15,70,rose (70),70.0,False,False
four_coarse_interleaved_seed1_k20,interleaved,15,71,海 / sea (71),92.0,True,False
four_coarse_interleaved_seed1_k20,interleaved,15,72,seal (72),43.0,False,False
four_coarse_interleaved_seed1_k20,interleaved,15,73,shark (73),58.0,False,False
four_coarse_interleaved_seed1_k20,interleaved,15,74,shrew (74),48.0,False,False
four_coarse_interleaved_seed1_k20,interleaved,15,75,skunk (75),90.0,False,False
four_coarse_interleaved_seed1_k20,interleaved,15,76,摩天大樓 / skyscraper (76),92.0,True,False
four_coarse_interleaved_seed1_k20,interleaved,15,77,snail (77),62.0,False,False
four_coarse_interleaved_seed1_k20,interleaved,15,78,snake (78),64.0,False,False
four_coarse_interleaved_seed1_k20,interleaved,15,79,spider (79),73.0,False,False
four_coarse_interleaved_seed1_k20,interleaved,15,80,squirrel (80),57.0,False,False
four_coarse_interleaved_seed1_k20,interleaved,15,81,streetcar (81),83.0,False,False
four_coarse_interleaved_seed1_k20,interleaved,15,82,sunflower (82),90.0,False,False
four_coarse_interleaved_seed1_k20,interleaved,15,83,sweet_pepper (83),67.0,False,False
four_coarse_interleaved_seed1_k20,interleaved,15,84,table (84),71.0,False,False
four_coarse_interleaved_seed1_k20,interleaved,15,85,tank (85),80.0,False,False
four_coarse_interleaved_seed1_k20,interleaved,15,86,telephone (86),65.0,False,False
four_coarse_interleaved_seed1_k20,interleaved,15,87,television (87),80.0,False,False
four_coarse_interleaved_seed1_k20,interleaved,15,88,tiger (88),80.0,False,False
four_coarse_interleaved_seed1_k20,interleaved,15,89,tractor (89),88.0,False,False
four_coarse_interleaved_seed1_k20,interleaved,15,90,火車 / train (90),86.0,True,False
four_coarse_interleaved_seed1_k20,interleaved,15,91,trout (91),78.0,False,False
four_coarse_interleaved_seed1_k20,interleaved,15,92,tulip (92),60.0,False,False
four_coarse_interleaved_seed1_k20,interleaved,15,93,turtle (93),54.0,False,False
four_coarse_interleaved_seed1_k20,interleaved,15,94,wardrobe (94),93.0,False,False
four_coarse_interleaved_seed1_k20,interleaved,15,95,whale (95),75.0,False,False
four_coarse_interleaved_seed1_k20,interleaved,15,96,willow_tree (96),70.0,False,False
four_coarse_interleaved_seed1_k20,interleaved,15,97,wolf (97),77.0,False,False
four_coarse_interleaved_seed1_k20,interleaved,15,98,woman (98),48.0,False,False
four_coarse_interleaved_seed1_k20,interleaved,15,99,worm (99),73.0,False,False
four_coarse_interleaved_seed1_k20,interleaved,16,0,apple (0),88.0,False,False
four_coarse_interleaved_seed1_k20,interleaved,16,1,aquarium_fish (1),83.0,False,False
four_coarse_interleaved_seed1_k20,interleaved,16,2,baby (2),63.0,False,False
four_coarse_interleaved_seed1_k20,interleaved,16,3,bear (3),56.0,False,False
four_coarse_interleaved_seed1_k20,interleaved,16,4,beaver (4),63.0,False,False
four_coarse_interleaved_seed1_k20,interleaved,16,5,bed (5),76.0,False,False
four_coarse_interleaved_seed1_k20,interleaved,16,6,bee (6),78.0,False,False
four_coarse_interleaved_seed1_k20,interleaved,16,7,beetle (7),76.0,False,False
four_coarse_interleaved_seed1_k20,interleaved,16,8,腳踏車 / bicycle (8),35.0,True,True
four_coarse_interleaved_seed1_k20,interleaved,16,9,bottle (9),80.0,False,False
four_coarse_interleaved_seed1_k20,interleaved,16,10,bowl (10),48.0,False,False
four_coarse_interleaved_seed1_k20,interleaved,16,11,boy (11),49.0,False,False
four_coarse_interleaved_seed1_k20,interleaved,16,12,橋 / bridge (12),0.0,True,True
four_coarse_interleaved_seed1_k20,interleaved,16,13,公車 / bus (13),0.0,True,True
four_coarse_interleaved_seed1_k20,interleaved,16,14,butterfly (14),59.0,False,False
four_coarse_interleaved_seed1_k20,interleaved,16,15,駱駝 / camel (15),1.0,True,True
four_coarse_interleaved_seed1_k20,interleaved,16,16,can (16),78.0,False,False
four_coarse_interleaved_seed1_k20,interleaved,16,17,城堡 / castle (17),0.0,True,True
four_coarse_interleaved_seed1_k20,interleaved,16,18,caterpillar (18),69.0,False,False
four_coarse_interleaved_seed1_k20,interleaved,16,19,牛 / cattle (19),0.0,True,True
four_coarse_interleaved_seed1_k20,interleaved,16,20,chair (20),86.0,False,False
four_coarse_interleaved_seed1_k20,interleaved,16,21,黑猩猩 / chimpanzee (21),2.0,True,True
four_coarse_interleaved_seed1_k20,interleaved,16,22,clock (22),69.0,False,False
four_coarse_interleaved_seed1_k20,interleaved,16,23,雲 / cloud (23),0.0,True,True
four_coarse_interleaved_seed1_k20,interleaved,16,24,cockroach (24),79.0,False,False
four_coarse_interleaved_seed1_k20,interleaved,16,25,couch (25),58.0,False,False
four_coarse_interleaved_seed1_k20,interleaved,16,26,crab (26),62.0,False,False
four_coarse_interleaved_seed1_k20,interleaved,16,27,crocodile (27),57.0,False,False
four_coarse_interleaved_seed1_k20,interleaved,16,28,cup (28),74.0,False,False
four_coarse_interleaved_seed1_k20,interleaved,16,29,dinosaur (29),64.0,False,False
four_coarse_interleaved_seed1_k20,interleaved,16,30,dolphin (30),71.0,False,False
four_coarse_interleaved_seed1_k20,interleaved,16,31,大象 / elephant (31),0.0,True,True
four_coarse_interleaved_seed1_k20,interleaved,16,32,flatfish (32),64.0,False,False
four_coarse_interleaved_seed1_k20,interleaved,16,33,森林 / forest (33),0.0,True,True
four_coarse_interleaved_seed1_k20,interleaved,16,34,fox (34),74.0,False,False
four_coarse_interleaved_seed1_k20,interleaved,16,35,girl (35),48.0,False,False
four_coarse_interleaved_seed1_k20,interleaved,16,36,hamster (36),81.0,False,False
four_coarse_interleaved_seed1_k20,interleaved,16,37,房子 / house (37),0.0,True,True
four_coarse_interleaved_seed1_k20,interleaved,16,38,袋鼠 / kangaroo (38),64.0,True,False
four_coarse_interleaved_seed1_k20,interleaved,16,39,keyboard (39),85.0,False,False
four_coarse_interleaved_seed1_k20,interleaved,16,40,lamp (40),63.0,False,False
four_coarse_interleaved_seed1_k20,interleaved,16,41,lawn_mower (41),87.0,False,False
four_coarse_interleaved_seed1_k20,interleaved,16,42,leopard (42),76.0,False,False
four_coarse_interleaved_seed1_k20,interleaved,16,43,lion (43),84.0,False,False
four_coarse_interleaved_seed1_k20,interleaved,16,44,lizard (44),43.0,False,False
four_coarse_interleaved_seed1_k20,interleaved,16,45,lobster (45),66.0,False,False
four_coarse_interleaved_seed1_k20,interleaved,16,46,man (46),49.0,False,False
four_coarse_interleaved_seed1_k20,interleaved,16,47,maple_tree (47),62.0,False,False
four_coarse_interleaved_seed1_k20,interleaved,16,48,摩托車 / motorcycle (48),0.0,True,True
four_coarse_interleaved_seed1_k20,interleaved,16,49,山 / mountain (49),0.0,True,True
four_coarse_interleaved_seed1_k20,interleaved,16,50,mouse (50),53.0,False,False
four_coarse_interleaved_seed1_k20,interleaved,16,51,mushroom (51),72.0,False,False
four_coarse_interleaved_seed1_k20,interleaved,16,52,oak_tree (52),67.0,False,False
four_coarse_interleaved_seed1_k20,interleaved,16,53,orange (53),88.0,False,False
four_coarse_interleaved_seed1_k20,interleaved,16,54,orchid (54),82.0,False,False
four_coarse_interleaved_seed1_k20,interleaved,16,55,otter (55),41.0,False,False
four_coarse_interleaved_seed1_k20,interleaved,16,56,palm_tree (56),89.0,False,False
four_coarse_interleaved_seed1_k20,interleaved,16,57,pear (57),78.0,False,False
four_coarse_interleaved_seed1_k20,interleaved,16,58,皮卡車 / pickup_truck (58),0.0,True,True
four_coarse_interleaved_seed1_k20,interleaved,16,59,pine_tree (59),70.0,False,False
four_coarse_interleaved_seed1_k20,interleaved,16,60,平原 / plain (60),0.0,True,True
four_coarse_interleaved_seed1_k20,interleaved,16,61,plate (61),68.0,False,False
four_coarse_interleaved_seed1_k20,interleaved,16,62,poppy (62),80.0,False,False
four_coarse_interleaved_seed1_k20,interleaved,16,63,porcupine (63),70.0,False,False
four_coarse_interleaved_seed1_k20,interleaved,16,64,possum (64),55.0,False,False
four_coarse_interleaved_seed1_k20,interleaved,16,65,rabbit (65),58.0,False,False
four_coarse_interleaved_seed1_k20,interleaved,16,66,raccoon (66),82.0,False,False
four_coarse_interleaved_seed1_k20,interleaved,16,67,ray (67),59.0,False,False
four_coarse_interleaved_seed1_k20,interleaved,16,68,道路 / road (68),0.0,True,True
four_coarse_interleaved_seed1_k20,interleaved,16,69,rocket (69),82.0,False,False
four_coarse_interleaved_seed1_k20,interleaved,16,70,rose (70),73.0,False,False
four_coarse_interleaved_seed1_k20,interleaved,16,71,海 / sea (71),94.0,True,False
four_coarse_interleaved_seed1_k20,interleaved,16,72,seal (72),42.0,False,False
four_coarse_interleaved_seed1_k20,interleaved,16,73,shark (73),59.0,False,False
four_coarse_interleaved_seed1_k20,interleaved,16,74,shrew (74),49.0,False,False
four_coarse_interleaved_seed1_k20,interleaved,16,75,skunk (75),89.0,False,False
four_coarse_interleaved_seed1_k20,interleaved,16,76,摩天大樓 / skyscraper (76),92.0,True,False
four_coarse_interleaved_seed1_k20,interleaved,16,77,snail (77),66.0,False,False
four_coarse_interleaved_seed1_k20,interleaved,16,78,snake (78),61.0,False,False
four_coarse_interleaved_seed1_k20,interleaved,16,79,spider (79),76.0,False,False
four_coarse_interleaved_seed1_k20,interleaved,16,80,squirrel (80),55.0,False,False
four_coarse_interleaved_seed1_k20,interleaved,16,81,streetcar (81),87.0,False,False
four_coarse_interleaved_seed1_k20,interleaved,16,82,sunflower (82),90.0,False,False
four_coarse_interleaved_seed1_k20,interleaved,16,83,sweet_pepper (83),68.0,False,False
four_coarse_interleaved_seed1_k20,interleaved,16,84,table (84),71.0,False,False
four_coarse_interleaved_seed1_k20,interleaved,16,85,tank (85),79.0,False,False
four_coarse_interleaved_seed1_k20,interleaved,16,86,telephone (86),66.0,False,False
four_coarse_interleaved_seed1_k20,interleaved,16,87,television (87),79.0,False,False
four_coarse_interleaved_seed1_k20,interleaved,16,88,tiger (88),81.0,False,False
four_coarse_interleaved_seed1_k20,interleaved,16,89,tractor (89),89.0,False,False
four_coarse_interleaved_seed1_k20,interleaved,16,90,火車 / train (90),87.0,True,False
four_coarse_interleaved_seed1_k20,interleaved,16,91,trout (91),79.0,False,False
four_coarse_interleaved_seed1_k20,interleaved,16,92,tulip (92),60.0,False,False
four_coarse_interleaved_seed1_k20,interleaved,16,93,turtle (93),52.0,False,False
four_coarse_interleaved_seed1_k20,interleaved,16,94,wardrobe (94),93.0,False,False
four_coarse_interleaved_seed1_k20,interleaved,16,95,whale (95),74.0,False,False
four_coarse_interleaved_seed1_k20,interleaved,16,96,willow_tree (96),70.0,False,False
four_coarse_interleaved_seed1_k20,interleaved,16,97,wolf (97),79.0,False,False
four_coarse_interleaved_seed1_k20,interleaved,16,98,woman (98),46.0,False,False
four_coarse_interleaved_seed1_k20,interleaved,16,99,worm (99),71.0,False,False
four_coarse_interleaved_seed1_k20,interleaved,17,0,apple (0),89.0,False,False
four_coarse_interleaved_seed1_k20,interleaved,17,1,aquarium_fish (1),82.0,False,False
four_coarse_interleaved_seed1_k20,interleaved,17,2,baby (2),63.0,False,False
four_coarse_interleaved_seed1_k20,interleaved,17,3,bear (3),57.0,False,False
four_coarse_interleaved_seed1_k20,interleaved,17,4,beaver (4),65.0,False,False
four_coarse_interleaved_seed1_k20,interleaved,17,5,bed (5),76.0,False,False
four_coarse_interleaved_seed1_k20,interleaved,17,6,bee (6),78.0,False,False
four_coarse_interleaved_seed1_k20,interleaved,17,7,beetle (7),73.0,False,False
four_coarse_interleaved_seed1_k20,interleaved,17,8,腳踏車 / bicycle (8),32.0,True,True
four_coarse_interleaved_seed1_k20,interleaved,17,9,bottle (9),82.0,False,False
four_coarse_interleaved_seed1_k20,interleaved,17,10,bowl (10),48.0,False,False
four_coarse_interleaved_seed1_k20,interleaved,17,11,boy (11),49.0,False,False
four_coarse_interleaved_seed1_k20,interleaved,17,12,橋 / bridge (12),0.0,True,True
four_coarse_interleaved_seed1_k20,interleaved,17,13,公車 / bus (13),0.0,True,True
four_coarse_interleaved_seed1_k20,interleaved,17,14,butterfly (14),56.0,False,False
four_coarse_interleaved_seed1_k20,interleaved,17,15,駱駝 / camel (15),3.0,True,True
four_coarse_interleaved_seed1_k20,interleaved,17,16,can (16),74.0,False,False
four_coarse_interleaved_seed1_k20,interleaved,17,17,城堡 / castle (17),0.0,True,True
four_coarse_interleaved_seed1_k20,interleaved,17,18,caterpillar (18),70.0,False,False
four_coarse_interleaved_seed1_k20,interleaved,17,19,牛 / cattle (19),0.0,True,True
four_coarse_interleaved_seed1_k20,interleaved,17,20,chair (20),87.0,False,False
four_coarse_interleaved_seed1_k20,interleaved,17,21,黑猩猩 / chimpanzee (21),1.0,True,True
four_coarse_interleaved_seed1_k20,interleaved,17,22,clock (22),67.0,False,False
four_coarse_interleaved_seed1_k20,interleaved,17,23,雲 / cloud (23),1.0,True,True
four_coarse_interleaved_seed1_k20,interleaved,17,24,cockroach (24),81.0,False,False
four_coarse_interleaved_seed1_k20,interleaved,17,25,couch (25),55.0,False,False
four_coarse_interleaved_seed1_k20,interleaved,17,26,crab (26),60.0,False,False
four_coarse_interleaved_seed1_k20,interleaved,17,27,crocodile (27),53.0,False,False
four_coarse_interleaved_seed1_k20,interleaved,17,28,cup (28),76.0,False,False
four_coarse_interleaved_seed1_k20,interleaved,17,29,dinosaur (29),66.0,False,False
four_coarse_interleaved_seed1_k20,interleaved,17,30,dolphin (30),67.0,False,False
four_coarse_interleaved_seed1_k20,interleaved,17,31,大象 / elephant (31),0.0,True,True
four_coarse_interleaved_seed1_k20,interleaved,17,32,flatfish (32),65.0,False,False
four_coarse_interleaved_seed1_k20,interleaved,17,33,森林 / forest (33),0.0,True,True
four_coarse_interleaved_seed1_k20,interleaved,17,34,fox (34),76.0,False,False
four_coarse_interleaved_seed1_k20,interleaved,17,35,girl (35),48.0,False,False
four_coarse_interleaved_seed1_k20,interleaved,17,36,hamster (36),83.0,False,False
four_coarse_interleaved_seed1_k20,interleaved,17,37,房子 / house (37),0.0,True,True
four_coarse_interleaved_seed1_k20,interleaved,17,38,袋鼠 / kangaroo (38),61.0,True,False
four_coarse_interleaved_seed1_k20,interleaved,17,39,keyboard (39),80.0,False,False
four_coarse_interleaved_seed1_k20,interleaved,17,40,lamp (40),62.0,False,False
four_coarse_interleaved_seed1_k20,interleaved,17,41,lawn_mower (41),87.0,False,False
four_coarse_interleaved_seed1_k20,interleaved,17,42,leopard (42),75.0,False,False
four_coarse_interleaved_seed1_k20,interleaved,17,43,lion (43),86.0,False,False
four_coarse_interleaved_seed1_k20,interleaved,17,44,lizard (44),47.0,False,False
four_coarse_interleaved_seed1_k20,interleaved,17,45,lobster (45),65.0,False,False
four_coarse_interleaved_seed1_k20,interleaved,17,46,man (46),49.0,False,False
four_coarse_interleaved_seed1_k20,interleaved,17,47,maple_tree (47),68.0,False,False
four_coarse_interleaved_seed1_k20,interleaved,17,48,摩托車 / motorcycle (48),0.0,True,True
four_coarse_interleaved_seed1_k20,interleaved,17,49,山 / mountain (49),0.0,True,True
four_coarse_interleaved_seed1_k20,interleaved,17,50,mouse (50),55.0,False,False
four_coarse_interleaved_seed1_k20,interleaved,17,51,mushroom (51),73.0,False,False
four_coarse_interleaved_seed1_k20,interleaved,17,52,oak_tree (52),65.0,False,False
four_coarse_interleaved_seed1_k20,interleaved,17,53,orange (53),88.0,False,False
four_coarse_interleaved_seed1_k20,interleaved,17,54,orchid (54),82.0,False,False
four_coarse_interleaved_seed1_k20,interleaved,17,55,otter (55),43.0,False,False
four_coarse_interleaved_seed1_k20,interleaved,17,56,palm_tree (56),89.0,False,False
four_coarse_interleaved_seed1_k20,interleaved,17,57,pear (57),79.0,False,False
four_coarse_interleaved_seed1_k20,interleaved,17,58,皮卡車 / pickup_truck (58),0.0,True,True
four_coarse_interleaved_seed1_k20,interleaved,17,59,pine_tree (59),70.0,False,False
four_coarse_interleaved_seed1_k20,interleaved,17,60,平原 / plain (60),0.0,True,True
four_coarse_interleaved_seed1_k20,interleaved,17,61,plate (61),68.0,False,False
four_coarse_interleaved_seed1_k20,interleaved,17,62,poppy (62),80.0,False,False
four_coarse_interleaved_seed1_k20,interleaved,17,63,porcupine (63),69.0,False,False
four_coarse_interleaved_seed1_k20,interleaved,17,64,possum (64),54.0,False,False
four_coarse_interleaved_seed1_k20,interleaved,17,65,rabbit (65),56.0,False,False
four_coarse_interleaved_seed1_k20,interleaved,17,66,raccoon (66),81.0,False,False
four_coarse_interleaved_seed1_k20,interleaved,17,67,ray (67),54.0,False,False
four_coarse_interleaved_seed1_k20,interleaved,17,68,道路 / road (68),0.0,True,True
four_coarse_interleaved_seed1_k20,interleaved,17,69,rocket (69),80.0,False,False
four_coarse_interleaved_seed1_k20,interleaved,17,70,rose (70),69.0,False,False
four_coarse_interleaved_seed1_k20,interleaved,17,71,海 / sea (71),94.0,True,False
four_coarse_interleaved_seed1_k20,interleaved,17,72,seal (72),44.0,False,False
four_coarse_interleaved_seed1_k20,interleaved,17,73,shark (73),60.0,False,False
four_coarse_interleaved_seed1_k20,interleaved,17,74,shrew (74),51.0,False,False
four_coarse_interleaved_seed1_k20,interleaved,17,75,skunk (75),90.0,False,False
four_coarse_interleaved_seed1_k20,interleaved,17,76,摩天大樓 / skyscraper (76),91.0,True,False
four_coarse_interleaved_seed1_k20,interleaved,17,77,snail (77),66.0,False,False
four_coarse_interleaved_seed1_k20,interleaved,17,78,snake (78),65.0,False,False
four_coarse_interleaved_seed1_k20,interleaved,17,79,spider (79),73.0,False,False
four_coarse_interleaved_seed1_k20,interleaved,17,80,squirrel (80),58.0,False,False
four_coarse_interleaved_seed1_k20,interleaved,17,81,streetcar (81),86.0,False,False
four_coarse_interleaved_seed1_k20,interleaved,17,82,sunflower (82),90.0,False,False
four_coarse_interleaved_seed1_k20,interleaved,17,83,sweet_pepper (83),69.0,False,False
four_coarse_interleaved_seed1_k20,interleaved,17,84,table (84),71.0,False,False
four_coarse_interleaved_seed1_k20,interleaved,17,85,tank (85),80.0,False,False
four_coarse_interleaved_seed1_k20,interleaved,17,86,telephone (86),66.0,False,False
four_coarse_interleaved_seed1_k20,interleaved,17,87,television (87),79.0,False,False
four_coarse_interleaved_seed1_k20,interleaved,17,88,tiger (88),81.0,False,False
four_coarse_interleaved_seed1_k20,interleaved,17,89,tractor (89),90.0,False,False
four_coarse_interleaved_seed1_k20,interleaved,17,90,火車 / train (90),0.0,True,True
four_coarse_interleaved_seed1_k20,interleaved,17,91,trout (91),77.0,False,False
four_coarse_interleaved_seed1_k20,interleaved,17,92,tulip (92),62.0,False,False
four_coarse_interleaved_seed1_k20,interleaved,17,93,turtle (93),56.0,False,False
four_coarse_interleaved_seed1_k20,interleaved,17,94,wardrobe (94),92.0,False,False
four_coarse_interleaved_seed1_k20,interleaved,17,95,whale (95),74.0,False,False
four_coarse_interleaved_seed1_k20,interleaved,17,96,willow_tree (96),67.0,False,False
four_coarse_interleaved_seed1_k20,interleaved,17,97,wolf (97),79.0,False,False
four_coarse_interleaved_seed1_k20,interleaved,17,98,woman (98),46.0,False,False
four_coarse_interleaved_seed1_k20,interleaved,17,99,worm (99),74.0,False,False
four_coarse_interleaved_seed1_k20,interleaved,18,0,apple (0),88.0,False,False
four_coarse_interleaved_seed1_k20,interleaved,18,1,aquarium_fish (1),82.0,False,False
four_coarse_interleaved_seed1_k20,interleaved,18,2,baby (2),62.0,False,False
four_coarse_interleaved_seed1_k20,interleaved,18,3,bear (3),57.0,False,False
four_coarse_interleaved_seed1_k20,interleaved,18,4,beaver (4),61.0,False,False
four_coarse_interleaved_seed1_k20,interleaved,18,5,bed (5),75.0,False,False
four_coarse_interleaved_seed1_k20,interleaved,18,6,bee (6),79.0,False,False
four_coarse_interleaved_seed1_k20,interleaved,18,7,beetle (7),74.0,False,False
four_coarse_interleaved_seed1_k20,interleaved,18,8,腳踏車 / bicycle (8),27.0,True,True
four_coarse_interleaved_seed1_k20,interleaved,18,9,bottle (9),78.0,False,False
four_coarse_interleaved_seed1_k20,interleaved,18,10,bowl (10),48.0,False,False
four_coarse_interleaved_seed1_k20,interleaved,18,11,boy (11),51.0,False,False
four_coarse_interleaved_seed1_k20,interleaved,18,12,橋 / bridge (12),0.0,True,True
four_coarse_interleaved_seed1_k20,interleaved,18,13,公車 / bus (13),0.0,True,True
four_coarse_interleaved_seed1_k20,interleaved,18,14,butterfly (14),56.0,False,False
four_coarse_interleaved_seed1_k20,interleaved,18,15,駱駝 / camel (15),1.0,True,True
four_coarse_interleaved_seed1_k20,interleaved,18,16,can (16),74.0,False,False
four_coarse_interleaved_seed1_k20,interleaved,18,17,城堡 / castle (17),0.0,True,True
four_coarse_interleaved_seed1_k20,interleaved,18,18,caterpillar (18),67.0,False,False
four_coarse_interleaved_seed1_k20,interleaved,18,19,牛 / cattle (19),0.0,True,True
four_coarse_interleaved_seed1_k20,interleaved,18,20,chair (20),87.0,False,False
four_coarse_interleaved_seed1_k20,interleaved,18,21,黑猩猩 / chimpanzee (21),4.0,True,True
four_coarse_interleaved_seed1_k20,interleaved,18,22,clock (22),68.0,False,False
four_coarse_interleaved_seed1_k20,interleaved,18,23,雲 / cloud (23),0.0,True,True
four_coarse_interleaved_seed1_k20,interleaved,18,24,cockroach (24),78.0,False,False
four_coarse_interleaved_seed1_k20,interleaved,18,25,couch (25),53.0,False,False
four_coarse_interleaved_seed1_k20,interleaved,18,26,crab (26),61.0,False,False
four_coarse_interleaved_seed1_k20,interleaved,18,27,crocodile (27),53.0,False,False
four_coarse_interleaved_seed1_k20,interleaved,18,28,cup (28),75.0,False,False
four_coarse_interleaved_seed1_k20,interleaved,18,29,dinosaur (29),66.0,False,False
four_coarse_interleaved_seed1_k20,interleaved,18,30,dolphin (30),70.0,False,False
four_coarse_interleaved_seed1_k20,interleaved,18,31,大象 / elephant (31),0.0,True,True
four_coarse_interleaved_seed1_k20,interleaved,18,32,flatfish (32),65.0,False,False
four_coarse_interleaved_seed1_k20,interleaved,18,33,森林 / forest (33),2.0,True,True
four_coarse_interleaved_seed1_k20,interleaved,18,34,fox (34),75.0,False,False
four_coarse_interleaved_seed1_k20,interleaved,18,35,girl (35),46.0,False,False
four_coarse_interleaved_seed1_k20,interleaved,18,36,hamster (36),83.0,False,False
four_coarse_interleaved_seed1_k20,interleaved,18,37,房子 / house (37),0.0,True,True
four_coarse_interleaved_seed1_k20,interleaved,18,38,袋鼠 / kangaroo (38),64.0,True,False
four_coarse_interleaved_seed1_k20,interleaved,18,39,keyboard (39),84.0,False,False
four_coarse_interleaved_seed1_k20,interleaved,18,40,lamp (40),61.0,False,False
four_coarse_interleaved_seed1_k20,interleaved,18,41,lawn_mower (41),85.0,False,False
four_coarse_interleaved_seed1_k20,interleaved,18,42,leopard (42),77.0,False,False
four_coarse_interleaved_seed1_k20,interleaved,18,43,lion (43),86.0,False,False
four_coarse_interleaved_seed1_k20,interleaved,18,44,lizard (44),48.0,False,False
four_coarse_interleaved_seed1_k20,interleaved,18,45,lobster (45),66.0,False,False
four_coarse_interleaved_seed1_k20,interleaved,18,46,man (46),52.0,False,False
four_coarse_interleaved_seed1_k20,interleaved,18,47,maple_tree (47),64.0,False,False
four_coarse_interleaved_seed1_k20,interleaved,18,48,摩托車 / motorcycle (48),0.0,True,True
four_coarse_interleaved_seed1_k20,interleaved,18,49,山 / mountain (49),0.0,True,True
four_coarse_interleaved_seed1_k20,interleaved,18,50,mouse (50),55.0,False,False
four_coarse_interleaved_seed1_k20,interleaved,18,51,mushroom (51),72.0,False,False
four_coarse_interleaved_seed1_k20,interleaved,18,52,oak_tree (52),64.0,False,False
four_coarse_interleaved_seed1_k20,interleaved,18,53,orange (53),88.0,False,False
four_coarse_interleaved_seed1_k20,interleaved,18,54,orchid (54),82.0,False,False
four_coarse_interleaved_seed1_k20,interleaved,18,55,otter (55),43.0,False,False
four_coarse_interleaved_seed1_k20,interleaved,18,56,palm_tree (56),91.0,False,False
four_coarse_interleaved_seed1_k20,interleaved,18,57,pear (57),79.0,False,False
four_coarse_interleaved_seed1_k20,interleaved,18,58,皮卡車 / pickup_truck (58),0.0,True,True
four_coarse_interleaved_seed1_k20,interleaved,18,59,pine_tree (59),71.0,False,False
four_coarse_interleaved_seed1_k20,interleaved,18,60,平原 / plain (60),0.0,True,True
four_coarse_interleaved_seed1_k20,interleaved,18,61,plate (61),68.0,False,False
four_coarse_interleaved_seed1_k20,interleaved,18,62,poppy (62),82.0,False,False
four_coarse_interleaved_seed1_k20,interleaved,18,63,porcupine (63),73.0,False,False
four_coarse_interleaved_seed1_k20,interleaved,18,64,possum (64),53.0,False,False
four_coarse_interleaved_seed1_k20,interleaved,18,65,rabbit (65),59.0,False,False
four_coarse_interleaved_seed1_k20,interleaved,18,66,raccoon (66),81.0,False,False
four_coarse_interleaved_seed1_k20,interleaved,18,67,ray (67),55.0,False,False
four_coarse_interleaved_seed1_k20,interleaved,18,68,道路 / road (68),0.0,True,True
four_coarse_interleaved_seed1_k20,interleaved,18,69,rocket (69),81.0,False,False
four_coarse_interleaved_seed1_k20,interleaved,18,70,rose (70),71.0,False,False
four_coarse_interleaved_seed1_k20,interleaved,18,71,海 / sea (71),0.0,True,True
four_coarse_interleaved_seed1_k20,interleaved,18,72,seal (72),41.0,False,False
four_coarse_interleaved_seed1_k20,interleaved,18,73,shark (73),55.0,False,False
four_coarse_interleaved_seed1_k20,interleaved,18,74,shrew (74),48.0,False,False
four_coarse_interleaved_seed1_k20,interleaved,18,75,skunk (75),89.0,False,False
four_coarse_interleaved_seed1_k20,interleaved,18,76,摩天大樓 / skyscraper (76),92.0,True,False
four_coarse_interleaved_seed1_k20,interleaved,18,77,snail (77),65.0,False,False
four_coarse_interleaved_seed1_k20,interleaved,18,78,snake (78),64.0,False,False
four_coarse_interleaved_seed1_k20,interleaved,18,79,spider (79),74.0,False,False
four_coarse_interleaved_seed1_k20,interleaved,18,80,squirrel (80),56.0,False,False
four_coarse_interleaved_seed1_k20,interleaved,18,81,streetcar (81),92.0,False,False
four_coarse_interleaved_seed1_k20,interleaved,18,82,sunflower (82),90.0,False,False
four_coarse_interleaved_seed1_k20,interleaved,18,83,sweet_pepper (83),67.0,False,False
four_coarse_interleaved_seed1_k20,interleaved,18,84,table (84),71.0,False,False
four_coarse_interleaved_seed1_k20,interleaved,18,85,tank (85),83.0,False,False
four_coarse_interleaved_seed1_k20,interleaved,18,86,telephone (86),66.0,False,False
four_coarse_interleaved_seed1_k20,interleaved,18,87,television (87),79.0,False,False
four_coarse_interleaved_seed1_k20,interleaved,18,88,tiger (88),81.0,False,False
four_coarse_interleaved_seed1_k20,interleaved,18,89,tractor (89),88.0,False,False
four_coarse_interleaved_seed1_k20,interleaved,18,90,火車 / train (90),0.0,True,True
four_coarse_interleaved_seed1_k20,interleaved,18,91,trout (91),77.0,False,False
four_coarse_interleaved_seed1_k20,interleaved,18,92,tulip (92),61.0,False,False
four_coarse_interleaved_seed1_k20,interleaved,18,93,turtle (93),51.0,False,False
four_coarse_interleaved_seed1_k20,interleaved,18,94,wardrobe (94),94.0,False,False
four_coarse_interleaved_seed1_k20,interleaved,18,95,whale (95),74.0,False,False
four_coarse_interleaved_seed1_k20,interleaved,18,96,willow_tree (96),69.0,False,False
four_coarse_interleaved_seed1_k20,interleaved,18,97,wolf (97),78.0,False,False
four_coarse_interleaved_seed1_k20,interleaved,18,98,woman (98),45.0,False,False
four_coarse_interleaved_seed1_k20,interleaved,18,99,worm (99),73.0,False,False
four_coarse_interleaved_seed1_k20,interleaved,19,0,apple (0),88.0,False,False
four_coarse_interleaved_seed1_k20,interleaved,19,1,aquarium_fish (1),80.0,False,False
four_coarse_interleaved_seed1_k20,interleaved,19,2,baby (2),55.0,False,False
four_coarse_interleaved_seed1_k20,interleaved,19,3,bear (3),57.0,False,False
four_coarse_interleaved_seed1_k20,interleaved,19,4,beaver (4),63.0,False,False
four_coarse_interleaved_seed1_k20,interleaved,19,5,bed (5),63.0,False,False
four_coarse_interleaved_seed1_k20,interleaved,19,6,bee (6),75.0,False,False
four_coarse_interleaved_seed1_k20,interleaved,19,7,beetle (7),70.0,False,False
four_coarse_interleaved_seed1_k20,interleaved,19,8,腳踏車 / bicycle (8),32.0,True,True
four_coarse_interleaved_seed1_k20,interleaved,19,9,bottle (9),77.0,False,False
four_coarse_interleaved_seed1_k20,interleaved,19,10,bowl (10),41.0,False,False
four_coarse_interleaved_seed1_k20,interleaved,19,11,boy (11),42.0,False,False
four_coarse_interleaved_seed1_k20,interleaved,19,12,橋 / bridge (12),1.0,True,True
four_coarse_interleaved_seed1_k20,interleaved,19,13,公車 / bus (13),0.0,True,True
four_coarse_interleaved_seed1_k20,interleaved,19,14,butterfly (14),52.0,False,False
four_coarse_interleaved_seed1_k20,interleaved,19,15,駱駝 / camel (15),1.0,True,True
four_coarse_interleaved_seed1_k20,interleaved,19,16,can (16),69.0,False,False
four_coarse_interleaved_seed1_k20,interleaved,19,17,城堡 / castle (17),0.0,True,True
four_coarse_interleaved_seed1_k20,interleaved,19,18,caterpillar (18),66.0,False,False
four_coarse_interleaved_seed1_k20,interleaved,19,19,牛 / cattle (19),0.0,True,True
four_coarse_interleaved_seed1_k20,interleaved,19,20,chair (20),85.0,False,False
four_coarse_interleaved_seed1_k20,interleaved,19,21,黑猩猩 / chimpanzee (21),5.0,True,True
four_coarse_interleaved_seed1_k20,interleaved,19,22,clock (22),59.0,False,False
four_coarse_interleaved_seed1_k20,interleaved,19,23,雲 / cloud (23),0.0,True,True
four_coarse_interleaved_seed1_k20,interleaved,19,24,cockroach (24),80.0,False,False
four_coarse_interleaved_seed1_k20,interleaved,19,25,couch (25),58.0,False,False
four_coarse_interleaved_seed1_k20,interleaved,19,26,crab (26),62.0,False,False
four_coarse_interleaved_seed1_k20,interleaved,19,27,crocodile (27),51.0,False,False
four_coarse_interleaved_seed1_k20,interleaved,19,28,cup (28),73.0,False,False
four_coarse_interleaved_seed1_k20,interleaved,19,29,dinosaur (29),69.0,False,False
four_coarse_interleaved_seed1_k20,interleaved,19,30,dolphin (30),69.0,False,False
four_coarse_interleaved_seed1_k20,interleaved,19,31,大象 / elephant (31),0.0,True,True
four_coarse_interleaved_seed1_k20,interleaved,19,32,flatfish (32),61.0,False,False
four_coarse_interleaved_seed1_k20,interleaved,19,33,森林 / forest (33),0.0,True,True
four_coarse_interleaved_seed1_k20,interleaved,19,34,fox (34),77.0,False,False
four_coarse_interleaved_seed1_k20,interleaved,19,35,girl (35),43.0,False,False
four_coarse_interleaved_seed1_k20,interleaved,19,36,hamster (36),74.0,False,False
four_coarse_interleaved_seed1_k20,interleaved,19,37,房子 / house (37),0.0,True,True
four_coarse_interleaved_seed1_k20,interleaved,19,38,袋鼠 / kangaroo (38),0.0,True,True
four_coarse_interleaved_seed1_k20,interleaved,19,39,keyboard (39),83.0,False,False
four_coarse_interleaved_seed1_k20,interleaved,19,40,lamp (40),61.0,False,False
four_coarse_interleaved_seed1_k20,interleaved,19,41,lawn_mower (41),85.0,False,False
four_coarse_interleaved_seed1_k20,interleaved,19,42,leopard (42),64.0,False,False
four_coarse_interleaved_seed1_k20,interleaved,19,43,lion (43),78.0,False,False
four_coarse_interleaved_seed1_k20,interleaved,19,44,lizard (44),40.0,False,False
four_coarse_interleaved_seed1_k20,interleaved,19,45,lobster (45),60.0,False,False
four_coarse_interleaved_seed1_k20,interleaved,19,46,man (46),53.0,False,False
four_coarse_interleaved_seed1_k20,interleaved,19,47,maple_tree (47),61.0,False,False
four_coarse_interleaved_seed1_k20,interleaved,19,48,摩托車 / motorcycle (48),0.0,True,True
four_coarse_interleaved_seed1_k20,interleaved,19,49,山 / mountain (49),1.0,True,True
four_coarse_interleaved_seed1_k20,interleaved,19,50,mouse (50),50.0,False,False
four_coarse_interleaved_seed1_k20,interleaved,19,51,mushroom (51),73.0,False,False
four_coarse_interleaved_seed1_k20,interleaved,19,52,oak_tree (52),64.0,False,False
four_coarse_interleaved_seed1_k20,interleaved,19,53,orange (53),89.0,False,False
four_coarse_interleaved_seed1_k20,interleaved,19,54,orchid (54),77.0,False,False
four_coarse_interleaved_seed1_k20,interleaved,19,55,otter (55),47.0,False,False
four_coarse_interleaved_seed1_k20,interleaved,19,56,palm_tree (56),91.0,False,False
four_coarse_interleaved_seed1_k20,interleaved,19,57,pear (57),74.0,False,False
four_coarse_interleaved_seed1_k20,interleaved,19,58,皮卡車 / pickup_truck (58),0.0,True,True
four_coarse_interleaved_seed1_k20,interleaved,19,59,pine_tree (59),78.0,False,False
four_coarse_interleaved_seed1_k20,interleaved,19,60,平原 / plain (60),0.0,True,True
four_coarse_interleaved_seed1_k20,interleaved,19,61,plate (61),64.0,False,False
four_coarse_interleaved_seed1_k20,interleaved,19,62,poppy (62),71.0,False,False
four_coarse_interleaved_seed1_k20,interleaved,19,63,porcupine (63),67.0,False,False
four_coarse_interleaved_seed1_k20,interleaved,19,64,possum (64),52.0,False,False
four_coarse_interleaved_seed1_k20,interleaved,19,65,rabbit (65),60.0,False,False
four_coarse_interleaved_seed1_k20,interleaved,19,66,raccoon (66),79.0,False,False
four_coarse_interleaved_seed1_k20,interleaved,19,67,ray (67),46.0,False,False
four_coarse_interleaved_seed1_k20,interleaved,19,68,道路 / road (68),0.0,True,True
four_coarse_interleaved_seed1_k20,interleaved,19,69,rocket (69),84.0,False,False
four_coarse_interleaved_seed1_k20,interleaved,19,70,rose (70),61.0,False,False
four_coarse_interleaved_seed1_k20,interleaved,19,71,海 / sea (71),0.0,True,True
four_coarse_interleaved_seed1_k20,interleaved,19,72,seal (72),30.0,False,False
four_coarse_interleaved_seed1_k20,interleaved,19,73,shark (73),65.0,False,False
four_coarse_interleaved_seed1_k20,interleaved,19,74,shrew (74),54.0,False,False
four_coarse_interleaved_seed1_k20,interleaved,19,75,skunk (75),89.0,False,False
four_coarse_interleaved_seed1_k20,interleaved,19,76,摩天大樓 / skyscraper (76),92.0,True,False
four_coarse_interleaved_seed1_k20,interleaved,19,77,snail (77),64.0,False,False
four_coarse_interleaved_seed1_k20,interleaved,19,78,snake (78),69.0,False,False
four_coarse_interleaved_seed1_k20,interleaved,19,79,spider (79),77.0,False,False
four_coarse_interleaved_seed1_k20,interleaved,19,80,squirrel (80),62.0,False,False
four_coarse_interleaved_seed1_k20,interleaved,19,81,streetcar (81),85.0,False,False
four_coarse_interleaved_seed1_k20,interleaved,19,82,sunflower (82),87.0,False,False
four_coarse_interleaved_seed1_k20,interleaved,19,83,sweet_pepper (83),68.0,False,False
four_coarse_interleaved_seed1_k20,interleaved,19,84,table (84),64.0,False,False
four_coarse_interleaved_seed1_k20,interleaved,19,85,tank (85),78.0,False,False
four_coarse_interleaved_seed1_k20,interleaved,19,86,telephone (86),71.0,False,False
four_coarse_interleaved_seed1_k20,interleaved,19,87,television (87),78.0,False,False
four_coarse_interleaved_seed1_k20,interleaved,19,88,tiger (88),74.0,False,False
four_coarse_interleaved_seed1_k20,interleaved,19,89,tractor (89),87.0,False,False
four_coarse_interleaved_seed1_k20,interleaved,19,90,火車 / train (90),0.0,True,True
four_coarse_interleaved_seed1_k20,interleaved,19,91,trout (91),77.0,False,False
four_coarse_interleaved_seed1_k20,interleaved,19,92,tulip (92),65.0,False,False
four_coarse_interleaved_seed1_k20,interleaved,19,93,turtle (93),51.0,False,False
four_coarse_interleaved_seed1_k20,interleaved,19,94,wardrobe (94),88.0,False,False
four_coarse_interleaved_seed1_k20,interleaved,19,95,whale (95),69.0,False,False
four_coarse_interleaved_seed1_k20,interleaved,19,96,willow_tree (96),54.0,False,False
four_coarse_interleaved_seed1_k20,interleaved,19,97,wolf (97),72.0,False,False
four_coarse_interleaved_seed1_k20,interleaved,19,98,woman (98),52.0,False,False
four_coarse_interleaved_seed1_k20,interleaved,19,99,worm (99),75.0,False,False
four_coarse_interleaved_seed1_k20,interleaved,20,0,apple (0),89.0,False,False
four_coarse_interleaved_seed1_k20,interleaved,20,1,aquarium_fish (1),84.0,False,False
four_coarse_interleaved_seed1_k20,interleaved,20,2,baby (2),57.0,False,False
four_coarse_interleaved_seed1_k20,interleaved,20,3,bear (3),59.0,False,False
four_coarse_interleaved_seed1_k20,interleaved,20,4,beaver (4),68.0,False,False
four_coarse_interleaved_seed1_k20,interleaved,20,5,bed (5),76.0,False,False
four_coarse_interleaved_seed1_k20,interleaved,20,6,bee (6),81.0,False,False
four_coarse_interleaved_seed1_k20,interleaved,20,7,beetle (7),77.0,False,False
four_coarse_interleaved_seed1_k20,interleaved,20,8,腳踏車 / bicycle (8),25.0,True,True
four_coarse_interleaved_seed1_k20,interleaved,20,9,bottle (9),81.0,False,False
four_coarse_interleaved_seed1_k20,interleaved,20,10,bowl (10),45.0,False,False
four_coarse_interleaved_seed1_k20,interleaved,20,11,boy (11),46.0,False,False
four_coarse_interleaved_seed1_k20,interleaved,20,12,橋 / bridge (12),0.0,True,True
four_coarse_interleaved_seed1_k20,interleaved,20,13,公車 / bus (13),0.0,True,True
four_coarse_interleaved_seed1_k20,interleaved,20,14,butterfly (14),57.0,False,False
four_coarse_interleaved_seed1_k20,interleaved,20,15,駱駝 / camel (15),1.0,True,True
four_coarse_interleaved_seed1_k20,interleaved,20,16,can (16),79.0,False,False
four_coarse_interleaved_seed1_k20,interleaved,20,17,城堡 / castle (17),0.0,True,True
four_coarse_interleaved_seed1_k20,interleaved,20,18,caterpillar (18),66.0,False,False
four_coarse_interleaved_seed1_k20,interleaved,20,19,牛 / cattle (19),1.0,True,True
four_coarse_interleaved_seed1_k20,interleaved,20,20,chair (20),86.0,False,False
four_coarse_interleaved_seed1_k20,interleaved,20,21,黑猩猩 / chimpanzee (21),8.0,True,True
four_coarse_interleaved_seed1_k20,interleaved,20,22,clock (22),68.0,False,False
four_coarse_interleaved_seed1_k20,interleaved,20,23,雲 / cloud (23),1.0,True,True
four_coarse_interleaved_seed1_k20,interleaved,20,24,cockroach (24),81.0,False,False
four_coarse_interleaved_seed1_k20,interleaved,20,25,couch (25),55.0,False,False
four_coarse_interleaved_seed1_k20,interleaved,20,26,crab (26),62.0,False,False
four_coarse_interleaved_seed1_k20,interleaved,20,27,crocodile (27),59.0,False,False
four_coarse_interleaved_seed1_k20,interleaved,20,28,cup (28),72.0,False,False
four_coarse_interleaved_seed1_k20,interleaved,20,29,dinosaur (29),66.0,False,False
four_coarse_interleaved_seed1_k20,interleaved,20,30,dolphin (30),67.0,False,False
four_coarse_interleaved_seed1_k20,interleaved,20,31,大象 / elephant (31),0.0,True,True
four_coarse_interleaved_seed1_k20,interleaved,20,32,flatfish (32),64.0,False,False
four_coarse_interleaved_seed1_k20,interleaved,20,33,森林 / forest (33),0.0,True,True
four_coarse_interleaved_seed1_k20,interleaved,20,34,fox (34),76.0,False,False
four_coarse_interleaved_seed1_k20,interleaved,20,35,girl (35),47.0,False,False
four_coarse_interleaved_seed1_k20,interleaved,20,36,hamster (36),81.0,False,False
four_coarse_interleaved_seed1_k20,interleaved,20,37,房子 / house (37),5.0,True,True
four_coarse_interleaved_seed1_k20,interleaved,20,38,袋鼠 / kangaroo (38),0.0,True,True
four_coarse_interleaved_seed1_k20,interleaved,20,39,keyboard (39),84.0,False,False
four_coarse_interleaved_seed1_k20,interleaved,20,40,lamp (40),65.0,False,False
four_coarse_interleaved_seed1_k20,interleaved,20,41,lawn_mower (41),89.0,False,False
four_coarse_interleaved_seed1_k20,interleaved,20,42,leopard (42),72.0,False,False
four_coarse_interleaved_seed1_k20,interleaved,20,43,lion (43),86.0,False,False
four_coarse_interleaved_seed1_k20,interleaved,20,44,lizard (44),46.0,False,False
four_coarse_interleaved_seed1_k20,interleaved,20,45,lobster (45),65.0,False,False
four_coarse_interleaved_seed1_k20,interleaved,20,46,man (46),50.0,False,False
four_coarse_interleaved_seed1_k20,interleaved,20,47,maple_tree (47),65.0,False,False
four_coarse_interleaved_seed1_k20,interleaved,20,48,摩托車 / motorcycle (48),4.0,True,True
four_coarse_interleaved_seed1_k20,interleaved,20,49,山 / mountain (49),0.0,True,True
four_coarse_interleaved_seed1_k20,interleaved,20,50,mouse (50),54.0,False,False
four_coarse_interleaved_seed1_k20,interleaved,20,51,mushroom (51),71.0,False,False
four_coarse_interleaved_seed1_k20,interleaved,20,52,oak_tree (52),63.0,False,False
four_coarse_interleaved_seed1_k20,interleaved,20,53,orange (53),89.0,False,False
four_coarse_interleaved_seed1_k20,interleaved,20,54,orchid (54),81.0,False,False
four_coarse_interleaved_seed1_k20,interleaved,20,55,otter (55),45.0,False,False
four_coarse_interleaved_seed1_k20,interleaved,20,56,palm_tree (56),89.0,False,False
four_coarse_interleaved_seed1_k20,interleaved,20,57,pear (57),77.0,False,False
four_coarse_interleaved_seed1_k20,interleaved,20,58,皮卡車 / pickup_truck (58),0.0,True,True
four_coarse_interleaved_seed1_k20,interleaved,20,59,pine_tree (59),73.0,False,False
four_coarse_interleaved_seed1_k20,interleaved,20,60,平原 / plain (60),0.0,True,True
four_coarse_interleaved_seed1_k20,interleaved,20,61,plate (61),67.0,False,False
four_coarse_interleaved_seed1_k20,interleaved,20,62,poppy (62),79.0,False,False
four_coarse_interleaved_seed1_k20,interleaved,20,63,porcupine (63),71.0,False,False
four_coarse_interleaved_seed1_k20,interleaved,20,64,possum (64),55.0,False,False
four_coarse_interleaved_seed1_k20,interleaved,20,65,rabbit (65),58.0,False,False
four_coarse_interleaved_seed1_k20,interleaved,20,66,raccoon (66),80.0,False,False
four_coarse_interleaved_seed1_k20,interleaved,20,67,ray (67),56.0,False,False
four_coarse_interleaved_seed1_k20,interleaved,20,68,道路 / road (68),0.0,True,True
four_coarse_interleaved_seed1_k20,interleaved,20,69,rocket (69),83.0,False,False
four_coarse_interleaved_seed1_k20,interleaved,20,70,rose (70),74.0,False,False
four_coarse_interleaved_seed1_k20,interleaved,20,71,海 / sea (71),0.0,True,True
four_coarse_interleaved_seed1_k20,interleaved,20,72,seal (72),43.0,False,False
four_coarse_interleaved_seed1_k20,interleaved,20,73,shark (73),61.0,False,False
four_coarse_interleaved_seed1_k20,interleaved,20,74,shrew (74),51.0,False,False
four_coarse_interleaved_seed1_k20,interleaved,20,75,skunk (75),89.0,False,False
four_coarse_interleaved_seed1_k20,interleaved,20,76,摩天大樓 / skyscraper (76),0.0,True,True
four_coarse_interleaved_seed1_k20,interleaved,20,77,snail (77),63.0,False,False
four_coarse_interleaved_seed1_k20,interleaved,20,78,snake (78),59.0,False,False
four_coarse_interleaved_seed1_k20,interleaved,20,79,spider (79),74.0,False,False
four_coarse_interleaved_seed1_k20,interleaved,20,80,squirrel (80),58.0,False,False
four_coarse_interleaved_seed1_k20,interleaved,20,81,streetcar (81),91.0,False,False
four_coarse_interleaved_seed1_k20,interleaved,20,82,sunflower (82),92.0,False,False
four_coarse_interleaved_seed1_k20,interleaved,20,83,sweet_pepper (83),67.0,False,False
four_coarse_interleaved_seed1_k20,interleaved,20,84,table (84),69.0,False,False
four_coarse_interleaved_seed1_k20,interleaved,20,85,tank (85),78.0,False,False
four_coarse_interleaved_seed1_k20,interleaved,20,86,telephone (86),69.0,False,False
four_coarse_interleaved_seed1_k20,interleaved,20,87,television (87),81.0,False,False
four_coarse_interleaved_seed1_k20,interleaved,20,88,tiger (88),80.0,False,False
four_coarse_interleaved_seed1_k20,interleaved,20,89,tractor (89),88.0,False,False
four_coarse_interleaved_seed1_k20,interleaved,20,90,火車 / train (90),0.0,True,True
four_coarse_interleaved_seed1_k20,interleaved,20,91,trout (91),75.0,False,False
four_coarse_interleaved_seed1_k20,interleaved,20,92,tulip (92),62.0,False,False
four_coarse_interleaved_seed1_k20,interleaved,20,93,turtle (93),57.0,False,False
four_coarse_interleaved_seed1_k20,interleaved,20,94,wardrobe (94),92.0,False,False
four_coarse_interleaved_seed1_k20,interleaved,20,95,whale (95),74.0,False,False
four_coarse_interleaved_seed1_k20,interleaved,20,96,willow_tree (96),68.0,False,False
four_coarse_interleaved_seed1_k20,interleaved,20,97,wolf (97),76.0,False,False
four_coarse_interleaved_seed1_k20,interleaved,20,98,woman (98),47.0,False,False
four_coarse_interleaved_seed1_k20,interleaved,20,99,worm (99),73.0,False,False
four_coarse_block2_seed1_k20,block2,1,0,apple (0),89.0,False,False
four_coarse_block2_seed1_k20,block2,1,1,aquarium_fish (1),80.0,False,False
four_coarse_block2_seed1_k20,block2,1,2,baby (2),53.0,False,False
four_coarse_block2_seed1_k20,block2,1,3,bear (3),49.0,False,False
four_coarse_block2_seed1_k20,block2,1,4,beaver (4),56.0,False,False
four_coarse_block2_seed1_k20,block2,1,5,bed (5),67.0,False,False
four_coarse_block2_seed1_k20,block2,1,6,bee (6),79.0,False,False
four_coarse_block2_seed1_k20,block2,1,7,beetle (7),76.0,False,False
four_coarse_block2_seed1_k20,block2,1,8,腳踏車 / bicycle (8),0.0,True,True
four_coarse_block2_seed1_k20,block2,1,9,bottle (9),79.0,False,False
four_coarse_block2_seed1_k20,block2,1,10,bowl (10),47.0,False,False
four_coarse_block2_seed1_k20,block2,1,11,boy (11),47.0,False,False
four_coarse_block2_seed1_k20,block2,1,12,橋 / bridge (12),79.0,True,False
four_coarse_block2_seed1_k20,block2,1,13,公車 / bus (13),66.0,True,False
four_coarse_block2_seed1_k20,block2,1,14,butterfly (14),53.0,False,False
four_coarse_block2_seed1_k20,block2,1,15,駱駝 / camel (15),76.0,True,False
four_coarse_block2_seed1_k20,block2,1,16,can (16),77.0,False,False
four_coarse_block2_seed1_k20,block2,1,17,城堡 / castle (17),80.0,True,False
four_coarse_block2_seed1_k20,block2,1,18,caterpillar (18),61.0,False,False
four_coarse_block2_seed1_k20,block2,1,19,牛 / cattle (19),65.0,True,False
four_coarse_block2_seed1_k20,block2,1,20,chair (20),84.0,False,False
four_coarse_block2_seed1_k20,block2,1,21,黑猩猩 / chimpanzee (21),85.0,True,False
four_coarse_block2_seed1_k20,block2,1,22,clock (22),68.0,False,False
four_coarse_block2_seed1_k20,block2,1,23,雲 / cloud (23),81.0,True,False
four_coarse_block2_seed1_k20,block2,1,24,cockroach (24),76.0,False,False
four_coarse_block2_seed1_k20,block2,1,25,couch (25),53.0,False,False
four_coarse_block2_seed1_k20,block2,1,26,crab (26),60.0,False,False
four_coarse_block2_seed1_k20,block2,1,27,crocodile (27),58.0,False,False
four_coarse_block2_seed1_k20,block2,1,28,cup (28),75.0,False,False
four_coarse_block2_seed1_k20,block2,1,29,dinosaur (29),66.0,False,False
four_coarse_block2_seed1_k20,block2,1,30,dolphin (30),66.0,False,False
four_coarse_block2_seed1_k20,block2,1,31,大象 / elephant (31),65.0,True,False
four_coarse_block2_seed1_k20,block2,1,32,flatfish (32),62.0,False,False
four_coarse_block2_seed1_k20,block2,1,33,森林 / forest (33),60.0,True,False
four_coarse_block2_seed1_k20,block2,1,34,fox (34),77.0,False,False
four_coarse_block2_seed1_k20,block2,1,35,girl (35),49.0,False,False
four_coarse_block2_seed1_k20,block2,1,36,hamster (36),82.0,False,False
four_coarse_block2_seed1_k20,block2,1,37,房子 / house (37),76.0,True,False
four_coarse_block2_seed1_k20,block2,1,38,袋鼠 / kangaroo (38),62.0,True,False
four_coarse_block2_seed1_k20,block2,1,39,keyboard (39),78.0,False,False
four_coarse_block2_seed1_k20,block2,1,40,lamp (40),62.0,False,False
four_coarse_block2_seed1_k20,block2,1,41,lawn_mower (41),88.0,False,False
four_coarse_block2_seed1_k20,block2,1,42,leopard (42),73.0,False,False
four_coarse_block2_seed1_k20,block2,1,43,lion (43),85.0,False,False
four_coarse_block2_seed1_k20,block2,1,44,lizard (44),45.0,False,False
four_coarse_block2_seed1_k20,block2,1,45,lobster (45),63.0,False,False
four_coarse_block2_seed1_k20,block2,1,46,man (46),50.0,False,False
four_coarse_block2_seed1_k20,block2,1,47,maple_tree (47),67.0,False,False
four_coarse_block2_seed1_k20,block2,1,48,摩托車 / motorcycle (48),91.0,True,False
four_coarse_block2_seed1_k20,block2,1,49,山 / mountain (49),83.0,True,False
four_coarse_block2_seed1_k20,block2,1,50,mouse (50),57.0,False,False
four_coarse_block2_seed1_k20,block2,1,51,mushroom (51),69.0,False,False
four_coarse_block2_seed1_k20,block2,1,52,oak_tree (52),66.0,False,False
four_coarse_block2_seed1_k20,block2,1,53,orange (53),90.0,False,False
four_coarse_block2_seed1_k20,block2,1,54,orchid (54),82.0,False,False
four_coarse_block2_seed1_k20,block2,1,55,otter (55),39.0,False,False
four_coarse_block2_seed1_k20,block2,1,56,palm_tree (56),84.0,False,False
four_coarse_block2_seed1_k20,block2,1,57,pear (57),78.0,False,False
four_coarse_block2_seed1_k20,block2,1,58,皮卡車 / pickup_truck (58),86.0,True,False
four_coarse_block2_seed1_k20,block2,1,59,pine_tree (59),69.0,False,False
four_coarse_block2_seed1_k20,block2,1,60,平原 / plain (60),86.0,True,False
four_coarse_block2_seed1_k20,block2,1,61,plate (61),65.0,False,False
four_coarse_block2_seed1_k20,block2,1,62,poppy (62),80.0,False,False
four_coarse_block2_seed1_k20,block2,1,63,porcupine (63),69.0,False,False
four_coarse_block2_seed1_k20,block2,1,64,possum (64),51.0,False,False
four_coarse_block2_seed1_k20,block2,1,65,rabbit (65),58.0,False,False
four_coarse_block2_seed1_k20,block2,1,66,raccoon (66),81.0,False,False
four_coarse_block2_seed1_k20,block2,1,67,ray (67),56.0,False,False
four_coarse_block2_seed1_k20,block2,1,68,道路 / road (68),94.0,True,False
four_coarse_block2_seed1_k20,block2,1,69,rocket (69),80.0,False,False
four_coarse_block2_seed1_k20,block2,1,70,rose (70),72.0,False,False
four_coarse_block2_seed1_k20,block2,1,71,海 / sea (71),78.0,True,False
four_coarse_block2_seed1_k20,block2,1,72,seal (72),46.0,False,False
four_coarse_block2_seed1_k20,block2,1,73,shark (73),58.0,False,False
four_coarse_block2_seed1_k20,block2,1,74,shrew (74),50.0,False,False
four_coarse_block2_seed1_k20,block2,1,75,skunk (75),89.0,False,False
four_coarse_block2_seed1_k20,block2,1,76,摩天大樓 / skyscraper (76),90.0,True,False
four_coarse_block2_seed1_k20,block2,1,77,snail (77),64.0,False,False
four_coarse_block2_seed1_k20,block2,1,78,snake (78),59.0,False,False
four_coarse_block2_seed1_k20,block2,1,79,spider (79),69.0,False,False
four_coarse_block2_seed1_k20,block2,1,80,squirrel (80),52.0,False,False
four_coarse_block2_seed1_k20,block2,1,81,streetcar (81),72.0,False,False
four_coarse_block2_seed1_k20,block2,1,82,sunflower (82),91.0,False,False
four_coarse_block2_seed1_k20,block2,1,83,sweet_pepper (83),67.0,False,False
four_coarse_block2_seed1_k20,block2,1,84,table (84),68.0,False,False
four_coarse_block2_seed1_k20,block2,1,85,tank (85),71.0,False,False
four_coarse_block2_seed1_k20,block2,1,86,telephone (86),68.0,False,False
four_coarse_block2_seed1_k20,block2,1,87,television (87),79.0,False,False
four_coarse_block2_seed1_k20,block2,1,88,tiger (88),79.0,False,False
four_coarse_block2_seed1_k20,block2,1,89,tractor (89),84.0,False,False
four_coarse_block2_seed1_k20,block2,1,90,火車 / train (90),82.0,True,False
four_coarse_block2_seed1_k20,block2,1,91,trout (91),76.0,False,False
four_coarse_block2_seed1_k20,block2,1,92,tulip (92),61.0,False,False
four_coarse_block2_seed1_k20,block2,1,93,turtle (93),57.0,False,False
four_coarse_block2_seed1_k20,block2,1,94,wardrobe (94),91.0,False,False
four_coarse_block2_seed1_k20,block2,1,95,whale (95),73.0,False,False
four_coarse_block2_seed1_k20,block2,1,96,willow_tree (96),62.0,False,False
four_coarse_block2_seed1_k20,block2,1,97,wolf (97),76.0,False,False
four_coarse_block2_seed1_k20,block2,1,98,woman (98),53.0,False,False
four_coarse_block2_seed1_k20,block2,1,99,worm (99),70.0,False,False
four_coarse_block2_seed1_k20,block2,2,0,apple (0),89.0,False,False
four_coarse_block2_seed1_k20,block2,2,1,aquarium_fish (1),79.0,False,False
four_coarse_block2_seed1_k20,block2,2,2,baby (2),62.0,False,False
four_coarse_block2_seed1_k20,block2,2,3,bear (3),52.0,False,False
four_coarse_block2_seed1_k20,block2,2,4,beaver (4),58.0,False,False
four_coarse_block2_seed1_k20,block2,2,5,bed (5),71.0,False,False
four_coarse_block2_seed1_k20,block2,2,6,bee (6),77.0,False,False
four_coarse_block2_seed1_k20,block2,2,7,beetle (7),70.0,False,False
four_coarse_block2_seed1_k20,block2,2,8,腳踏車 / bicycle (8),22.0,True,True
four_coarse_block2_seed1_k20,block2,2,9,bottle (9),78.0,False,False
four_coarse_block2_seed1_k20,block2,2,10,bowl (10),49.0,False,False
four_coarse_block2_seed1_k20,block2,2,11,boy (11),45.0,False,False
four_coarse_block2_seed1_k20,block2,2,12,橋 / bridge (12),77.0,True,False
four_coarse_block2_seed1_k20,block2,2,13,公車 / bus (13),0.0,True,True
four_coarse_block2_seed1_k20,block2,2,14,butterfly (14),53.0,False,False
four_coarse_block2_seed1_k20,block2,2,15,駱駝 / camel (15),76.0,True,False
four_coarse_block2_seed1_k20,block2,2,16,can (16),76.0,False,False
four_coarse_block2_seed1_k20,block2,2,17,城堡 / castle (17),81.0,True,False
four_coarse_block2_seed1_k20,block2,2,18,caterpillar (18),63.0,False,False
four_coarse_block2_seed1_k20,block2,2,19,牛 / cattle (19),64.0,True,False
four_coarse_block2_seed1_k20,block2,2,20,chair (20),85.0,False,False
four_coarse_block2_seed1_k20,block2,2,21,黑猩猩 / chimpanzee (21),85.0,True,False
four_coarse_block2_seed1_k20,block2,2,22,clock (22),68.0,False,False
four_coarse_block2_seed1_k20,block2,2,23,雲 / cloud (23),82.0,True,False
four_coarse_block2_seed1_k20,block2,2,24,cockroach (24),79.0,False,False
four_coarse_block2_seed1_k20,block2,2,25,couch (25),52.0,False,False
four_coarse_block2_seed1_k20,block2,2,26,crab (26),63.0,False,False
four_coarse_block2_seed1_k20,block2,2,27,crocodile (27),54.0,False,False
four_coarse_block2_seed1_k20,block2,2,28,cup (28),74.0,False,False
four_coarse_block2_seed1_k20,block2,2,29,dinosaur (29),68.0,False,False
four_coarse_block2_seed1_k20,block2,2,30,dolphin (30),70.0,False,False
four_coarse_block2_seed1_k20,block2,2,31,大象 / elephant (31),65.0,True,False
four_coarse_block2_seed1_k20,block2,2,32,flatfish (32),65.0,False,False
four_coarse_block2_seed1_k20,block2,2,33,森林 / forest (33),60.0,True,False
four_coarse_block2_seed1_k20,block2,2,34,fox (34),75.0,False,False
four_coarse_block2_seed1_k20,block2,2,35,girl (35),51.0,False,False
four_coarse_block2_seed1_k20,block2,2,36,hamster (36),80.0,False,False
four_coarse_block2_seed1_k20,block2,2,37,房子 / house (37),79.0,True,False
four_coarse_block2_seed1_k20,block2,2,38,袋鼠 / kangaroo (38),64.0,True,False
four_coarse_block2_seed1_k20,block2,2,39,keyboard (39),78.0,False,False
four_coarse_block2_seed1_k20,block2,2,40,lamp (40),65.0,False,False
four_coarse_block2_seed1_k20,block2,2,41,lawn_mower (41),88.0,False,False
four_coarse_block2_seed1_k20,block2,2,42,leopard (42),74.0,False,False
four_coarse_block2_seed1_k20,block2,2,43,lion (43),83.0,False,False
four_coarse_block2_seed1_k20,block2,2,44,lizard (44),50.0,False,False
four_coarse_block2_seed1_k20,block2,2,45,lobster (45),65.0,False,False
four_coarse_block2_seed1_k20,block2,2,46,man (46),50.0,False,False
four_coarse_block2_seed1_k20,block2,2,47,maple_tree (47),63.0,False,False
four_coarse_block2_seed1_k20,block2,2,48,摩托車 / motorcycle (48),93.0,True,False
four_coarse_block2_seed1_k20,block2,2,49,山 / mountain (49),84.0,True,False
four_coarse_block2_seed1_k20,block2,2,50,mouse (50),51.0,False,False
four_coarse_block2_seed1_k20,block2,2,51,mushroom (51),68.0,False,False
four_coarse_block2_seed1_k20,block2,2,52,oak_tree (52),64.0,False,False
four_coarse_block2_seed1_k20,block2,2,53,orange (53),88.0,False,False
four_coarse_block2_seed1_k20,block2,2,54,orchid (54),83.0,False,False
four_coarse_block2_seed1_k20,block2,2,55,otter (55),41.0,False,False
four_coarse_block2_seed1_k20,block2,2,56,palm_tree (56),86.0,False,False
four_coarse_block2_seed1_k20,block2,2,57,pear (57),76.0,False,False
four_coarse_block2_seed1_k20,block2,2,58,皮卡車 / pickup_truck (58),90.0,True,False
four_coarse_block2_seed1_k20,block2,2,59,pine_tree (59),70.0,False,False
four_coarse_block2_seed1_k20,block2,2,60,平原 / plain (60),88.0,True,False
four_coarse_block2_seed1_k20,block2,2,61,plate (61),68.0,False,False
four_coarse_block2_seed1_k20,block2,2,62,poppy (62),81.0,False,False
four_coarse_block2_seed1_k20,block2,2,63,porcupine (63),70.0,False,False
four_coarse_block2_seed1_k20,block2,2,64,possum (64),52.0,False,False
four_coarse_block2_seed1_k20,block2,2,65,rabbit (65),58.0,False,False
four_coarse_block2_seed1_k20,block2,2,66,raccoon (66),80.0,False,False
four_coarse_block2_seed1_k20,block2,2,67,ray (67),57.0,False,False
four_coarse_block2_seed1_k20,block2,2,68,道路 / road (68),92.0,True,False
four_coarse_block2_seed1_k20,block2,2,69,rocket (69),78.0,False,False
four_coarse_block2_seed1_k20,block2,2,70,rose (70),73.0,False,False
four_coarse_block2_seed1_k20,block2,2,71,海 / sea (71),79.0,True,False
four_coarse_block2_seed1_k20,block2,2,72,seal (72),45.0,False,False
four_coarse_block2_seed1_k20,block2,2,73,shark (73),58.0,False,False
four_coarse_block2_seed1_k20,block2,2,74,shrew (74),50.0,False,False
four_coarse_block2_seed1_k20,block2,2,75,skunk (75),89.0,False,False
four_coarse_block2_seed1_k20,block2,2,76,摩天大樓 / skyscraper (76),89.0,True,False
four_coarse_block2_seed1_k20,block2,2,77,snail (77),62.0,False,False
four_coarse_block2_seed1_k20,block2,2,78,snake (78),60.0,False,False
four_coarse_block2_seed1_k20,block2,2,79,spider (79),73.0,False,False
four_coarse_block2_seed1_k20,block2,2,80,squirrel (80),56.0,False,False
four_coarse_block2_seed1_k20,block2,2,81,streetcar (81),81.0,False,False
four_coarse_block2_seed1_k20,block2,2,82,sunflower (82),94.0,False,False
four_coarse_block2_seed1_k20,block2,2,83,sweet_pepper (83),68.0,False,False
four_coarse_block2_seed1_k20,block2,2,84,table (84),70.0,False,False
four_coarse_block2_seed1_k20,block2,2,85,tank (85),71.0,False,False
four_coarse_block2_seed1_k20,block2,2,86,telephone (86),66.0,False,False
four_coarse_block2_seed1_k20,block2,2,87,television (87),83.0,False,False
four_coarse_block2_seed1_k20,block2,2,88,tiger (88),77.0,False,False
four_coarse_block2_seed1_k20,block2,2,89,tractor (89),83.0,False,False
four_coarse_block2_seed1_k20,block2,2,90,火車 / train (90),81.0,True,False
four_coarse_block2_seed1_k20,block2,2,91,trout (91),76.0,False,False
four_coarse_block2_seed1_k20,block2,2,92,tulip (92),60.0,False,False
four_coarse_block2_seed1_k20,block2,2,93,turtle (93),57.0,False,False
four_coarse_block2_seed1_k20,block2,2,94,wardrobe (94),91.0,False,False
four_coarse_block2_seed1_k20,block2,2,95,whale (95),74.0,False,False
four_coarse_block2_seed1_k20,block2,2,96,willow_tree (96),63.0,False,False
four_coarse_block2_seed1_k20,block2,2,97,wolf (97),76.0,False,False
four_coarse_block2_seed1_k20,block2,2,98,woman (98),47.0,False,False
four_coarse_block2_seed1_k20,block2,2,99,worm (99),70.0,False,False
four_coarse_block2_seed1_k20,block2,3,0,apple (0),89.0,False,False
four_coarse_block2_seed1_k20,block2,3,1,aquarium_fish (1),79.0,False,False
four_coarse_block2_seed1_k20,block2,3,2,baby (2),59.0,False,False
four_coarse_block2_seed1_k20,block2,3,3,bear (3),52.0,False,False
four_coarse_block2_seed1_k20,block2,3,4,beaver (4),61.0,False,False
four_coarse_block2_seed1_k20,block2,3,5,bed (5),72.0,False,False
four_coarse_block2_seed1_k20,block2,3,6,bee (6),83.0,False,False
four_coarse_block2_seed1_k20,block2,3,7,beetle (7),72.0,False,False
four_coarse_block2_seed1_k20,block2,3,8,腳踏車 / bicycle (8),15.0,True,True
four_coarse_block2_seed1_k20,block2,3,9,bottle (9),77.0,False,False
four_coarse_block2_seed1_k20,block2,3,10,bowl (10),50.0,False,False
four_coarse_block2_seed1_k20,block2,3,11,boy (11),46.0,False,False
four_coarse_block2_seed1_k20,block2,3,12,橋 / bridge (12),78.0,True,False
four_coarse_block2_seed1_k20,block2,3,13,公車 / bus (13),0.0,True,True
four_coarse_block2_seed1_k20,block2,3,14,butterfly (14),52.0,False,False
four_coarse_block2_seed1_k20,block2,3,15,駱駝 / camel (15),70.0,True,False
four_coarse_block2_seed1_k20,block2,3,16,can (16),76.0,False,False
four_coarse_block2_seed1_k20,block2,3,17,城堡 / castle (17),81.0,True,False
four_coarse_block2_seed1_k20,block2,3,18,caterpillar (18),69.0,False,False
four_coarse_block2_seed1_k20,block2,3,19,牛 / cattle (19),65.0,True,False
four_coarse_block2_seed1_k20,block2,3,20,chair (20),87.0,False,False
four_coarse_block2_seed1_k20,block2,3,21,黑猩猩 / chimpanzee (21),85.0,True,False
four_coarse_block2_seed1_k20,block2,3,22,clock (22),63.0,False,False
four_coarse_block2_seed1_k20,block2,3,23,雲 / cloud (23),0.0,True,True
four_coarse_block2_seed1_k20,block2,3,24,cockroach (24),80.0,False,False
four_coarse_block2_seed1_k20,block2,3,25,couch (25),55.0,False,False
four_coarse_block2_seed1_k20,block2,3,26,crab (26),62.0,False,False
four_coarse_block2_seed1_k20,block2,3,27,crocodile (27),55.0,False,False
four_coarse_block2_seed1_k20,block2,3,28,cup (28),74.0,False,False
four_coarse_block2_seed1_k20,block2,3,29,dinosaur (29),65.0,False,False
four_coarse_block2_seed1_k20,block2,3,30,dolphin (30),67.0,False,False
four_coarse_block2_seed1_k20,block2,3,31,大象 / elephant (31),64.0,True,False
four_coarse_block2_seed1_k20,block2,3,32,flatfish (32),65.0,False,False
four_coarse_block2_seed1_k20,block2,3,33,森林 / forest (33),60.0,True,False
four_coarse_block2_seed1_k20,block2,3,34,fox (34),75.0,False,False
four_coarse_block2_seed1_k20,block2,3,35,girl (35),50.0,False,False
four_coarse_block2_seed1_k20,block2,3,36,hamster (36),79.0,False,False
four_coarse_block2_seed1_k20,block2,3,37,房子 / house (37),76.0,True,False
four_coarse_block2_seed1_k20,block2,3,38,袋鼠 / kangaroo (38),64.0,True,False
four_coarse_block2_seed1_k20,block2,3,39,keyboard (39),80.0,False,False
four_coarse_block2_seed1_k20,block2,3,40,lamp (40),63.0,False,False
four_coarse_block2_seed1_k20,block2,3,41,lawn_mower (41),88.0,False,False
four_coarse_block2_seed1_k20,block2,3,42,leopard (42),71.0,False,False
four_coarse_block2_seed1_k20,block2,3,43,lion (43),83.0,False,False
four_coarse_block2_seed1_k20,block2,3,44,lizard (44),47.0,False,False
four_coarse_block2_seed1_k20,block2,3,45,lobster (45),63.0,False,False
four_coarse_block2_seed1_k20,block2,3,46,man (46),51.0,False,False
four_coarse_block2_seed1_k20,block2,3,47,maple_tree (47),67.0,False,False
four_coarse_block2_seed1_k20,block2,3,48,摩托車 / motorcycle (48),94.0,True,False
four_coarse_block2_seed1_k20,block2,3,49,山 / mountain (49),87.0,True,False
four_coarse_block2_seed1_k20,block2,3,50,mouse (50),52.0,False,False
four_coarse_block2_seed1_k20,block2,3,51,mushroom (51),69.0,False,False
four_coarse_block2_seed1_k20,block2,3,52,oak_tree (52),66.0,False,False
four_coarse_block2_seed1_k20,block2,3,53,orange (53),89.0,False,False
four_coarse_block2_seed1_k20,block2,3,54,orchid (54),81.0,False,False
four_coarse_block2_seed1_k20,block2,3,55,otter (55),38.0,False,False
four_coarse_block2_seed1_k20,block2,3,56,palm_tree (56),89.0,False,False
four_coarse_block2_seed1_k20,block2,3,57,pear (57),78.0,False,False
four_coarse_block2_seed1_k20,block2,3,58,皮卡車 / pickup_truck (58),87.0,True,False
four_coarse_block2_seed1_k20,block2,3,59,pine_tree (59),68.0,False,False
four_coarse_block2_seed1_k20,block2,3,60,平原 / plain (60),85.0,True,False
four_coarse_block2_seed1_k20,block2,3,61,plate (61),67.0,False,False
four_coarse_block2_seed1_k20,block2,3,62,poppy (62),80.0,False,False
four_coarse_block2_seed1_k20,block2,3,63,porcupine (63),72.0,False,False
four_coarse_block2_seed1_k20,block2,3,64,possum (64),53.0,False,False
four_coarse_block2_seed1_k20,block2,3,65,rabbit (65),54.0,False,False
four_coarse_block2_seed1_k20,block2,3,66,raccoon (66),79.0,False,False
four_coarse_block2_seed1_k20,block2,3,67,ray (67),54.0,False,False
four_coarse_block2_seed1_k20,block2,3,68,道路 / road (68),93.0,True,False
four_coarse_block2_seed1_k20,block2,3,69,rocket (69),79.0,False,False
four_coarse_block2_seed1_k20,block2,3,70,rose (70),71.0,False,False
four_coarse_block2_seed1_k20,block2,3,71,海 / sea (71),86.0,True,False
four_coarse_block2_seed1_k20,block2,3,72,seal (72),45.0,False,False
four_coarse_block2_seed1_k20,block2,3,73,shark (73),58.0,False,False
four_coarse_block2_seed1_k20,block2,3,74,shrew (74),51.0,False,False
four_coarse_block2_seed1_k20,block2,3,75,skunk (75),90.0,False,False
four_coarse_block2_seed1_k20,block2,3,76,摩天大樓 / skyscraper (76),88.0,True,False
four_coarse_block2_seed1_k20,block2,3,77,snail (77),67.0,False,False
four_coarse_block2_seed1_k20,block2,3,78,snake (78),60.0,False,False
four_coarse_block2_seed1_k20,block2,3,79,spider (79),74.0,False,False
four_coarse_block2_seed1_k20,block2,3,80,squirrel (80),59.0,False,False
four_coarse_block2_seed1_k20,block2,3,81,streetcar (81),79.0,False,False
four_coarse_block2_seed1_k20,block2,3,82,sunflower (82),93.0,False,False
four_coarse_block2_seed1_k20,block2,3,83,sweet_pepper (83),71.0,False,False
four_coarse_block2_seed1_k20,block2,3,84,table (84),68.0,False,False
four_coarse_block2_seed1_k20,block2,3,85,tank (85),71.0,False,False
four_coarse_block2_seed1_k20,block2,3,86,telephone (86),67.0,False,False
four_coarse_block2_seed1_k20,block2,3,87,television (87),80.0,False,False
four_coarse_block2_seed1_k20,block2,3,88,tiger (88),79.0,False,False
four_coarse_block2_seed1_k20,block2,3,89,tractor (89),84.0,False,False
four_coarse_block2_seed1_k20,block2,3,90,火車 / train (90),86.0,True,False
four_coarse_block2_seed1_k20,block2,3,91,trout (91),75.0,False,False
four_coarse_block2_seed1_k20,block2,3,92,tulip (92),60.0,False,False
four_coarse_block2_seed1_k20,block2,3,93,turtle (93),58.0,False,False
four_coarse_block2_seed1_k20,block2,3,94,wardrobe (94),92.0,False,False
four_coarse_block2_seed1_k20,block2,3,95,whale (95),75.0,False,False
four_coarse_block2_seed1_k20,block2,3,96,willow_tree (96),61.0,False,False
four_coarse_block2_seed1_k20,block2,3,97,wolf (97),75.0,False,False
four_coarse_block2_seed1_k20,block2,3,98,woman (98),50.0,False,False
four_coarse_block2_seed1_k20,block2,3,99,worm (99),69.0,False,False
four_coarse_block2_seed1_k20,block2,4,0,apple (0),89.0,False,False
four_coarse_block2_seed1_k20,block2,4,1,aquarium_fish (1),80.0,False,False
four_coarse_block2_seed1_k20,block2,4,2,baby (2),56.0,False,False
four_coarse_block2_seed1_k20,block2,4,3,bear (3),56.0,False,False
four_coarse_block2_seed1_k20,block2,4,4,beaver (4),63.0,False,False
four_coarse_block2_seed1_k20,block2,4,5,bed (5),69.0,False,False
four_coarse_block2_seed1_k20,block2,4,6,bee (6),79.0,False,False
four_coarse_block2_seed1_k20,block2,4,7,beetle (7),70.0,False,False
four_coarse_block2_seed1_k20,block2,4,8,腳踏車 / bicycle (8),25.0,True,True
four_coarse_block2_seed1_k20,block2,4,9,bottle (9),80.0,False,False
four_coarse_block2_seed1_k20,block2,4,10,bowl (10),46.0,False,False
four_coarse_block2_seed1_k20,block2,4,11,boy (11),48.0,False,False
four_coarse_block2_seed1_k20,block2,4,12,橋 / bridge (12),77.0,True,False
four_coarse_block2_seed1_k20,block2,4,13,公車 / bus (13),0.0,True,True
four_coarse_block2_seed1_k20,block2,4,14,butterfly (14),55.0,False,False
four_coarse_block2_seed1_k20,block2,4,15,駱駝 / camel (15),74.0,True,False
four_coarse_block2_seed1_k20,block2,4,16,can (16),79.0,False,False
four_coarse_block2_seed1_k20,block2,4,17,城堡 / castle (17),80.0,True,False
four_coarse_block2_seed1_k20,block2,4,18,caterpillar (18),65.0,False,False
four_coarse_block2_seed1_k20,block2,4,19,牛 / cattle (19),66.0,True,False
four_coarse_block2_seed1_k20,block2,4,20,chair (20),86.0,False,False
four_coarse_block2_seed1_k20,block2,4,21,黑猩猩 / chimpanzee (21),88.0,True,False
four_coarse_block2_seed1_k20,block2,4,22,clock (22),63.0,False,False
four_coarse_block2_seed1_k20,block2,4,23,雲 / cloud (23),0.0,True,True
four_coarse_block2_seed1_k20,block2,4,24,cockroach (24),79.0,False,False
four_coarse_block2_seed1_k20,block2,4,25,couch (25),59.0,False,False
four_coarse_block2_seed1_k20,block2,4,26,crab (26),62.0,False,False
four_coarse_block2_seed1_k20,block2,4,27,crocodile (27),55.0,False,False
four_coarse_block2_seed1_k20,block2,4,28,cup (28),75.0,False,False
four_coarse_block2_seed1_k20,block2,4,29,dinosaur (29),66.0,False,False
four_coarse_block2_seed1_k20,block2,4,30,dolphin (30),71.0,False,False
four_coarse_block2_seed1_k20,block2,4,31,大象 / elephant (31),66.0,True,False
four_coarse_block2_seed1_k20,block2,4,32,flatfish (32),62.0,False,False
four_coarse_block2_seed1_k20,block2,4,33,森林 / forest (33),0.0,True,True
four_coarse_block2_seed1_k20,block2,4,34,fox (34),77.0,False,False
four_coarse_block2_seed1_k20,block2,4,35,girl (35),47.0,False,False
four_coarse_block2_seed1_k20,block2,4,36,hamster (36),80.0,False,False
four_coarse_block2_seed1_k20,block2,4,37,房子 / house (37),78.0,True,False
four_coarse_block2_seed1_k20,block2,4,38,袋鼠 / kangaroo (38),65.0,True,False
four_coarse_block2_seed1_k20,block2,4,39,keyboard (39),81.0,False,False
four_coarse_block2_seed1_k20,block2,4,40,lamp (40),65.0,False,False
four_coarse_block2_seed1_k20,block2,4,41,lawn_mower (41),88.0,False,False
four_coarse_block2_seed1_k20,block2,4,42,leopard (42),71.0,False,False
four_coarse_block2_seed1_k20,block2,4,43,lion (43),86.0,False,False
four_coarse_block2_seed1_k20,block2,4,44,lizard (44),51.0,False,False
four_coarse_block2_seed1_k20,block2,4,45,lobster (45),66.0,False,False
four_coarse_block2_seed1_k20,block2,4,46,man (46),52.0,False,False
four_coarse_block2_seed1_k20,block2,4,47,maple_tree (47),67.0,False,False
four_coarse_block2_seed1_k20,block2,4,48,摩托車 / motorcycle (48),94.0,True,False
four_coarse_block2_seed1_k20,block2,4,49,山 / mountain (49),84.0,True,False
four_coarse_block2_seed1_k20,block2,4,50,mouse (50),52.0,False,False
four_coarse_block2_seed1_k20,block2,4,51,mushroom (51),72.0,False,False
four_coarse_block2_seed1_k20,block2,4,52,oak_tree (52),67.0,False,False
four_coarse_block2_seed1_k20,block2,4,53,orange (53),87.0,False,False
four_coarse_block2_seed1_k20,block2,4,54,orchid (54),81.0,False,False
four_coarse_block2_seed1_k20,block2,4,55,otter (55),40.0,False,False
four_coarse_block2_seed1_k20,block2,4,56,palm_tree (56),88.0,False,False
four_coarse_block2_seed1_k20,block2,4,57,pear (57),77.0,False,False
four_coarse_block2_seed1_k20,block2,4,58,皮卡車 / pickup_truck (58),84.0,True,False
four_coarse_block2_seed1_k20,block2,4,59,pine_tree (59),70.0,False,False
four_coarse_block2_seed1_k20,block2,4,60,平原 / plain (60),86.0,True,False
four_coarse_block2_seed1_k20,block2,4,61,plate (61),68.0,False,False
four_coarse_block2_seed1_k20,block2,4,62,poppy (62),80.0,False,False
four_coarse_block2_seed1_k20,block2,4,63,porcupine (63),68.0,False,False
four_coarse_block2_seed1_k20,block2,4,64,possum (64),52.0,False,False
four_coarse_block2_seed1_k20,block2,4,65,rabbit (65),55.0,False,False
four_coarse_block2_seed1_k20,block2,4,66,raccoon (66),78.0,False,False
four_coarse_block2_seed1_k20,block2,4,67,ray (67),55.0,False,False
four_coarse_block2_seed1_k20,block2,4,68,道路 / road (68),93.0,True,False
four_coarse_block2_seed1_k20,block2,4,69,rocket (69),79.0,False,False
four_coarse_block2_seed1_k20,block2,4,70,rose (70),73.0,False,False
four_coarse_block2_seed1_k20,block2,4,71,海 / sea (71),84.0,True,False
four_coarse_block2_seed1_k20,block2,4,72,seal (72),44.0,False,False
four_coarse_block2_seed1_k20,block2,4,73,shark (73),58.0,False,False
four_coarse_block2_seed1_k20,block2,4,74,shrew (74),53.0,False,False
four_coarse_block2_seed1_k20,block2,4,75,skunk (75),89.0,False,False
four_coarse_block2_seed1_k20,block2,4,76,摩天大樓 / skyscraper (76),90.0,True,False
four_coarse_block2_seed1_k20,block2,4,77,snail (77),64.0,False,False
four_coarse_block2_seed1_k20,block2,4,78,snake (78),62.0,False,False
four_coarse_block2_seed1_k20,block2,4,79,spider (79),73.0,False,False
four_coarse_block2_seed1_k20,block2,4,80,squirrel (80),55.0,False,False
four_coarse_block2_seed1_k20,block2,4,81,streetcar (81),76.0,False,False
four_coarse_block2_seed1_k20,block2,4,82,sunflower (82),90.0,False,False
four_coarse_block2_seed1_k20,block2,4,83,sweet_pepper (83),68.0,False,False
four_coarse_block2_seed1_k20,block2,4,84,table (84),68.0,False,False
four_coarse_block2_seed1_k20,block2,4,85,tank (85),73.0,False,False
four_coarse_block2_seed1_k20,block2,4,86,telephone (86),64.0,False,False
four_coarse_block2_seed1_k20,block2,4,87,television (87),79.0,False,False
four_coarse_block2_seed1_k20,block2,4,88,tiger (88),79.0,False,False
four_coarse_block2_seed1_k20,block2,4,89,tractor (89),83.0,False,False
four_coarse_block2_seed1_k20,block2,4,90,火車 / train (90),87.0,True,False
four_coarse_block2_seed1_k20,block2,4,91,trout (91),76.0,False,False
four_coarse_block2_seed1_k20,block2,4,92,tulip (92),61.0,False,False
four_coarse_block2_seed1_k20,block2,4,93,turtle (93),60.0,False,False
four_coarse_block2_seed1_k20,block2,4,94,wardrobe (94),92.0,False,False
four_coarse_block2_seed1_k20,block2,4,95,whale (95),72.0,False,False
four_coarse_block2_seed1_k20,block2,4,96,willow_tree (96),65.0,False,False
four_coarse_block2_seed1_k20,block2,4,97,wolf (97),76.0,False,False
four_coarse_block2_seed1_k20,block2,4,98,woman (98),52.0,False,False
four_coarse_block2_seed1_k20,block2,4,99,worm (99),70.0,False,False
four_coarse_block2_seed1_k20,block2,5,0,apple (0),86.0,False,False
four_coarse_block2_seed1_k20,block2,5,1,aquarium_fish (1),79.0,False,False
four_coarse_block2_seed1_k20,block2,5,2,baby (2),56.0,False,False
four_coarse_block2_seed1_k20,block2,5,3,bear (3),51.0,False,False
four_coarse_block2_seed1_k20,block2,5,4,beaver (4),54.0,False,False
four_coarse_block2_seed1_k20,block2,5,5,bed (5),68.0,False,False
four_coarse_block2_seed1_k20,block2,5,6,bee (6),78.0,False,False
four_coarse_block2_seed1_k20,block2,5,7,beetle (7),75.0,False,False
four_coarse_block2_seed1_k20,block2,5,8,腳踏車 / bicycle (8),25.0,True,True
four_coarse_block2_seed1_k20,block2,5,9,bottle (9),78.0,False,False
four_coarse_block2_seed1_k20,block2,5,10,bowl (10),43.0,False,False
four_coarse_block2_seed1_k20,block2,5,11,boy (11),45.0,False,False
four_coarse_block2_seed1_k20,block2,5,12,橋 / bridge (12),81.0,True,False
four_coarse_block2_seed1_k20,block2,5,13,公車 / bus (13),0.0,True,True
four_coarse_block2_seed1_k20,block2,5,14,butterfly (14),58.0,False,False
four_coarse_block2_seed1_k20,block2,5,15,駱駝 / camel (15),0.0,True,True
four_coarse_block2_seed1_k20,block2,5,16,can (16),76.0,False,False
four_coarse_block2_seed1_k20,block2,5,17,城堡 / castle (17),78.0,True,False
four_coarse_block2_seed1_k20,block2,5,18,caterpillar (18),63.0,False,False
four_coarse_block2_seed1_k20,block2,5,19,牛 / cattle (19),65.0,True,False
four_coarse_block2_seed1_k20,block2,5,20,chair (20),86.0,False,False
four_coarse_block2_seed1_k20,block2,5,21,黑猩猩 / chimpanzee (21),88.0,True,False
four_coarse_block2_seed1_k20,block2,5,22,clock (22),67.0,False,False
four_coarse_block2_seed1_k20,block2,5,23,雲 / cloud (23),0.0,True,True
four_coarse_block2_seed1_k20,block2,5,24,cockroach (24),78.0,False,False
four_coarse_block2_seed1_k20,block2,5,25,couch (25),58.0,False,False
four_coarse_block2_seed1_k20,block2,5,26,crab (26),62.0,False,False
four_coarse_block2_seed1_k20,block2,5,27,crocodile (27),55.0,False,False
four_coarse_block2_seed1_k20,block2,5,28,cup (28),74.0,False,False
four_coarse_block2_seed1_k20,block2,5,29,dinosaur (29),62.0,False,False
four_coarse_block2_seed1_k20,block2,5,30,dolphin (30),70.0,False,False
four_coarse_block2_seed1_k20,block2,5,31,大象 / elephant (31),62.0,True,False
four_coarse_block2_seed1_k20,block2,5,32,flatfish (32),65.0,False,False
four_coarse_block2_seed1_k20,block2,5,33,森林 / forest (33),0.0,True,True
four_coarse_block2_seed1_k20,block2,5,34,fox (34),73.0,False,False
four_coarse_block2_seed1_k20,block2,5,35,girl (35),46.0,False,False
four_coarse_block2_seed1_k20,block2,5,36,hamster (36),77.0,False,False
four_coarse_block2_seed1_k20,block2,5,37,房子 / house (37),76.0,True,False
four_coarse_block2_seed1_k20,block2,5,38,袋鼠 / kangaroo (38),58.0,True,False
four_coarse_block2_seed1_k20,block2,5,39,keyboard (39),79.0,False,False
four_coarse_block2_seed1_k20,block2,5,40,lamp (40),63.0,False,False
four_coarse_block2_seed1_k20,block2,5,41,lawn_mower (41),87.0,False,False
four_coarse_block2_seed1_k20,block2,5,42,leopard (42),73.0,False,False
four_coarse_block2_seed1_k20,block2,5,43,lion (43),83.0,False,False
four_coarse_block2_seed1_k20,block2,5,44,lizard (44),48.0,False,False
four_coarse_block2_seed1_k20,block2,5,45,lobster (45),60.0,False,False
four_coarse_block2_seed1_k20,block2,5,46,man (46),46.0,False,False
four_coarse_block2_seed1_k20,block2,5,47,maple_tree (47),65.0,False,False
four_coarse_block2_seed1_k20,block2,5,48,摩托車 / motorcycle (48),94.0,True,False
four_coarse_block2_seed1_k20,block2,5,49,山 / mountain (49),83.0,True,False
four_coarse_block2_seed1_k20,block2,5,50,mouse (50),50.0,False,False
four_coarse_block2_seed1_k20,block2,5,51,mushroom (51),70.0,False,False
four_coarse_block2_seed1_k20,block2,5,52,oak_tree (52),66.0,False,False
four_coarse_block2_seed1_k20,block2,5,53,orange (53),90.0,False,False
four_coarse_block2_seed1_k20,block2,5,54,orchid (54),80.0,False,False
four_coarse_block2_seed1_k20,block2,5,55,otter (55),38.0,False,False
four_coarse_block2_seed1_k20,block2,5,56,palm_tree (56),86.0,False,False
four_coarse_block2_seed1_k20,block2,5,57,pear (57),78.0,False,False
four_coarse_block2_seed1_k20,block2,5,58,皮卡車 / pickup_truck (58),86.0,True,False
four_coarse_block2_seed1_k20,block2,5,59,pine_tree (59),68.0,False,False
four_coarse_block2_seed1_k20,block2,5,60,平原 / plain (60),84.0,True,False
four_coarse_block2_seed1_k20,block2,5,61,plate (61),65.0,False,False
four_coarse_block2_seed1_k20,block2,5,62,poppy (62),80.0,False,False
four_coarse_block2_seed1_k20,block2,5,63,porcupine (63),68.0,False,False
four_coarse_block2_seed1_k20,block2,5,64,possum (64),52.0,False,False
four_coarse_block2_seed1_k20,block2,5,65,rabbit (65),58.0,False,False
four_coarse_block2_seed1_k20,block2,5,66,raccoon (66),78.0,False,False
four_coarse_block2_seed1_k20,block2,5,67,ray (67),54.0,False,False
four_coarse_block2_seed1_k20,block2,5,68,道路 / road (68),95.0,True,False
four_coarse_block2_seed1_k20,block2,5,69,rocket (69),79.0,False,False
four_coarse_block2_seed1_k20,block2,5,70,rose (70),70.0,False,False
four_coarse_block2_seed1_k20,block2,5,71,海 / sea (71),81.0,True,False
four_coarse_block2_seed1_k20,block2,5,72,seal (72),45.0,False,False
four_coarse_block2_seed1_k20,block2,5,73,shark (73),56.0,False,False
four_coarse_block2_seed1_k20,block2,5,74,shrew (74),48.0,False,False
four_coarse_block2_seed1_k20,block2,5,75,skunk (75),88.0,False,False
four_coarse_block2_seed1_k20,block2,5,76,摩天大樓 / skyscraper (76),88.0,True,False
four_coarse_block2_seed1_k20,block2,5,77,snail (77),69.0,False,False
four_coarse_block2_seed1_k20,block2,5,78,snake (78),63.0,False,False
four_coarse_block2_seed1_k20,block2,5,79,spider (79),69.0,False,False
four_coarse_block2_seed1_k20,block2,5,80,squirrel (80),53.0,False,False
four_coarse_block2_seed1_k20,block2,5,81,streetcar (81),81.0,False,False
four_coarse_block2_seed1_k20,block2,5,82,sunflower (82),91.0,False,False
four_coarse_block2_seed1_k20,block2,5,83,sweet_pepper (83),67.0,False,False
four_coarse_block2_seed1_k20,block2,5,84,table (84),64.0,False,False
four_coarse_block2_seed1_k20,block2,5,85,tank (85),70.0,False,False
four_coarse_block2_seed1_k20,block2,5,86,telephone (86),66.0,False,False
four_coarse_block2_seed1_k20,block2,5,87,television (87),82.0,False,False
four_coarse_block2_seed1_k20,block2,5,88,tiger (88),80.0,False,False
four_coarse_block2_seed1_k20,block2,5,89,tractor (89),85.0,False,False
four_coarse_block2_seed1_k20,block2,5,90,火車 / train (90),88.0,True,False
four_coarse_block2_seed1_k20,block2,5,91,trout (91),75.0,False,False
four_coarse_block2_seed1_k20,block2,5,92,tulip (92),60.0,False,False
four_coarse_block2_seed1_k20,block2,5,93,turtle (93),58.0,False,False
four_coarse_block2_seed1_k20,block2,5,94,wardrobe (94),92.0,False,False
four_coarse_block2_seed1_k20,block2,5,95,whale (95),71.0,False,False
four_coarse_block2_seed1_k20,block2,5,96,willow_tree (96),62.0,False,False
four_coarse_block2_seed1_k20,block2,5,97,wolf (97),75.0,False,False
four_coarse_block2_seed1_k20,block2,5,98,woman (98),55.0,False,False
four_coarse_block2_seed1_k20,block2,5,99,worm (99),71.0,False,False
four_coarse_block2_seed1_k20,block2,6,0,apple (0),89.0,False,False
four_coarse_block2_seed1_k20,block2,6,1,aquarium_fish (1),81.0,False,False
four_coarse_block2_seed1_k20,block2,6,2,baby (2),57.0,False,False
four_coarse_block2_seed1_k20,block2,6,3,bear (3),54.0,False,False
four_coarse_block2_seed1_k20,block2,6,4,beaver (4),59.0,False,False
four_coarse_block2_seed1_k20,block2,6,5,bed (5),68.0,False,False
four_coarse_block2_seed1_k20,block2,6,6,bee (6),80.0,False,False
four_coarse_block2_seed1_k20,block2,6,7,beetle (7),75.0,False,False
four_coarse_block2_seed1_k20,block2,6,8,腳踏車 / bicycle (8),20.0,True,True
four_coarse_block2_seed1_k20,block2,6,9,bottle (9),75.0,False,False
four_coarse_block2_seed1_k20,block2,6,10,bowl (10),42.0,False,False
four_coarse_block2_seed1_k20,block2,6,11,boy (11),50.0,False,False
four_coarse_block2_seed1_k20,block2,6,12,橋 / bridge (12),80.0,True,False
four_coarse_block2_seed1_k20,block2,6,13,公車 / bus (13),0.0,True,True
four_coarse_block2_seed1_k20,block2,6,14,butterfly (14),55.0,False,False
four_coarse_block2_seed1_k20,block2,6,15,駱駝 / camel (15),0.0,True,True
four_coarse_block2_seed1_k20,block2,6,16,can (16),76.0,False,False
four_coarse_block2_seed1_k20,block2,6,17,城堡 / castle (17),83.0,True,False
four_coarse_block2_seed1_k20,block2,6,18,caterpillar (18),65.0,False,False
four_coarse_block2_seed1_k20,block2,6,19,牛 / cattle (19),0.0,True,True
four_coarse_block2_seed1_k20,block2,6,20,chair (20),87.0,False,False
four_coarse_block2_seed1_k20,block2,6,21,黑猩猩 / chimpanzee (21),87.0,True,False
four_coarse_block2_seed1_k20,block2,6,22,clock (22),66.0,False,False
four_coarse_block2_seed1_k20,block2,6,23,雲 / cloud (23),0.0,True,True
four_coarse_block2_seed1_k20,block2,6,24,cockroach (24),80.0,False,False
four_coarse_block2_seed1_k20,block2,6,25,couch (25),57.0,False,False
four_coarse_block2_seed1_k20,block2,6,26,crab (26),65.0,False,False
four_coarse_block2_seed1_k20,block2,6,27,crocodile (27),53.0,False,False
four_coarse_block2_seed1_k20,block2,6,28,cup (28),76.0,False,False
four_coarse_block2_seed1_k20,block2,6,29,dinosaur (29),67.0,False,False
four_coarse_block2_seed1_k20,block2,6,30,dolphin (30),68.0,False,False
four_coarse_block2_seed1_k20,block2,6,31,大象 / elephant (31),70.0,True,False
four_coarse_block2_seed1_k20,block2,6,32,flatfish (32),63.0,False,False
four_coarse_block2_seed1_k20,block2,6,33,森林 / forest (33),0.0,True,True
four_coarse_block2_seed1_k20,block2,6,34,fox (34),78.0,False,False
four_coarse_block2_seed1_k20,block2,6,35,girl (35),48.0,False,False
four_coarse_block2_seed1_k20,block2,6,36,hamster (36),79.0,False,False
four_coarse_block2_seed1_k20,block2,6,37,房子 / house (37),79.0,True,False
four_coarse_block2_seed1_k20,block2,6,38,袋鼠 / kangaroo (38),61.0,True,False
four_coarse_block2_seed1_k20,block2,6,39,keyboard (39),79.0,False,False
four_coarse_block2_seed1_k20,block2,6,40,lamp (40),64.0,False,False
four_coarse_block2_seed1_k20,block2,6,41,lawn_mower (41),88.0,False,False
four_coarse_block2_seed1_k20,block2,6,42,leopard (42),76.0,False,False
four_coarse_block2_seed1_k20,block2,6,43,lion (43),84.0,False,False
four_coarse_block2_seed1_k20,block2,6,44,lizard (44),47.0,False,False
four_coarse_block2_seed1_k20,block2,6,45,lobster (45),62.0,False,False
four_coarse_block2_seed1_k20,block2,6,46,man (46),49.0,False,False
four_coarse_block2_seed1_k20,block2,6,47,maple_tree (47),66.0,False,False
four_coarse_block2_seed1_k20,block2,6,48,摩托車 / motorcycle (48),95.0,True,False
four_coarse_block2_seed1_k20,block2,6,49,山 / mountain (49),83.0,True,False
four_coarse_block2_seed1_k20,block2,6,50,mouse (50),54.0,False,False
four_coarse_block2_seed1_k20,block2,6,51,mushroom (51),72.0,False,False
four_coarse_block2_seed1_k20,block2,6,52,oak_tree (52),68.0,False,False
four_coarse_block2_seed1_k20,block2,6,53,orange (53),90.0,False,False
four_coarse_block2_seed1_k20,block2,6,54,orchid (54),80.0,False,False
four_coarse_block2_seed1_k20,block2,6,55,otter (55),43.0,False,False
four_coarse_block2_seed1_k20,block2,6,56,palm_tree (56),87.0,False,False
four_coarse_block2_seed1_k20,block2,6,57,pear (57),77.0,False,False
four_coarse_block2_seed1_k20,block2,6,58,皮卡車 / pickup_truck (58),87.0,True,False
four_coarse_block2_seed1_k20,block2,6,59,pine_tree (59),70.0,False,False
four_coarse_block2_seed1_k20,block2,6,60,平原 / plain (60),87.0,True,False
four_coarse_block2_seed1_k20,block2,6,61,plate (61),66.0,False,False
four_coarse_block2_seed1_k20,block2,6,62,poppy (62),80.0,False,False
four_coarse_block2_seed1_k20,block2,6,63,porcupine (63),68.0,False,False
four_coarse_block2_seed1_k20,block2,6,64,possum (64),51.0,False,False
four_coarse_block2_seed1_k20,block2,6,65,rabbit (65),57.0,False,False
four_coarse_block2_seed1_k20,block2,6,66,raccoon (66),80.0,False,False
four_coarse_block2_seed1_k20,block2,6,67,ray (67),54.0,False,False
four_coarse_block2_seed1_k20,block2,6,68,道路 / road (68),94.0,True,False
four_coarse_block2_seed1_k20,block2,6,69,rocket (69),80.0,False,False
four_coarse_block2_seed1_k20,block2,6,70,rose (70),71.0,False,False
four_coarse_block2_seed1_k20,block2,6,71,海 / sea (71),84.0,True,False
four_coarse_block2_seed1_k20,block2,6,72,seal (72),41.0,False,False
four_coarse_block2_seed1_k20,block2,6,73,shark (73),56.0,False,False
four_coarse_block2_seed1_k20,block2,6,74,shrew (74),48.0,False,False
four_coarse_block2_seed1_k20,block2,6,75,skunk (75),87.0,False,False
four_coarse_block2_seed1_k20,block2,6,76,摩天大樓 / skyscraper (76),87.0,True,False
four_coarse_block2_seed1_k20,block2,6,77,snail (77),66.0,False,False
four_coarse_block2_seed1_k20,block2,6,78,snake (78),62.0,False,False
four_coarse_block2_seed1_k20,block2,6,79,spider (79),71.0,False,False
four_coarse_block2_seed1_k20,block2,6,80,squirrel (80),51.0,False,False
four_coarse_block2_seed1_k20,block2,6,81,streetcar (81),77.0,False,False
four_coarse_block2_seed1_k20,block2,6,82,sunflower (82),91.0,False,False
four_coarse_block2_seed1_k20,block2,6,83,sweet_pepper (83),66.0,False,False
four_coarse_block2_seed1_k20,block2,6,84,table (84),69.0,False,False
four_coarse_block2_seed1_k20,block2,6,85,tank (85),72.0,False,False
four_coarse_block2_seed1_k20,block2,6,86,telephone (86),64.0,False,False
four_coarse_block2_seed1_k20,block2,6,87,television (87),81.0,False,False
four_coarse_block2_seed1_k20,block2,6,88,tiger (88),80.0,False,False
four_coarse_block2_seed1_k20,block2,6,89,tractor (89),84.0,False,False
four_coarse_block2_seed1_k20,block2,6,90,火車 / train (90),88.0,True,False
four_coarse_block2_seed1_k20,block2,6,91,trout (91),78.0,False,False
four_coarse_block2_seed1_k20,block2,6,92,tulip (92),59.0,False,False
four_coarse_block2_seed1_k20,block2,6,93,turtle (93),57.0,False,False
four_coarse_block2_seed1_k20,block2,6,94,wardrobe (94),92.0,False,False
four_coarse_block2_seed1_k20,block2,6,95,whale (95),72.0,False,False
four_coarse_block2_seed1_k20,block2,6,96,willow_tree (96),62.0,False,False
four_coarse_block2_seed1_k20,block2,6,97,wolf (97),74.0,False,False
four_coarse_block2_seed1_k20,block2,6,98,woman (98),53.0,False,False
four_coarse_block2_seed1_k20,block2,6,99,worm (99),69.0,False,False
four_coarse_block2_seed1_k20,block2,7,0,apple (0),90.0,False,False
four_coarse_block2_seed1_k20,block2,7,1,aquarium_fish (1),78.0,False,False
four_coarse_block2_seed1_k20,block2,7,2,baby (2),57.0,False,False
four_coarse_block2_seed1_k20,block2,7,3,bear (3),55.0,False,False
four_coarse_block2_seed1_k20,block2,7,4,beaver (4),62.0,False,False
four_coarse_block2_seed1_k20,block2,7,5,bed (5),77.0,False,False
four_coarse_block2_seed1_k20,block2,7,6,bee (6),78.0,False,False
four_coarse_block2_seed1_k20,block2,7,7,beetle (7),74.0,False,False
four_coarse_block2_seed1_k20,block2,7,8,腳踏車 / bicycle (8),30.0,True,True
four_coarse_block2_seed1_k20,block2,7,9,bottle (9),80.0,False,False
four_coarse_block2_seed1_k20,block2,7,10,bowl (10),43.0,False,False
four_coarse_block2_seed1_k20,block2,7,11,boy (11),49.0,False,False
four_coarse_block2_seed1_k20,block2,7,12,橋 / bridge (12),0.0,True,True
four_coarse_block2_seed1_k20,block2,7,13,公車 / bus (13),0.0,True,True
four_coarse_block2_seed1_k20,block2,7,14,butterfly (14),56.0,False,False
four_coarse_block2_seed1_k20,block2,7,15,駱駝 / camel (15),0.0,True,True
four_coarse_block2_seed1_k20,block2,7,16,can (16),76.0,False,False
four_coarse_block2_seed1_k20,block2,7,17,城堡 / castle (17),83.0,True,False
four_coarse_block2_seed1_k20,block2,7,18,caterpillar (18),64.0,False,False
four_coarse_block2_seed1_k20,block2,7,19,牛 / cattle (19),0.0,True,True
four_coarse_block2_seed1_k20,block2,7,20,chair (20),87.0,False,False
four_coarse_block2_seed1_k20,block2,7,21,黑猩猩 / chimpanzee (21),87.0,True,False
four_coarse_block2_seed1_k20,block2,7,22,clock (22),68.0,False,False
four_coarse_block2_seed1_k20,block2,7,23,雲 / cloud (23),0.0,True,True
four_coarse_block2_seed1_k20,block2,7,24,cockroach (24),83.0,False,False
four_coarse_block2_seed1_k20,block2,7,25,couch (25),57.0,False,False
four_coarse_block2_seed1_k20,block2,7,26,crab (26),62.0,False,False
four_coarse_block2_seed1_k20,block2,7,27,crocodile (27),51.0,False,False
four_coarse_block2_seed1_k20,block2,7,28,cup (28),73.0,False,False
four_coarse_block2_seed1_k20,block2,7,29,dinosaur (29),66.0,False,False
four_coarse_block2_seed1_k20,block2,7,30,dolphin (30),69.0,False,False
four_coarse_block2_seed1_k20,block2,7,31,大象 / elephant (31),70.0,True,False
four_coarse_block2_seed1_k20,block2,7,32,flatfish (32),62.0,False,False
four_coarse_block2_seed1_k20,block2,7,33,森林 / forest (33),0.0,True,True
four_coarse_block2_seed1_k20,block2,7,34,fox (34),76.0,False,False
four_coarse_block2_seed1_k20,block2,7,35,girl (35),53.0,False,False
four_coarse_block2_seed1_k20,block2,7,36,hamster (36),81.0,False,False
four_coarse_block2_seed1_k20,block2,7,37,房子 / house (37),75.0,True,False
four_coarse_block2_seed1_k20,block2,7,38,袋鼠 / kangaroo (38),63.0,True,False
four_coarse_block2_seed1_k20,block2,7,39,keyboard (39),79.0,False,False
four_coarse_block2_seed1_k20,block2,7,40,lamp (40),63.0,False,False
four_coarse_block2_seed1_k20,block2,7,41,lawn_mower (41),86.0,False,False
four_coarse_block2_seed1_k20,block2,7,42,leopard (42),78.0,False,False
four_coarse_block2_seed1_k20,block2,7,43,lion (43),87.0,False,False
four_coarse_block2_seed1_k20,block2,7,44,lizard (44),45.0,False,False
four_coarse_block2_seed1_k20,block2,7,45,lobster (45),66.0,False,False
four_coarse_block2_seed1_k20,block2,7,46,man (46),49.0,False,False
four_coarse_block2_seed1_k20,block2,7,47,maple_tree (47),63.0,False,False
four_coarse_block2_seed1_k20,block2,7,48,摩托車 / motorcycle (48),94.0,True,False
four_coarse_block2_seed1_k20,block2,7,49,山 / mountain (49),83.0,True,False
four_coarse_block2_seed1_k20,block2,7,50,mouse (50),55.0,False,False
four_coarse_block2_seed1_k20,block2,7,51,mushroom (51),75.0,False,False
four_coarse_block2_seed1_k20,block2,7,52,oak_tree (52),65.0,False,False
four_coarse_block2_seed1_k20,block2,7,53,orange (53),89.0,False,False
four_coarse_block2_seed1_k20,block2,7,54,orchid (54),80.0,False,False
four_coarse_block2_seed1_k20,block2,7,55,otter (55),37.0,False,False
four_coarse_block2_seed1_k20,block2,7,56,palm_tree (56),88.0,False,False
four_coarse_block2_seed1_k20,block2,7,57,pear (57),78.0,False,False
four_coarse_block2_seed1_k20,block2,7,58,皮卡車 / pickup_truck (58),87.0,True,False
four_coarse_block2_seed1_k20,block2,7,59,pine_tree (59),70.0,False,False
four_coarse_block2_seed1_k20,block2,7,60,平原 / plain (60),85.0,True,False
four_coarse_block2_seed1_k20,block2,7,61,plate (61),68.0,False,False
four_coarse_block2_seed1_k20,block2,7,62,poppy (62),80.0,False,False
four_coarse_block2_seed1_k20,block2,7,63,porcupine (63),73.0,False,False
four_coarse_block2_seed1_k20,block2,7,64,possum (64),50.0,False,False
four_coarse_block2_seed1_k20,block2,7,65,rabbit (65),57.0,False,False
four_coarse_block2_seed1_k20,block2,7,66,raccoon (66),78.0,False,False
four_coarse_block2_seed1_k20,block2,7,67,ray (67),54.0,False,False
four_coarse_block2_seed1_k20,block2,7,68,道路 / road (68),94.0,True,False
four_coarse_block2_seed1_k20,block2,7,69,rocket (69),80.0,False,False
four_coarse_block2_seed1_k20,block2,7,70,rose (70),72.0,False,False
four_coarse_block2_seed1_k20,block2,7,71,海 / sea (71),86.0,True,False
four_coarse_block2_seed1_k20,block2,7,72,seal (72),41.0,False,False
four_coarse_block2_seed1_k20,block2,7,73,shark (73),55.0,False,False
four_coarse_block2_seed1_k20,block2,7,74,shrew (74),51.0,False,False
four_coarse_block2_seed1_k20,block2,7,75,skunk (75),88.0,False,False
four_coarse_block2_seed1_k20,block2,7,76,摩天大樓 / skyscraper (76),85.0,True,False
four_coarse_block2_seed1_k20,block2,7,77,snail (77),67.0,False,False
four_coarse_block2_seed1_k20,block2,7,78,snake (78),65.0,False,False
four_coarse_block2_seed1_k20,block2,7,79,spider (79),71.0,False,False
four_coarse_block2_seed1_k20,block2,7,80,squirrel (80),53.0,False,False
four_coarse_block2_seed1_k20,block2,7,81,streetcar (81),83.0,False,False
four_coarse_block2_seed1_k20,block2,7,82,sunflower (82),92.0,False,False
four_coarse_block2_seed1_k20,block2,7,83,sweet_pepper (83),69.0,False,False
four_coarse_block2_seed1_k20,block2,7,84,table (84),69.0,False,False
four_coarse_block2_seed1_k20,block2,7,85,tank (85),75.0,False,False
four_coarse_block2_seed1_k20,block2,7,86,telephone (86),66.0,False,False
four_coarse_block2_seed1_k20,block2,7,87,television (87),80.0,False,False
four_coarse_block2_seed1_k20,block2,7,88,tiger (88),78.0,False,False
four_coarse_block2_seed1_k20,block2,7,89,tractor (89),84.0,False,False
four_coarse_block2_seed1_k20,block2,7,90,火車 / train (90),84.0,True,False
four_coarse_block2_seed1_k20,block2,7,91,trout (91),78.0,False,False
four_coarse_block2_seed1_k20,block2,7,92,tulip (92),61.0,False,False
four_coarse_block2_seed1_k20,block2,7,93,turtle (93),58.0,False,False
four_coarse_block2_seed1_k20,block2,7,94,wardrobe (94),91.0,False,False
four_coarse_block2_seed1_k20,block2,7,95,whale (95),73.0,False,False
four_coarse_block2_seed1_k20,block2,7,96,willow_tree (96),63.0,False,False
four_coarse_block2_seed1_k20,block2,7,97,wolf (97),77.0,False,False
four_coarse_block2_seed1_k20,block2,7,98,woman (98),49.0,False,False
four_coarse_block2_seed1_k20,block2,7,99,worm (99),69.0,False,False
four_coarse_block2_seed1_k20,block2,8,0,apple (0),90.0,False,False
four_coarse_block2_seed1_k20,block2,8,1,aquarium_fish (1),83.0,False,False
four_coarse_block2_seed1_k20,block2,8,2,baby (2),59.0,False,False
four_coarse_block2_seed1_k20,block2,8,3,bear (3),59.0,False,False
four_coarse_block2_seed1_k20,block2,8,4,beaver (4),61.0,False,False
four_coarse_block2_seed1_k20,block2,8,5,bed (5),76.0,False,False
four_coarse_block2_seed1_k20,block2,8,6,bee (6),79.0,False,False
four_coarse_block2_seed1_k20,block2,8,7,beetle (7),73.0,False,False
four_coarse_block2_seed1_k20,block2,8,8,腳踏車 / bicycle (8),17.0,True,True
four_coarse_block2_seed1_k20,block2,8,9,bottle (9),78.0,False,False
four_coarse_block2_seed1_k20,block2,8,10,bowl (10),46.0,False,False
four_coarse_block2_seed1_k20,block2,8,11,boy (11),46.0,False,False
four_coarse_block2_seed1_k20,block2,8,12,橋 / bridge (12),0.0,True,True
four_coarse_block2_seed1_k20,block2,8,13,公車 / bus (13),0.0,True,True
four_coarse_block2_seed1_k20,block2,8,14,butterfly (14),59.0,False,False
four_coarse_block2_seed1_k20,block2,8,15,駱駝 / camel (15),2.0,True,True
four_coarse_block2_seed1_k20,block2,8,16,can (16),78.0,False,False
four_coarse_block2_seed1_k20,block2,8,17,城堡 / castle (17),0.0,True,True
four_coarse_block2_seed1_k20,block2,8,18,caterpillar (18),66.0,False,False
four_coarse_block2_seed1_k20,block2,8,19,牛 / cattle (19),0.0,True,True
four_coarse_block2_seed1_k20,block2,8,20,chair (20),87.0,False,False
four_coarse_block2_seed1_k20,block2,8,21,黑猩猩 / chimpanzee (21),89.0,True,False
four_coarse_block2_seed1_k20,block2,8,22,clock (22),68.0,False,False
four_coarse_block2_seed1_k20,block2,8,23,雲 / cloud (23),0.0,True,True
four_coarse_block2_seed1_k20,block2,8,24,cockroach (24),80.0,False,False
four_coarse_block2_seed1_k20,block2,8,25,couch (25),57.0,False,False
four_coarse_block2_seed1_k20,block2,8,26,crab (26),60.0,False,False
four_coarse_block2_seed1_k20,block2,8,27,crocodile (27),54.0,False,False
four_coarse_block2_seed1_k20,block2,8,28,cup (28),72.0,False,False
four_coarse_block2_seed1_k20,block2,8,29,dinosaur (29),69.0,False,False
four_coarse_block2_seed1_k20,block2,8,30,dolphin (30),71.0,False,False
four_coarse_block2_seed1_k20,block2,8,31,大象 / elephant (31),71.0,True,False
four_coarse_block2_seed1_k20,block2,8,32,flatfish (32),63.0,False,False
four_coarse_block2_seed1_k20,block2,8,33,森林 / forest (33),0.0,True,True
four_coarse_block2_seed1_k20,block2,8,34,fox (34),74.0,False,False
four_coarse_block2_seed1_k20,block2,8,35,girl (35),50.0,False,False
four_coarse_block2_seed1_k20,block2,8,36,hamster (36),81.0,False,False
four_coarse_block2_seed1_k20,block2,8,37,房子 / house (37),76.0,True,False
four_coarse_block2_seed1_k20,block2,8,38,袋鼠 / kangaroo (38),64.0,True,False
four_coarse_block2_seed1_k20,block2,8,39,keyboard (39),79.0,False,False
four_coarse_block2_seed1_k20,block2,8,40,lamp (40),64.0,False,False
four_coarse_block2_seed1_k20,block2,8,41,lawn_mower (41),88.0,False,False
four_coarse_block2_seed1_k20,block2,8,42,leopard (42),76.0,False,False
four_coarse_block2_seed1_k20,block2,8,43,lion (43),84.0,False,False
four_coarse_block2_seed1_k20,block2,8,44,lizard (44),43.0,False,False
four_coarse_block2_seed1_k20,block2,8,45,lobster (45),67.0,False,False
four_coarse_block2_seed1_k20,block2,8,46,man (46),45.0,False,False
four_coarse_block2_seed1_k20,block2,8,47,maple_tree (47),69.0,False,False
four_coarse_block2_seed1_k20,block2,8,48,摩托車 / motorcycle (48),94.0,True,False
four_coarse_block2_seed1_k20,block2,8,49,山 / mountain (49),83.0,True,False
four_coarse_block2_seed1_k20,block2,8,50,mouse (50),55.0,False,False
four_coarse_block2_seed1_k20,block2,8,51,mushroom (51),74.0,False,False
four_coarse_block2_seed1_k20,block2,8,52,oak_tree (52),64.0,False,False
four_coarse_block2_seed1_k20,block2,8,53,orange (53),88.0,False,False
four_coarse_block2_seed1_k20,block2,8,54,orchid (54),82.0,False,False
four_coarse_block2_seed1_k20,block2,8,55,otter (55),45.0,False,False
four_coarse_block2_seed1_k20,block2,8,56,palm_tree (56),86.0,False,False
four_coarse_block2_seed1_k20,block2,8,57,pear (57),79.0,False,False
four_coarse_block2_seed1_k20,block2,8,58,皮卡車 / pickup_truck (58),90.0,True,False
four_coarse_block2_seed1_k20,block2,8,59,pine_tree (59),68.0,False,False
four_coarse_block2_seed1_k20,block2,8,60,平原 / plain (60),86.0,True,False
four_coarse_block2_seed1_k20,block2,8,61,plate (61),66.0,False,False
four_coarse_block2_seed1_k20,block2,8,62,poppy (62),81.0,False,False
four_coarse_block2_seed1_k20,block2,8,63,porcupine (63),69.0,False,False
four_coarse_block2_seed1_k20,block2,8,64,possum (64),51.0,False,False
four_coarse_block2_seed1_k20,block2,8,65,rabbit (65),56.0,False,False
four_coarse_block2_seed1_k20,block2,8,66,raccoon (66),80.0,False,False
four_coarse_block2_seed1_k20,block2,8,67,ray (67),56.0,False,False
four_coarse_block2_seed1_k20,block2,8,68,道路 / road (68),94.0,True,False
four_coarse_block2_seed1_k20,block2,8,69,rocket (69),83.0,False,False
four_coarse_block2_seed1_k20,block2,8,70,rose (70),73.0,False,False
four_coarse_block2_seed1_k20,block2,8,71,海 / sea (71),86.0,True,False
four_coarse_block2_seed1_k20,block2,8,72,seal (72),42.0,False,False
four_coarse_block2_seed1_k20,block2,8,73,shark (73),56.0,False,False
four_coarse_block2_seed1_k20,block2,8,74,shrew (74),50.0,False,False
four_coarse_block2_seed1_k20,block2,8,75,skunk (75),88.0,False,False
four_coarse_block2_seed1_k20,block2,8,76,摩天大樓 / skyscraper (76),87.0,True,False
four_coarse_block2_seed1_k20,block2,8,77,snail (77),65.0,False,False
four_coarse_block2_seed1_k20,block2,8,78,snake (78),62.0,False,False
four_coarse_block2_seed1_k20,block2,8,79,spider (79),71.0,False,False
four_coarse_block2_seed1_k20,block2,8,80,squirrel (80),58.0,False,False
four_coarse_block2_seed1_k20,block2,8,81,streetcar (81),81.0,False,False
four_coarse_block2_seed1_k20,block2,8,82,sunflower (82),92.0,False,False
four_coarse_block2_seed1_k20,block2,8,83,sweet_pepper (83),70.0,False,False
four_coarse_block2_seed1_k20,block2,8,84,table (84),69.0,False,False
four_coarse_block2_seed1_k20,block2,8,85,tank (85),74.0,False,False
four_coarse_block2_seed1_k20,block2,8,86,telephone (86),67.0,False,False
four_coarse_block2_seed1_k20,block2,8,87,television (87),81.0,False,False
four_coarse_block2_seed1_k20,block2,8,88,tiger (88),79.0,False,False
four_coarse_block2_seed1_k20,block2,8,89,tractor (89),85.0,False,False
four_coarse_block2_seed1_k20,block2,8,90,火車 / train (90),85.0,True,False
four_coarse_block2_seed1_k20,block2,8,91,trout (91),78.0,False,False
four_coarse_block2_seed1_k20,block2,8,92,tulip (92),61.0,False,False
four_coarse_block2_seed1_k20,block2,8,93,turtle (93),56.0,False,False
four_coarse_block2_seed1_k20,block2,8,94,wardrobe (94),92.0,False,False
four_coarse_block2_seed1_k20,block2,8,95,whale (95),72.0,False,False
four_coarse_block2_seed1_k20,block2,8,96,willow_tree (96),67.0,False,False
four_coarse_block2_seed1_k20,block2,8,97,wolf (97),75.0,False,False
four_coarse_block2_seed1_k20,block2,8,98,woman (98),51.0,False,False
four_coarse_block2_seed1_k20,block2,8,99,worm (99),70.0,False,False
four_coarse_block2_seed1_k20,block2,9,0,apple (0),89.0,False,False
four_coarse_block2_seed1_k20,block2,9,1,aquarium_fish (1),81.0,False,False
four_coarse_block2_seed1_k20,block2,9,2,baby (2),59.0,False,False
four_coarse_block2_seed1_k20,block2,9,3,bear (3),50.0,False,False
four_coarse_block2_seed1_k20,block2,9,4,beaver (4),59.0,False,False
four_coarse_block2_seed1_k20,block2,9,5,bed (5),77.0,False,False
four_coarse_block2_seed1_k20,block2,9,6,bee (6),78.0,False,False
four_coarse_block2_seed1_k20,block2,9,7,beetle (7),71.0,False,False
four_coarse_block2_seed1_k20,block2,9,8,腳踏車 / bicycle (8),48.0,True,True
four_coarse_block2_seed1_k20,block2,9,9,bottle (9),78.0,False,False
four_coarse_block2_seed1_k20,block2,9,10,bowl (10),46.0,False,False
four_coarse_block2_seed1_k20,block2,9,11,boy (11),47.0,False,False
four_coarse_block2_seed1_k20,block2,9,12,橋 / bridge (12),0.0,True,True
four_coarse_block2_seed1_k20,block2,9,13,公車 / bus (13),0.0,True,True
four_coarse_block2_seed1_k20,block2,9,14,butterfly (14),56.0,False,False
four_coarse_block2_seed1_k20,block2,9,15,駱駝 / camel (15),2.0,True,True
four_coarse_block2_seed1_k20,block2,9,16,can (16),77.0,False,False
four_coarse_block2_seed1_k20,block2,9,17,城堡 / castle (17),0.0,True,True
four_coarse_block2_seed1_k20,block2,9,18,caterpillar (18),62.0,False,False
four_coarse_block2_seed1_k20,block2,9,19,牛 / cattle (19),0.0,True,True
four_coarse_block2_seed1_k20,block2,9,20,chair (20),86.0,False,False
four_coarse_block2_seed1_k20,block2,9,21,黑猩猩 / chimpanzee (21),85.0,True,False
four_coarse_block2_seed1_k20,block2,9,22,clock (22),63.0,False,False
four_coarse_block2_seed1_k20,block2,9,23,雲 / cloud (23),0.0,True,True
four_coarse_block2_seed1_k20,block2,9,24,cockroach (24),79.0,False,False
four_coarse_block2_seed1_k20,block2,9,25,couch (25),61.0,False,False
four_coarse_block2_seed1_k20,block2,9,26,crab (26),64.0,False,False
four_coarse_block2_seed1_k20,block2,9,27,crocodile (27),54.0,False,False
four_coarse_block2_seed1_k20,block2,9,28,cup (28),74.0,False,False
four_coarse_block2_seed1_k20,block2,9,29,dinosaur (29),66.0,False,False
four_coarse_block2_seed1_k20,block2,9,30,dolphin (30),69.0,False,False
four_coarse_block2_seed1_k20,block2,9,31,大象 / elephant (31),70.0,True,False
four_coarse_block2_seed1_k20,block2,9,32,flatfish (32),64.0,False,False
four_coarse_block2_seed1_k20,block2,9,33,森林 / forest (33),0.0,True,True
four_coarse_block2_seed1_k20,block2,9,34,fox (34),73.0,False,False
four_coarse_block2_seed1_k20,block2,9,35,girl (35),50.0,False,False
four_coarse_block2_seed1_k20,block2,9,36,hamster (36),82.0,False,False
four_coarse_block2_seed1_k20,block2,9,37,房子 / house (37),78.0,True,False
four_coarse_block2_seed1_k20,block2,9,38,袋鼠 / kangaroo (38),64.0,True,False
four_coarse_block2_seed1_k20,block2,9,39,keyboard (39),82.0,False,False
four_coarse_block2_seed1_k20,block2,9,40,lamp (40),64.0,False,False
four_coarse_block2_seed1_k20,block2,9,41,lawn_mower (41),89.0,False,False
four_coarse_block2_seed1_k20,block2,9,42,leopard (42),75.0,False,False
four_coarse_block2_seed1_k20,block2,9,43,lion (43),85.0,False,False
four_coarse_block2_seed1_k20,block2,9,44,lizard (44),50.0,False,False
four_coarse_block2_seed1_k20,block2,9,45,lobster (45),62.0,False,False
four_coarse_block2_seed1_k20,block2,9,46,man (46),48.0,False,False
four_coarse_block2_seed1_k20,block2,9,47,maple_tree (47),66.0,False,False
four_coarse_block2_seed1_k20,block2,9,48,摩托車 / motorcycle (48),0.0,True,True
four_coarse_block2_seed1_k20,block2,9,49,山 / mountain (49),86.0,True,False
four_coarse_block2_seed1_k20,block2,9,50,mouse (50),55.0,False,False
four_coarse_block2_seed1_k20,block2,9,51,mushroom (51),73.0,False,False
four_coarse_block2_seed1_k20,block2,9,52,oak_tree (52),66.0,False,False
four_coarse_block2_seed1_k20,block2,9,53,orange (53),89.0,False,False
four_coarse_block2_seed1_k20,block2,9,54,orchid (54),79.0,False,False
four_coarse_block2_seed1_k20,block2,9,55,otter (55),41.0,False,False
four_coarse_block2_seed1_k20,block2,9,56,palm_tree (56),89.0,False,False
four_coarse_block2_seed1_k20,block2,9,57,pear (57),78.0,False,False
four_coarse_block2_seed1_k20,block2,9,58,皮卡車 / pickup_truck (58),89.0,True,False
four_coarse_block2_seed1_k20,block2,9,59,pine_tree (59),68.0,False,False
four_coarse_block2_seed1_k20,block2,9,60,平原 / plain (60),87.0,True,False
four_coarse_block2_seed1_k20,block2,9,61,plate (61),66.0,False,False
four_coarse_block2_seed1_k20,block2,9,62,poppy (62),80.0,False,False
four_coarse_block2_seed1_k20,block2,9,63,porcupine (63),70.0,False,False
four_coarse_block2_seed1_k20,block2,9,64,possum (64),52.0,False,False
four_coarse_block2_seed1_k20,block2,9,65,rabbit (65),58.0,False,False
four_coarse_block2_seed1_k20,block2,9,66,raccoon (66),81.0,False,False
four_coarse_block2_seed1_k20,block2,9,67,ray (67),57.0,False,False
four_coarse_block2_seed1_k20,block2,9,68,道路 / road (68),94.0,True,False
four_coarse_block2_seed1_k20,block2,9,69,rocket (69),80.0,False,False
four_coarse_block2_seed1_k20,block2,9,70,rose (70),72.0,False,False
four_coarse_block2_seed1_k20,block2,9,71,海 / sea (71),86.0,True,False
four_coarse_block2_seed1_k20,block2,9,72,seal (72),44.0,False,False
four_coarse_block2_seed1_k20,block2,9,73,shark (73),58.0,False,False
four_coarse_block2_seed1_k20,block2,9,74,shrew (74),52.0,False,False
four_coarse_block2_seed1_k20,block2,9,75,skunk (75),89.0,False,False
four_coarse_block2_seed1_k20,block2,9,76,摩天大樓 / skyscraper (76),89.0,True,False
four_coarse_block2_seed1_k20,block2,9,77,snail (77),67.0,False,False
four_coarse_block2_seed1_k20,block2,9,78,snake (78),64.0,False,False
four_coarse_block2_seed1_k20,block2,9,79,spider (79),68.0,False,False
four_coarse_block2_seed1_k20,block2,9,80,squirrel (80),56.0,False,False
four_coarse_block2_seed1_k20,block2,9,81,streetcar (81),81.0,False,False
four_coarse_block2_seed1_k20,block2,9,82,sunflower (82),92.0,False,False
four_coarse_block2_seed1_k20,block2,9,83,sweet_pepper (83),68.0,False,False
four_coarse_block2_seed1_k20,block2,9,84,table (84),71.0,False,False
four_coarse_block2_seed1_k20,block2,9,85,tank (85),75.0,False,False
four_coarse_block2_seed1_k20,block2,9,86,telephone (86),67.0,False,False
four_coarse_block2_seed1_k20,block2,9,87,television (87),82.0,False,False
four_coarse_block2_seed1_k20,block2,9,88,tiger (88),78.0,False,False
four_coarse_block2_seed1_k20,block2,9,89,tractor (89),87.0,False,False
four_coarse_block2_seed1_k20,block2,9,90,火車 / train (90),86.0,True,False
four_coarse_block2_seed1_k20,block2,9,91,trout (91),80.0,False,False
four_coarse_block2_seed1_k20,block2,9,92,tulip (92),61.0,False,False
four_coarse_block2_seed1_k20,block2,9,93,turtle (93),57.0,False,False
four_coarse_block2_seed1_k20,block2,9,94,wardrobe (94),92.0,False,False
four_coarse_block2_seed1_k20,block2,9,95,whale (95),72.0,False,False
four_coarse_block2_seed1_k20,block2,9,96,willow_tree (96),62.0,False,False
four_coarse_block2_seed1_k20,block2,9,97,wolf (97),76.0,False,False
four_coarse_block2_seed1_k20,block2,9,98,woman (98),48.0,False,False
four_coarse_block2_seed1_k20,block2,9,99,worm (99),71.0,False,False
four_coarse_block2_seed1_k20,block2,10,0,apple (0),90.0,False,False
four_coarse_block2_seed1_k20,block2,10,1,aquarium_fish (1),80.0,False,False
four_coarse_block2_seed1_k20,block2,10,2,baby (2),60.0,False,False
four_coarse_block2_seed1_k20,block2,10,3,bear (3),56.0,False,False
four_coarse_block2_seed1_k20,block2,10,4,beaver (4),61.0,False,False
four_coarse_block2_seed1_k20,block2,10,5,bed (5),74.0,False,False
four_coarse_block2_seed1_k20,block2,10,6,bee (6),77.0,False,False
four_coarse_block2_seed1_k20,block2,10,7,beetle (7),77.0,False,False
four_coarse_block2_seed1_k20,block2,10,8,腳踏車 / bicycle (8),37.0,True,True
four_coarse_block2_seed1_k20,block2,10,9,bottle (9),79.0,False,False
four_coarse_block2_seed1_k20,block2,10,10,bowl (10),48.0,False,False
four_coarse_block2_seed1_k20,block2,10,11,boy (11),50.0,False,False
four_coarse_block2_seed1_k20,block2,10,12,橋 / bridge (12),0.0,True,True
four_coarse_block2_seed1_k20,block2,10,13,公車 / bus (13),0.0,True,True
four_coarse_block2_seed1_k20,block2,10,14,butterfly (14),58.0,False,False
four_coarse_block2_seed1_k20,block2,10,15,駱駝 / camel (15),2.0,True,True
four_coarse_block2_seed1_k20,block2,10,16,can (16),77.0,False,False
four_coarse_block2_seed1_k20,block2,10,17,城堡 / castle (17),0.0,True,True
four_coarse_block2_seed1_k20,block2,10,18,caterpillar (18),63.0,False,False
four_coarse_block2_seed1_k20,block2,10,19,牛 / cattle (19),0.0,True,True
four_coarse_block2_seed1_k20,block2,10,20,chair (20),86.0,False,False
four_coarse_block2_seed1_k20,block2,10,21,黑猩猩 / chimpanzee (21),85.0,True,False
four_coarse_block2_seed1_k20,block2,10,22,clock (22),67.0,False,False
four_coarse_block2_seed1_k20,block2,10,23,雲 / cloud (23),0.0,True,True
four_coarse_block2_seed1_k20,block2,10,24,cockroach (24),82.0,False,False
four_coarse_block2_seed1_k20,block2,10,25,couch (25),57.0,False,False
four_coarse_block2_seed1_k20,block2,10,26,crab (26),65.0,False,False
four_coarse_block2_seed1_k20,block2,10,27,crocodile (27),54.0,False,False
four_coarse_block2_seed1_k20,block2,10,28,cup (28),73.0,False,False
four_coarse_block2_seed1_k20,block2,10,29,dinosaur (29),69.0,False,False
four_coarse_block2_seed1_k20,block2,10,30,dolphin (30),69.0,False,False
four_coarse_block2_seed1_k20,block2,10,31,大象 / elephant (31),71.0,True,False
four_coarse_block2_seed1_k20,block2,10,32,flatfish (32),64.0,False,False
four_coarse_block2_seed1_k20,block2,10,33,森林 / forest (33),0.0,True,True
four_coarse_block2_seed1_k20,block2,10,34,fox (34),74.0,False,False
four_coarse_block2_seed1_k20,block2,10,35,girl (35),51.0,False,False
four_coarse_block2_seed1_k20,block2,10,36,hamster (36),84.0,False,False
four_coarse_block2_seed1_k20,block2,10,37,房子 / house (37),76.0,True,False
four_coarse_block2_seed1_k20,block2,10,38,袋鼠 / kangaroo (38),64.0,True,False
four_coarse_block2_seed1_k20,block2,10,39,keyboard (39),80.0,False,False
four_coarse_block2_seed1_k20,block2,10,40,lamp (40),65.0,False,False
four_coarse_block2_seed1_k20,block2,10,41,lawn_mower (41),88.0,False,False
four_coarse_block2_seed1_k20,block2,10,42,leopard (42),73.0,False,False
four_coarse_block2_seed1_k20,block2,10,43,lion (43),86.0,False,False
four_coarse_block2_seed1_k20,block2,10,44,lizard (44),47.0,False,False
four_coarse_block2_seed1_k20,block2,10,45,lobster (45),66.0,False,False
four_coarse_block2_seed1_k20,block2,10,46,man (46),50.0,False,False
four_coarse_block2_seed1_k20,block2,10,47,maple_tree (47),65.0,False,False
four_coarse_block2_seed1_k20,block2,10,48,摩托車 / motorcycle (48),0.0,True,True
four_coarse_block2_seed1_k20,block2,10,49,山 / mountain (49),84.0,True,False
four_coarse_block2_seed1_k20,block2,10,50,mouse (50),53.0,False,False
four_coarse_block2_seed1_k20,block2,10,51,mushroom (51),72.0,False,False
four_coarse_block2_seed1_k20,block2,10,52,oak_tree (52),65.0,False,False
four_coarse_block2_seed1_k20,block2,10,53,orange (53),89.0,False,False
four_coarse_block2_seed1_k20,block2,10,54,orchid (54),80.0,False,False
four_coarse_block2_seed1_k20,block2,10,55,otter (55),43.0,False,False
four_coarse_block2_seed1_k20,block2,10,56,palm_tree (56),89.0,False,False
four_coarse_block2_seed1_k20,block2,10,57,pear (57),77.0,False,False
four_coarse_block2_seed1_k20,block2,10,58,皮卡車 / pickup_truck (58),0.0,True,True
four_coarse_block2_seed1_k20,block2,10,59,pine_tree (59),67.0,False,False
four_coarse_block2_seed1_k20,block2,10,60,平原 / plain (60),85.0,True,False
four_coarse_block2_seed1_k20,block2,10,61,plate (61),63.0,False,False
four_coarse_block2_seed1_k20,block2,10,62,poppy (62),80.0,False,False
four_coarse_block2_seed1_k20,block2,10,63,porcupine (63),69.0,False,False
four_coarse_block2_seed1_k20,block2,10,64,possum (64),51.0,False,False
four_coarse_block2_seed1_k20,block2,10,65,rabbit (65),59.0,False,False
four_coarse_block2_seed1_k20,block2,10,66,raccoon (66),81.0,False,False
four_coarse_block2_seed1_k20,block2,10,67,ray (67),59.0,False,False
four_coarse_block2_seed1_k20,block2,10,68,道路 / road (68),95.0,True,False
four_coarse_block2_seed1_k20,block2,10,69,rocket (69),82.0,False,False
four_coarse_block2_seed1_k20,block2,10,70,rose (70),71.0,False,False
four_coarse_block2_seed1_k20,block2,10,71,海 / sea (71),87.0,True,False
four_coarse_block2_seed1_k20,block2,10,72,seal (72),42.0,False,False
four_coarse_block2_seed1_k20,block2,10,73,shark (73),60.0,False,False
four_coarse_block2_seed1_k20,block2,10,74,shrew (74),49.0,False,False
four_coarse_block2_seed1_k20,block2,10,75,skunk (75),90.0,False,False
four_coarse_block2_seed1_k20,block2,10,76,摩天大樓 / skyscraper (76),90.0,True,False
four_coarse_block2_seed1_k20,block2,10,77,snail (77),69.0,False,False
four_coarse_block2_seed1_k20,block2,10,78,snake (78),63.0,False,False
four_coarse_block2_seed1_k20,block2,10,79,spider (79),73.0,False,False
four_coarse_block2_seed1_k20,block2,10,80,squirrel (80),56.0,False,False
four_coarse_block2_seed1_k20,block2,10,81,streetcar (81),80.0,False,False
four_coarse_block2_seed1_k20,block2,10,82,sunflower (82),91.0,False,False
four_coarse_block2_seed1_k20,block2,10,83,sweet_pepper (83),69.0,False,False
four_coarse_block2_seed1_k20,block2,10,84,table (84),70.0,False,False
four_coarse_block2_seed1_k20,block2,10,85,tank (85),75.0,False,False
four_coarse_block2_seed1_k20,block2,10,86,telephone (86),66.0,False,False
four_coarse_block2_seed1_k20,block2,10,87,television (87),84.0,False,False
four_coarse_block2_seed1_k20,block2,10,88,tiger (88),79.0,False,False
four_coarse_block2_seed1_k20,block2,10,89,tractor (89),88.0,False,False
four_coarse_block2_seed1_k20,block2,10,90,火車 / train (90),86.0,True,False
four_coarse_block2_seed1_k20,block2,10,91,trout (91),79.0,False,False
four_coarse_block2_seed1_k20,block2,10,92,tulip (92),59.0,False,False
four_coarse_block2_seed1_k20,block2,10,93,turtle (93),56.0,False,False
four_coarse_block2_seed1_k20,block2,10,94,wardrobe (94),91.0,False,False
four_coarse_block2_seed1_k20,block2,10,95,whale (95),73.0,False,False
four_coarse_block2_seed1_k20,block2,10,96,willow_tree (96),66.0,False,False
four_coarse_block2_seed1_k20,block2,10,97,wolf (97),80.0,False,False
four_coarse_block2_seed1_k20,block2,10,98,woman (98),47.0,False,False
four_coarse_block2_seed1_k20,block2,10,99,worm (99),71.0,False,False
four_coarse_block2_seed1_k20,block2,11,0,apple (0),89.0,False,False
four_coarse_block2_seed1_k20,block2,11,1,aquarium_fish (1),80.0,False,False
four_coarse_block2_seed1_k20,block2,11,2,baby (2),58.0,False,False
four_coarse_block2_seed1_k20,block2,11,3,bear (3),55.0,False,False
four_coarse_block2_seed1_k20,block2,11,4,beaver (4),61.0,False,False
four_coarse_block2_seed1_k20,block2,11,5,bed (5),71.0,False,False
four_coarse_block2_seed1_k20,block2,11,6,bee (6),80.0,False,False
four_coarse_block2_seed1_k20,block2,11,7,beetle (7),74.0,False,False
four_coarse_block2_seed1_k20,block2,11,8,腳踏車 / bicycle (8),42.0,True,True
four_coarse_block2_seed1_k20,block2,11,9,bottle (9),78.0,False,False
four_coarse_block2_seed1_k20,block2,11,10,bowl (10),48.0,False,False
four_coarse_block2_seed1_k20,block2,11,11,boy (11),50.0,False,False
four_coarse_block2_seed1_k20,block2,11,12,橋 / bridge (12),0.0,True,True
four_coarse_block2_seed1_k20,block2,11,13,公車 / bus (13),0.0,True,True
four_coarse_block2_seed1_k20,block2,11,14,butterfly (14),54.0,False,False
four_coarse_block2_seed1_k20,block2,11,15,駱駝 / camel (15),2.0,True,True
four_coarse_block2_seed1_k20,block2,11,16,can (16),76.0,False,False
four_coarse_block2_seed1_k20,block2,11,17,城堡 / castle (17),0.0,True,True
four_coarse_block2_seed1_k20,block2,11,18,caterpillar (18),65.0,False,False
four_coarse_block2_seed1_k20,block2,11,19,牛 / cattle (19),0.0,True,True
four_coarse_block2_seed1_k20,block2,11,20,chair (20),87.0,False,False
four_coarse_block2_seed1_k20,block2,11,21,黑猩猩 / chimpanzee (21),85.0,True,False
four_coarse_block2_seed1_k20,block2,11,22,clock (22),68.0,False,False
four_coarse_block2_seed1_k20,block2,11,23,雲 / cloud (23),0.0,True,True
four_coarse_block2_seed1_k20,block2,11,24,cockroach (24),81.0,False,False
four_coarse_block2_seed1_k20,block2,11,25,couch (25),59.0,False,False
four_coarse_block2_seed1_k20,block2,11,26,crab (26),62.0,False,False
four_coarse_block2_seed1_k20,block2,11,27,crocodile (27),54.0,False,False
four_coarse_block2_seed1_k20,block2,11,28,cup (28),76.0,False,False
four_coarse_block2_seed1_k20,block2,11,29,dinosaur (29),68.0,False,False
four_coarse_block2_seed1_k20,block2,11,30,dolphin (30),70.0,False,False
four_coarse_block2_seed1_k20,block2,11,31,大象 / elephant (31),71.0,True,False
four_coarse_block2_seed1_k20,block2,11,32,flatfish (32),64.0,False,False
four_coarse_block2_seed1_k20,block2,11,33,森林 / forest (33),1.0,True,True
four_coarse_block2_seed1_k20,block2,11,34,fox (34),76.0,False,False
four_coarse_block2_seed1_k20,block2,11,35,girl (35),52.0,False,False
four_coarse_block2_seed1_k20,block2,11,36,hamster (36),81.0,False,False
four_coarse_block2_seed1_k20,block2,11,37,房子 / house (37),76.0,True,False
four_coarse_block2_seed1_k20,block2,11,38,袋鼠 / kangaroo (38),65.0,True,False
four_coarse_block2_seed1_k20,block2,11,39,keyboard (39),82.0,False,False
four_coarse_block2_seed1_k20,block2,11,40,lamp (40),64.0,False,False
four_coarse_block2_seed1_k20,block2,11,41,lawn_mower (41),85.0,False,False
four_coarse_block2_seed1_k20,block2,11,42,leopard (42),73.0,False,False
four_coarse_block2_seed1_k20,block2,11,43,lion (43),87.0,False,False
four_coarse_block2_seed1_k20,block2,11,44,lizard (44),48.0,False,False
four_coarse_block2_seed1_k20,block2,11,45,lobster (45),66.0,False,False
four_coarse_block2_seed1_k20,block2,11,46,man (46),49.0,False,False
four_coarse_block2_seed1_k20,block2,11,47,maple_tree (47),64.0,False,False
four_coarse_block2_seed1_k20,block2,11,48,摩托車 / motorcycle (48),0.0,True,True
four_coarse_block2_seed1_k20,block2,11,49,山 / mountain (49),0.0,True,True
four_coarse_block2_seed1_k20,block2,11,50,mouse (50),52.0,False,False
four_coarse_block2_seed1_k20,block2,11,51,mushroom (51),73.0,False,False
four_coarse_block2_seed1_k20,block2,11,52,oak_tree (52),65.0,False,False
four_coarse_block2_seed1_k20,block2,11,53,orange (53),89.0,False,False
four_coarse_block2_seed1_k20,block2,11,54,orchid (54),80.0,False,False
four_coarse_block2_seed1_k20,block2,11,55,otter (55),43.0,False,False
four_coarse_block2_seed1_k20,block2,11,56,palm_tree (56),86.0,False,False
four_coarse_block2_seed1_k20,block2,11,57,pear (57),78.0,False,False
four_coarse_block2_seed1_k20,block2,11,58,皮卡車 / pickup_truck (58),0.0,True,True
four_coarse_block2_seed1_k20,block2,11,59,pine_tree (59),71.0,False,False
four_coarse_block2_seed1_k20,block2,11,60,平原 / plain (60),86.0,True,False
four_coarse_block2_seed1_k20,block2,11,61,plate (61),65.0,False,False
four_coarse_block2_seed1_k20,block2,11,62,poppy (62),81.0,False,False
four_coarse_block2_seed1_k20,block2,11,63,porcupine (63),70.0,False,False
four_coarse_block2_seed1_k20,block2,11,64,possum (64),53.0,False,False
four_coarse_block2_seed1_k20,block2,11,65,rabbit (65),58.0,False,False
four_coarse_block2_seed1_k20,block2,11,66,raccoon (66),80.0,False,False
four_coarse_block2_seed1_k20,block2,11,67,ray (67),56.0,False,False
four_coarse_block2_seed1_k20,block2,11,68,道路 / road (68),95.0,True,False
four_coarse_block2_seed1_k20,block2,11,69,rocket (69),82.0,False,False
four_coarse_block2_seed1_k20,block2,11,70,rose (70),71.0,False,False
four_coarse_block2_seed1_k20,block2,11,71,海 / sea (71),86.0,True,False
four_coarse_block2_seed1_k20,block2,11,72,seal (72),40.0,False,False
four_coarse_block2_seed1_k20,block2,11,73,shark (73),55.0,False,False
four_coarse_block2_seed1_k20,block2,11,74,shrew (74),47.0,False,False
four_coarse_block2_seed1_k20,block2,11,75,skunk (75),89.0,False,False
four_coarse_block2_seed1_k20,block2,11,76,摩天大樓 / skyscraper (76),89.0,True,False
four_coarse_block2_seed1_k20,block2,11,77,snail (77),65.0,False,False
four_coarse_block2_seed1_k20,block2,11,78,snake (78),67.0,False,False
four_coarse_block2_seed1_k20,block2,11,79,spider (79),72.0,False,False
four_coarse_block2_seed1_k20,block2,11,80,squirrel (80),55.0,False,False
four_coarse_block2_seed1_k20,block2,11,81,streetcar (81),79.0,False,False
four_coarse_block2_seed1_k20,block2,11,82,sunflower (82),91.0,False,False
four_coarse_block2_seed1_k20,block2,11,83,sweet_pepper (83),67.0,False,False
four_coarse_block2_seed1_k20,block2,11,84,table (84),71.0,False,False
four_coarse_block2_seed1_k20,block2,11,85,tank (85),77.0,False,False
four_coarse_block2_seed1_k20,block2,11,86,telephone (86),66.0,False,False
four_coarse_block2_seed1_k20,block2,11,87,television (87),80.0,False,False
four_coarse_block2_seed1_k20,block2,11,88,tiger (88),78.0,False,False
four_coarse_block2_seed1_k20,block2,11,89,tractor (89),88.0,False,False
four_coarse_block2_seed1_k20,block2,11,90,火車 / train (90),87.0,True,False
four_coarse_block2_seed1_k20,block2,11,91,trout (91),78.0,False,False
four_coarse_block2_seed1_k20,block2,11,92,tulip (92),59.0,False,False
four_coarse_block2_seed1_k20,block2,11,93,turtle (93),55.0,False,False
four_coarse_block2_seed1_k20,block2,11,94,wardrobe (94),93.0,False,False
four_coarse_block2_seed1_k20,block2,11,95,whale (95),73.0,False,False
four_coarse_block2_seed1_k20,block2,11,96,willow_tree (96),66.0,False,False
four_coarse_block2_seed1_k20,block2,11,97,wolf (97),77.0,False,False
four_coarse_block2_seed1_k20,block2,11,98,woman (98),49.0,False,False
four_coarse_block2_seed1_k20,block2,11,99,worm (99),70.0,False,False
four_coarse_block2_seed1_k20,block2,12,0,apple (0),90.0,False,False
four_coarse_block2_seed1_k20,block2,12,1,aquarium_fish (1),82.0,False,False
four_coarse_block2_seed1_k20,block2,12,2,baby (2),61.0,False,False
four_coarse_block2_seed1_k20,block2,12,3,bear (3),55.0,False,False
four_coarse_block2_seed1_k20,block2,12,4,beaver (4),64.0,False,False
four_coarse_block2_seed1_k20,block2,12,5,bed (5),75.0,False,False
four_coarse_block2_seed1_k20,block2,12,6,bee (6),78.0,False,False
four_coarse_block2_seed1_k20,block2,12,7,beetle (7),74.0,False,False
four_coarse_block2_seed1_k20,block2,12,8,腳踏車 / bicycle (8),38.0,True,True
four_coarse_block2_seed1_k20,block2,12,9,bottle (9),78.0,False,False
four_coarse_block2_seed1_k20,block2,12,10,bowl (10),46.0,False,False
four_coarse_block2_seed1_k20,block2,12,11,boy (11),50.0,False,False
four_coarse_block2_seed1_k20,block2,12,12,橋 / bridge (12),0.0,True,True
four_coarse_block2_seed1_k20,block2,12,13,公車 / bus (13),0.0,True,True
four_coarse_block2_seed1_k20,block2,12,14,butterfly (14),58.0,False,False
four_coarse_block2_seed1_k20,block2,12,15,駱駝 / camel (15),3.0,True,True
four_coarse_block2_seed1_k20,block2,12,16,can (16),76.0,False,False
four_coarse_block2_seed1_k20,block2,12,17,城堡 / castle (17),0.0,True,True
four_coarse_block2_seed1_k20,block2,12,18,caterpillar (18),67.0,False,False
four_coarse_block2_seed1_k20,block2,12,19,牛 / cattle (19),0.0,True,True
four_coarse_block2_seed1_k20,block2,12,20,chair (20),86.0,False,False
four_coarse_block2_seed1_k20,block2,12,21,黑猩猩 / chimpanzee (21),88.0,True,False
four_coarse_block2_seed1_k20,block2,12,22,clock (22),69.0,False,False
four_coarse_block2_seed1_k20,block2,12,23,雲 / cloud (23),0.0,True,True
four_coarse_block2_seed1_k20,block2,12,24,cockroach (24),82.0,False,False
four_coarse_block2_seed1_k20,block2,12,25,couch (25),60.0,False,False
four_coarse_block2_seed1_k20,block2,12,26,crab (26),62.0,False,False
four_coarse_block2_seed1_k20,block2,12,27,crocodile (27),54.0,False,False
four_coarse_block2_seed1_k20,block2,12,28,cup (28),77.0,False,False
four_coarse_block2_seed1_k20,block2,12,29,dinosaur (29),65.0,False,False
four_coarse_block2_seed1_k20,block2,12,30,dolphin (30),70.0,False,False
four_coarse_block2_seed1_k20,block2,12,31,大象 / elephant (31),70.0,True,False
four_coarse_block2_seed1_k20,block2,12,32,flatfish (32),61.0,False,False
four_coarse_block2_seed1_k20,block2,12,33,森林 / forest (33),1.0,True,True
four_coarse_block2_seed1_k20,block2,12,34,fox (34),76.0,False,False
four_coarse_block2_seed1_k20,block2,12,35,girl (35),48.0,False,False
four_coarse_block2_seed1_k20,block2,12,36,hamster (36),82.0,False,False
four_coarse_block2_seed1_k20,block2,12,37,房子 / house (37),78.0,True,False
four_coarse_block2_seed1_k20,block2,12,38,袋鼠 / kangaroo (38),65.0,True,False
four_coarse_block2_seed1_k20,block2,12,39,keyboard (39),82.0,False,False
four_coarse_block2_seed1_k20,block2,12,40,lamp (40),63.0,False,False
four_coarse_block2_seed1_k20,block2,12,41,lawn_mower (41),86.0,False,False
four_coarse_block2_seed1_k20,block2,12,42,leopard (42),72.0,False,False
four_coarse_block2_seed1_k20,block2,12,43,lion (43),84.0,False,False
four_coarse_block2_seed1_k20,block2,12,44,lizard (44),45.0,False,False
four_coarse_block2_seed1_k20,block2,12,45,lobster (45),65.0,False,False
four_coarse_block2_seed1_k20,block2,12,46,man (46),48.0,False,False
four_coarse_block2_seed1_k20,block2,12,47,maple_tree (47),66.0,False,False
four_coarse_block2_seed1_k20,block2,12,48,摩托車 / motorcycle (48),0.0,True,True
four_coarse_block2_seed1_k20,block2,12,49,山 / mountain (49),0.0,True,True
four_coarse_block2_seed1_k20,block2,12,50,mouse (50),52.0,False,False
four_coarse_block2_seed1_k20,block2,12,51,mushroom (51),74.0,False,False
four_coarse_block2_seed1_k20,block2,12,52,oak_tree (52),64.0,False,False
four_coarse_block2_seed1_k20,block2,12,53,orange (53),88.0,False,False
four_coarse_block2_seed1_k20,block2,12,54,orchid (54),81.0,False,False
four_coarse_block2_seed1_k20,block2,12,55,otter (55),44.0,False,False
four_coarse_block2_seed1_k20,block2,12,56,palm_tree (56),88.0,False,False
four_coarse_block2_seed1_k20,block2,12,57,pear (57),78.0,False,False
four_coarse_block2_seed1_k20,block2,12,58,皮卡車 / pickup_truck (58),0.0,True,True
four_coarse_block2_seed1_k20,block2,12,59,pine_tree (59),73.0,False,False
four_coarse_block2_seed1_k20,block2,12,60,平原 / plain (60),0.0,True,True
four_coarse_block2_seed1_k20,block2,12,61,plate (61),67.0,False,False
four_coarse_block2_seed1_k20,block2,12,62,poppy (62),82.0,False,False
four_coarse_block2_seed1_k20,block2,12,63,porcupine (63),68.0,False,False
four_coarse_block2_seed1_k20,block2,12,64,possum (64),53.0,False,False
four_coarse_block2_seed1_k20,block2,12,65,rabbit (65),58.0,False,False
four_coarse_block2_seed1_k20,block2,12,66,raccoon (66),80.0,False,False
four_coarse_block2_seed1_k20,block2,12,67,ray (67),57.0,False,False
four_coarse_block2_seed1_k20,block2,12,68,道路 / road (68),94.0,True,False
four_coarse_block2_seed1_k20,block2,12,69,rocket (69),82.0,False,False
four_coarse_block2_seed1_k20,block2,12,70,rose (70),72.0,False,False
four_coarse_block2_seed1_k20,block2,12,71,海 / sea (71),88.0,True,False
four_coarse_block2_seed1_k20,block2,12,72,seal (72),42.0,False,False
four_coarse_block2_seed1_k20,block2,12,73,shark (73),58.0,False,False
four_coarse_block2_seed1_k20,block2,12,74,shrew (74),46.0,False,False
four_coarse_block2_seed1_k20,block2,12,75,skunk (75),90.0,False,False
four_coarse_block2_seed1_k20,block2,12,76,摩天大樓 / skyscraper (76),90.0,True,False
four_coarse_block2_seed1_k20,block2,12,77,snail (77),65.0,False,False
four_coarse_block2_seed1_k20,block2,12,78,snake (78),66.0,False,False
four_coarse_block2_seed1_k20,block2,12,79,spider (79),72.0,False,False
four_coarse_block2_seed1_k20,block2,12,80,squirrel (80),60.0,False,False
four_coarse_block2_seed1_k20,block2,12,81,streetcar (81),80.0,False,False
four_coarse_block2_seed1_k20,block2,12,82,sunflower (82),92.0,False,False
four_coarse_block2_seed1_k20,block2,12,83,sweet_pepper (83),67.0,False,False
four_coarse_block2_seed1_k20,block2,12,84,table (84),70.0,False,False
four_coarse_block2_seed1_k20,block2,12,85,tank (85),76.0,False,False
four_coarse_block2_seed1_k20,block2,12,86,telephone (86),67.0,False,False
four_coarse_block2_seed1_k20,block2,12,87,television (87),82.0,False,False
four_coarse_block2_seed1_k20,block2,12,88,tiger (88),78.0,False,False
four_coarse_block2_seed1_k20,block2,12,89,tractor (89),89.0,False,False
four_coarse_block2_seed1_k20,block2,12,90,火車 / train (90),87.0,True,False
four_coarse_block2_seed1_k20,block2,12,91,trout (91),78.0,False,False
four_coarse_block2_seed1_k20,block2,12,92,tulip (92),60.0,False,False
four_coarse_block2_seed1_k20,block2,12,93,turtle (93),59.0,False,False
four_coarse_block2_seed1_k20,block2,12,94,wardrobe (94),93.0,False,False
four_coarse_block2_seed1_k20,block2,12,95,whale (95),74.0,False,False
four_coarse_block2_seed1_k20,block2,12,96,willow_tree (96),70.0,False,False
four_coarse_block2_seed1_k20,block2,12,97,wolf (97),78.0,False,False
four_coarse_block2_seed1_k20,block2,12,98,woman (98),46.0,False,False
four_coarse_block2_seed1_k20,block2,12,99,worm (99),70.0,False,False
four_coarse_block2_seed1_k20,block2,13,0,apple (0),89.0,False,False
four_coarse_block2_seed1_k20,block2,13,1,aquarium_fish (1),81.0,False,False
four_coarse_block2_seed1_k20,block2,13,2,baby (2),53.0,False,False
four_coarse_block2_seed1_k20,block2,13,3,bear (3),58.0,False,False
four_coarse_block2_seed1_k20,block2,13,4,beaver (4),64.0,False,False
four_coarse_block2_seed1_k20,block2,13,5,bed (5),71.0,False,False
four_coarse_block2_seed1_k20,block2,13,6,bee (6),80.0,False,False
four_coarse_block2_seed1_k20,block2,13,7,beetle (7),74.0,False,False
four_coarse_block2_seed1_k20,block2,13,8,腳踏車 / bicycle (8),27.0,True,True
four_coarse_block2_seed1_k20,block2,13,9,bottle (9),77.0,False,False
four_coarse_block2_seed1_k20,block2,13,10,bowl (10),43.0,False,False
four_coarse_block2_seed1_k20,block2,13,11,boy (11),49.0,False,False
four_coarse_block2_seed1_k20,block2,13,12,橋 / bridge (12),0.0,True,True
four_coarse_block2_seed1_k20,block2,13,13,公車 / bus (13),0.0,True,True
four_coarse_block2_seed1_k20,block2,13,14,butterfly (14),56.0,False,False
four_coarse_block2_seed1_k20,block2,13,15,駱駝 / camel (15),4.0,True,True
four_coarse_block2_seed1_k20,block2,13,16,can (16),80.0,False,False
four_coarse_block2_seed1_k20,block2,13,17,城堡 / castle (17),0.0,True,True
four_coarse_block2_seed1_k20,block2,13,18,caterpillar (18),66.0,False,False
four_coarse_block2_seed1_k20,block2,13,19,牛 / cattle (19),1.0,True,True
four_coarse_block2_seed1_k20,block2,13,20,chair (20),87.0,False,False
four_coarse_block2_seed1_k20,block2,13,21,黑猩猩 / chimpanzee (21),0.0,True,True
four_coarse_block2_seed1_k20,block2,13,22,clock (22),69.0,False,False
four_coarse_block2_seed1_k20,block2,13,23,雲 / cloud (23),0.0,True,True
four_coarse_block2_seed1_k20,block2,13,24,cockroach (24),83.0,False,False
four_coarse_block2_seed1_k20,block2,13,25,couch (25),59.0,False,False
four_coarse_block2_seed1_k20,block2,13,26,crab (26),66.0,False,False
four_coarse_block2_seed1_k20,block2,13,27,crocodile (27),56.0,False,False
four_coarse_block2_seed1_k20,block2,13,28,cup (28),76.0,False,False
four_coarse_block2_seed1_k20,block2,13,29,dinosaur (29),70.0,False,False
four_coarse_block2_seed1_k20,block2,13,30,dolphin (30),68.0,False,False
four_coarse_block2_seed1_k20,block2,13,31,大象 / elephant (31),74.0,True,False
four_coarse_block2_seed1_k20,block2,13,32,flatfish (32),61.0,False,False
four_coarse_block2_seed1_k20,block2,13,33,森林 / forest (33),1.0,True,True
four_coarse_block2_seed1_k20,block2,13,34,fox (34),74.0,False,False
four_coarse_block2_seed1_k20,block2,13,35,girl (35),45.0,False,False
four_coarse_block2_seed1_k20,block2,13,36,hamster (36),82.0,False,False
four_coarse_block2_seed1_k20,block2,13,37,房子 / house (37),77.0,True,False
four_coarse_block2_seed1_k20,block2,13,38,袋鼠 / kangaroo (38),62.0,True,False
four_coarse_block2_seed1_k20,block2,13,39,keyboard (39),82.0,False,False
four_coarse_block2_seed1_k20,block2,13,40,lamp (40),60.0,False,False
four_coarse_block2_seed1_k20,block2,13,41,lawn_mower (41),87.0,False,False
four_coarse_block2_seed1_k20,block2,13,42,leopard (42),74.0,False,False
four_coarse_block2_seed1_k20,block2,13,43,lion (43),86.0,False,False
four_coarse_block2_seed1_k20,block2,13,44,lizard (44),47.0,False,False
four_coarse_block2_seed1_k20,block2,13,45,lobster (45),67.0,False,False
four_coarse_block2_seed1_k20,block2,13,46,man (46),48.0,False,False
four_coarse_block2_seed1_k20,block2,13,47,maple_tree (47),64.0,False,False
four_coarse_block2_seed1_k20,block2,13,48,摩托車 / motorcycle (48),0.0,True,True
four_coarse_block2_seed1_k20,block2,13,49,山 / mountain (49),0.0,True,True
four_coarse_block2_seed1_k20,block2,13,50,mouse (50),55.0,False,False
four_coarse_block2_seed1_k20,block2,13,51,mushroom (51),71.0,False,False
four_coarse_block2_seed1_k20,block2,13,52,oak_tree (52),63.0,False,False
four_coarse_block2_seed1_k20,block2,13,53,orange (53),89.0,False,False
four_coarse_block2_seed1_k20,block2,13,54,orchid (54),80.0,False,False
four_coarse_block2_seed1_k20,block2,13,55,otter (55),45.0,False,False
four_coarse_block2_seed1_k20,block2,13,56,palm_tree (56),89.0,False,False
four_coarse_block2_seed1_k20,block2,13,57,pear (57),78.0,False,False
four_coarse_block2_seed1_k20,block2,13,58,皮卡車 / pickup_truck (58),0.0,True,True
four_coarse_block2_seed1_k20,block2,13,59,pine_tree (59),70.0,False,False
four_coarse_block2_seed1_k20,block2,13,60,平原 / plain (60),0.0,True,True
four_coarse_block2_seed1_k20,block2,13,61,plate (61),68.0,False,False
four_coarse_block2_seed1_k20,block2,13,62,poppy (62),79.0,False,False
four_coarse_block2_seed1_k20,block2,13,63,porcupine (63),66.0,False,False
four_coarse_block2_seed1_k20,block2,13,64,possum (64),51.0,False,False
four_coarse_block2_seed1_k20,block2,13,65,rabbit (65),60.0,False,False
four_coarse_block2_seed1_k20,block2,13,66,raccoon (66),81.0,False,False
four_coarse_block2_seed1_k20,block2,13,67,ray (67),57.0,False,False
four_coarse_block2_seed1_k20,block2,13,68,道路 / road (68),97.0,True,False
four_coarse_block2_seed1_k20,block2,13,69,rocket (69),81.0,False,False
four_coarse_block2_seed1_k20,block2,13,70,rose (70),73.0,False,False
four_coarse_block2_seed1_k20,block2,13,71,海 / sea (71),94.0,True,False
four_coarse_block2_seed1_k20,block2,13,72,seal (72),43.0,False,False
four_coarse_block2_seed1_k20,block2,13,73,shark (73),58.0,False,False
four_coarse_block2_seed1_k20,block2,13,74,shrew (74),48.0,False,False
four_coarse_block2_seed1_k20,block2,13,75,skunk (75),88.0,False,False
four_coarse_block2_seed1_k20,block2,13,76,摩天大樓 / skyscraper (76),92.0,True,False
four_coarse_block2_seed1_k20,block2,13,77,snail (77),65.0,False,False
four_coarse_block2_seed1_k20,block2,13,78,snake (78),62.0,False,False
four_coarse_block2_seed1_k20,block2,13,79,spider (79),71.0,False,False
four_coarse_block2_seed1_k20,block2,13,80,squirrel (80),61.0,False,False
four_coarse_block2_seed1_k20,block2,13,81,streetcar (81),78.0,False,False
four_coarse_block2_seed1_k20,block2,13,82,sunflower (82),91.0,False,False
four_coarse_block2_seed1_k20,block2,13,83,sweet_pepper (83),69.0,False,False
four_coarse_block2_seed1_k20,block2,13,84,table (84),72.0,False,False
four_coarse_block2_seed1_k20,block2,13,85,tank (85),78.0,False,False
four_coarse_block2_seed1_k20,block2,13,86,telephone (86),66.0,False,False
four_coarse_block2_seed1_k20,block2,13,87,television (87),81.0,False,False
four_coarse_block2_seed1_k20,block2,13,88,tiger (88),79.0,False,False
four_coarse_block2_seed1_k20,block2,13,89,tractor (89),88.0,False,False
four_coarse_block2_seed1_k20,block2,13,90,火車 / train (90),90.0,True,False
four_coarse_block2_seed1_k20,block2,13,91,trout (91),77.0,False,False
four_coarse_block2_seed1_k20,block2,13,92,tulip (92),60.0,False,False
four_coarse_block2_seed1_k20,block2,13,93,turtle (93),55.0,False,False
four_coarse_block2_seed1_k20,block2,13,94,wardrobe (94),92.0,False,False
four_coarse_block2_seed1_k20,block2,13,95,whale (95),73.0,False,False
four_coarse_block2_seed1_k20,block2,13,96,willow_tree (96),69.0,False,False
four_coarse_block2_seed1_k20,block2,13,97,wolf (97),77.0,False,False
four_coarse_block2_seed1_k20,block2,13,98,woman (98),60.0,False,False
four_coarse_block2_seed1_k20,block2,13,99,worm (99),70.0,False,False
four_coarse_block2_seed1_k20,block2,14,0,apple (0),88.0,False,False
four_coarse_block2_seed1_k20,block2,14,1,aquarium_fish (1),80.0,False,False
four_coarse_block2_seed1_k20,block2,14,2,baby (2),57.0,False,False
four_coarse_block2_seed1_k20,block2,14,3,bear (3),63.0,False,False
four_coarse_block2_seed1_k20,block2,14,4,beaver (4),61.0,False,False
four_coarse_block2_seed1_k20,block2,14,5,bed (5),75.0,False,False
four_coarse_block2_seed1_k20,block2,14,6,bee (6),79.0,False,False
four_coarse_block2_seed1_k20,block2,14,7,beetle (7),77.0,False,False
four_coarse_block2_seed1_k20,block2,14,8,腳踏車 / bicycle (8),26.0,True,True
four_coarse_block2_seed1_k20,block2,14,9,bottle (9),78.0,False,False
four_coarse_block2_seed1_k20,block2,14,10,bowl (10),47.0,False,False
four_coarse_block2_seed1_k20,block2,14,11,boy (11),49.0,False,False
four_coarse_block2_seed1_k20,block2,14,12,橋 / bridge (12),0.0,True,True
four_coarse_block2_seed1_k20,block2,14,13,公車 / bus (13),0.0,True,True
four_coarse_block2_seed1_k20,block2,14,14,butterfly (14),55.0,False,False
four_coarse_block2_seed1_k20,block2,14,15,駱駝 / camel (15),1.0,True,True
four_coarse_block2_seed1_k20,block2,14,16,can (16),76.0,False,False
four_coarse_block2_seed1_k20,block2,14,17,城堡 / castle (17),0.0,True,True
four_coarse_block2_seed1_k20,block2,14,18,caterpillar (18),67.0,False,False
four_coarse_block2_seed1_k20,block2,14,19,牛 / cattle (19),0.0,True,True
four_coarse_block2_seed1_k20,block2,14,20,chair (20),87.0,False,False
four_coarse_block2_seed1_k20,block2,14,21,黑猩猩 / chimpanzee (21),0.0,True,True
four_coarse_block2_seed1_k20,block2,14,22,clock (22),66.0,False,False
four_coarse_block2_seed1_k20,block2,14,23,雲 / cloud (23),0.0,True,True
four_coarse_block2_seed1_k20,block2,14,24,cockroach (24),80.0,False,False
four_coarse_block2_seed1_k20,block2,14,25,couch (25),64.0,False,False
four_coarse_block2_seed1_k20,block2,14,26,crab (26),65.0,False,False
four_coarse_block2_seed1_k20,block2,14,27,crocodile (27),57.0,False,False
four_coarse_block2_seed1_k20,block2,14,28,cup (28),77.0,False,False
four_coarse_block2_seed1_k20,block2,14,29,dinosaur (29),66.0,False,False
four_coarse_block2_seed1_k20,block2,14,30,dolphin (30),70.0,False,False
four_coarse_block2_seed1_k20,block2,14,31,大象 / elephant (31),0.0,True,True
four_coarse_block2_seed1_k20,block2,14,32,flatfish (32),61.0,False,False
four_coarse_block2_seed1_k20,block2,14,33,森林 / forest (33),0.0,True,True
four_coarse_block2_seed1_k20,block2,14,34,fox (34),78.0,False,False
four_coarse_block2_seed1_k20,block2,14,35,girl (35),46.0,False,False
four_coarse_block2_seed1_k20,block2,14,36,hamster (36),81.0,False,False
four_coarse_block2_seed1_k20,block2,14,37,房子 / house (37),75.0,True,False
four_coarse_block2_seed1_k20,block2,14,38,袋鼠 / kangaroo (38),62.0,True,False
four_coarse_block2_seed1_k20,block2,14,39,keyboard (39),81.0,False,False
four_coarse_block2_seed1_k20,block2,14,40,lamp (40),64.0,False,False
four_coarse_block2_seed1_k20,block2,14,41,lawn_mower (41),87.0,False,False
four_coarse_block2_seed1_k20,block2,14,42,leopard (42),75.0,False,False
four_coarse_block2_seed1_k20,block2,14,43,lion (43),86.0,False,False
four_coarse_block2_seed1_k20,block2,14,44,lizard (44),46.0,False,False
four_coarse_block2_seed1_k20,block2,14,45,lobster (45),66.0,False,False
four_coarse_block2_seed1_k20,block2,14,46,man (46),50.0,False,False
four_coarse_block2_seed1_k20,block2,14,47,maple_tree (47),63.0,False,False
four_coarse_block2_seed1_k20,block2,14,48,摩托車 / motorcycle (48),0.0,True,True
four_coarse_block2_seed1_k20,block2,14,49,山 / mountain (49),0.0,True,True
four_coarse_block2_seed1_k20,block2,14,50,mouse (50),54.0,False,False
four_coarse_block2_seed1_k20,block2,14,51,mushroom (51),70.0,False,False
four_coarse_block2_seed1_k20,block2,14,52,oak_tree (52),68.0,False,False
four_coarse_block2_seed1_k20,block2,14,53,orange (53),90.0,False,False
four_coarse_block2_seed1_k20,block2,14,54,orchid (54),82.0,False,False
four_coarse_block2_seed1_k20,block2,14,55,otter (55),44.0,False,False
four_coarse_block2_seed1_k20,block2,14,56,palm_tree (56),86.0,False,False
four_coarse_block2_seed1_k20,block2,14,57,pear (57),78.0,False,False
four_coarse_block2_seed1_k20,block2,14,58,皮卡車 / pickup_truck (58),0.0,True,True
four_coarse_block2_seed1_k20,block2,14,59,pine_tree (59),69.0,False,False
four_coarse_block2_seed1_k20,block2,14,60,平原 / plain (60),0.0,True,True
four_coarse_block2_seed1_k20,block2,14,61,plate (61),65.0,False,False
four_coarse_block2_seed1_k20,block2,14,62,poppy (62),82.0,False,False
four_coarse_block2_seed1_k20,block2,14,63,porcupine (63),73.0,False,False
four_coarse_block2_seed1_k20,block2,14,64,possum (64),51.0,False,False
four_coarse_block2_seed1_k20,block2,14,65,rabbit (65),57.0,False,False
four_coarse_block2_seed1_k20,block2,14,66,raccoon (66),80.0,False,False
four_coarse_block2_seed1_k20,block2,14,67,ray (67),56.0,False,False
four_coarse_block2_seed1_k20,block2,14,68,道路 / road (68),96.0,True,False
four_coarse_block2_seed1_k20,block2,14,69,rocket (69),81.0,False,False
four_coarse_block2_seed1_k20,block2,14,70,rose (70),69.0,False,False
four_coarse_block2_seed1_k20,block2,14,71,海 / sea (71),93.0,True,False
four_coarse_block2_seed1_k20,block2,14,72,seal (72),43.0,False,False
four_coarse_block2_seed1_k20,block2,14,73,shark (73),55.0,False,False
four_coarse_block2_seed1_k20,block2,14,74,shrew (74),47.0,False,False
four_coarse_block2_seed1_k20,block2,14,75,skunk (75),89.0,False,False
four_coarse_block2_seed1_k20,block2,14,76,摩天大樓 / skyscraper (76),92.0,True,False
four_coarse_block2_seed1_k20,block2,14,77,snail (77),63.0,False,False
four_coarse_block2_seed1_k20,block2,14,78,snake (78),66.0,False,False
four_coarse_block2_seed1_k20,block2,14,79,spider (79),71.0,False,False
four_coarse_block2_seed1_k20,block2,14,80,squirrel (80),60.0,False,False
four_coarse_block2_seed1_k20,block2,14,81,streetcar (81),80.0,False,False
four_coarse_block2_seed1_k20,block2,14,82,sunflower (82),92.0,False,False
four_coarse_block2_seed1_k20,block2,14,83,sweet_pepper (83),67.0,False,False
four_coarse_block2_seed1_k20,block2,14,84,table (84),71.0,False,False
four_coarse_block2_seed1_k20,block2,14,85,tank (85),81.0,False,False
four_coarse_block2_seed1_k20,block2,14,86,telephone (86),67.0,False,False
four_coarse_block2_seed1_k20,block2,14,87,television (87),80.0,False,False
four_coarse_block2_seed1_k20,block2,14,88,tiger (88),78.0,False,False
four_coarse_block2_seed1_k20,block2,14,89,tractor (89),90.0,False,False
four_coarse_block2_seed1_k20,block2,14,90,火車 / train (90),87.0,True,False
four_coarse_block2_seed1_k20,block2,14,91,trout (91),79.0,False,False
four_coarse_block2_seed1_k20,block2,14,92,tulip (92),60.0,False,False
four_coarse_block2_seed1_k20,block2,14,93,turtle (93),55.0,False,False
four_coarse_block2_seed1_k20,block2,14,94,wardrobe (94),92.0,False,False
four_coarse_block2_seed1_k20,block2,14,95,whale (95),74.0,False,False
four_coarse_block2_seed1_k20,block2,14,96,willow_tree (96),69.0,False,False
four_coarse_block2_seed1_k20,block2,14,97,wolf (97),77.0,False,False
four_coarse_block2_seed1_k20,block2,14,98,woman (98),51.0,False,False
four_coarse_block2_seed1_k20,block2,14,99,worm (99),72.0,False,False
four_coarse_block2_seed1_k20,block2,15,0,apple (0),89.0,False,False
four_coarse_block2_seed1_k20,block2,15,1,aquarium_fish (1),80.0,False,False
four_coarse_block2_seed1_k20,block2,15,2,baby (2),61.0,False,False
four_coarse_block2_seed1_k20,block2,15,3,bear (3),63.0,False,False
four_coarse_block2_seed1_k20,block2,15,4,beaver (4),62.0,False,False
four_coarse_block2_seed1_k20,block2,15,5,bed (5),73.0,False,False
four_coarse_block2_seed1_k20,block2,15,6,bee (6),81.0,False,False
four_coarse_block2_seed1_k20,block2,15,7,beetle (7),74.0,False,False
four_coarse_block2_seed1_k20,block2,15,8,腳踏車 / bicycle (8),33.0,True,True
four_coarse_block2_seed1_k20,block2,15,9,bottle (9),80.0,False,False
four_coarse_block2_seed1_k20,block2,15,10,bowl (10),47.0,False,False
four_coarse_block2_seed1_k20,block2,15,11,boy (11),47.0,False,False
four_coarse_block2_seed1_k20,block2,15,12,橋 / bridge (12),0.0,True,True
four_coarse_block2_seed1_k20,block2,15,13,公車 / bus (13),0.0,True,True
four_coarse_block2_seed1_k20,block2,15,14,butterfly (14),59.0,False,False
four_coarse_block2_seed1_k20,block2,15,15,駱駝 / camel (15),1.0,True,True
four_coarse_block2_seed1_k20,block2,15,16,can (16),78.0,False,False
four_coarse_block2_seed1_k20,block2,15,17,城堡 / castle (17),0.0,True,True
four_coarse_block2_seed1_k20,block2,15,18,caterpillar (18),65.0,False,False
four_coarse_block2_seed1_k20,block2,15,19,牛 / cattle (19),0.0,True,True
four_coarse_block2_seed1_k20,block2,15,20,chair (20),87.0,False,False
four_coarse_block2_seed1_k20,block2,15,21,黑猩猩 / chimpanzee (21),0.0,True,True
four_coarse_block2_seed1_k20,block2,15,22,clock (22),69.0,False,False
four_coarse_block2_seed1_k20,block2,15,23,雲 / cloud (23),0.0,True,True
four_coarse_block2_seed1_k20,block2,15,24,cockroach (24),79.0,False,False
four_coarse_block2_seed1_k20,block2,15,25,couch (25),60.0,False,False
four_coarse_block2_seed1_k20,block2,15,26,crab (26),60.0,False,False
four_coarse_block2_seed1_k20,block2,15,27,crocodile (27),52.0,False,False
four_coarse_block2_seed1_k20,block2,15,28,cup (28),75.0,False,False
four_coarse_block2_seed1_k20,block2,15,29,dinosaur (29),66.0,False,False
four_coarse_block2_seed1_k20,block2,15,30,dolphin (30),69.0,False,False
four_coarse_block2_seed1_k20,block2,15,31,大象 / elephant (31),0.0,True,True
four_coarse_block2_seed1_k20,block2,15,32,flatfish (32),61.0,False,False
four_coarse_block2_seed1_k20,block2,15,33,森林 / forest (33),0.0,True,True
four_coarse_block2_seed1_k20,block2,15,34,fox (34),73.0,False,False
four_coarse_block2_seed1_k20,block2,15,35,girl (35),46.0,False,False
four_coarse_block2_seed1_k20,block2,15,36,hamster (36),83.0,False,False
four_coarse_block2_seed1_k20,block2,15,37,房子 / house (37),0.0,True,True
four_coarse_block2_seed1_k20,block2,15,38,袋鼠 / kangaroo (38),63.0,True,False
four_coarse_block2_seed1_k20,block2,15,39,keyboard (39),82.0,False,False
four_coarse_block2_seed1_k20,block2,15,40,lamp (40),67.0,False,False
four_coarse_block2_seed1_k20,block2,15,41,lawn_mower (41),88.0,False,False
four_coarse_block2_seed1_k20,block2,15,42,leopard (42),74.0,False,False
four_coarse_block2_seed1_k20,block2,15,43,lion (43),87.0,False,False
four_coarse_block2_seed1_k20,block2,15,44,lizard (44),46.0,False,False
four_coarse_block2_seed1_k20,block2,15,45,lobster (45),65.0,False,False
four_coarse_block2_seed1_k20,block2,15,46,man (46),53.0,False,False
four_coarse_block2_seed1_k20,block2,15,47,maple_tree (47),62.0,False,False
four_coarse_block2_seed1_k20,block2,15,48,摩托車 / motorcycle (48),0.0,True,True
four_coarse_block2_seed1_k20,block2,15,49,山 / mountain (49),0.0,True,True
four_coarse_block2_seed1_k20,block2,15,50,mouse (50),52.0,False,False
four_coarse_block2_seed1_k20,block2,15,51,mushroom (51),71.0,False,False
four_coarse_block2_seed1_k20,block2,15,52,oak_tree (52),69.0,False,False
four_coarse_block2_seed1_k20,block2,15,53,orange (53),89.0,False,False
four_coarse_block2_seed1_k20,block2,15,54,orchid (54),82.0,False,False
four_coarse_block2_seed1_k20,block2,15,55,otter (55),40.0,False,False
four_coarse_block2_seed1_k20,block2,15,56,palm_tree (56),86.0,False,False
four_coarse_block2_seed1_k20,block2,15,57,pear (57),78.0,False,False
four_coarse_block2_seed1_k20,block2,15,58,皮卡車 / pickup_truck (58),0.0,True,True
four_coarse_block2_seed1_k20,block2,15,59,pine_tree (59),72.0,False,False
four_coarse_block2_seed1_k20,block2,15,60,平原 / plain (60),0.0,True,True
four_coarse_block2_seed1_k20,block2,15,61,plate (61),65.0,False,False
four_coarse_block2_seed1_k20,block2,15,62,poppy (62),81.0,False,False
four_coarse_block2_seed1_k20,block2,15,63,porcupine (63),70.0,False,False
four_coarse_block2_seed1_k20,block2,15,64,possum (64),53.0,False,False
four_coarse_block2_seed1_k20,block2,15,65,rabbit (65),56.0,False,False
four_coarse_block2_seed1_k20,block2,15,66,raccoon (66),81.0,False,False
four_coarse_block2_seed1_k20,block2,15,67,ray (67),55.0,False,False
four_coarse_block2_seed1_k20,block2,15,68,道路 / road (68),97.0,True,False
four_coarse_block2_seed1_k20,block2,15,69,rocket (69),81.0,False,False
four_coarse_block2_seed1_k20,block2,15,70,rose (70),71.0,False,False
four_coarse_block2_seed1_k20,block2,15,71,海 / sea (71),96.0,True,False
four_coarse_block2_seed1_k20,block2,15,72,seal (72),45.0,False,False
four_coarse_block2_seed1_k20,block2,15,73,shark (73),57.0,False,False
four_coarse_block2_seed1_k20,block2,15,74,shrew (74),48.0,False,False
four_coarse_block2_seed1_k20,block2,15,75,skunk (75),90.0,False,False
four_coarse_block2_seed1_k20,block2,15,76,摩天大樓 / skyscraper (76),88.0,True,False
four_coarse_block2_seed1_k20,block2,15,77,snail (77),66.0,False,False
four_coarse_block2_seed1_k20,block2,15,78,snake (78),65.0,False,False
four_coarse_block2_seed1_k20,block2,15,79,spider (79),70.0,False,False
four_coarse_block2_seed1_k20,block2,15,80,squirrel (80),56.0,False,False
four_coarse_block2_seed1_k20,block2,15,81,streetcar (81),88.0,False,False
four_coarse_block2_seed1_k20,block2,15,82,sunflower (82),89.0,False,False
four_coarse_block2_seed1_k20,block2,15,83,sweet_pepper (83),68.0,False,False
four_coarse_block2_seed1_k20,block2,15,84,table (84),68.0,False,False
four_coarse_block2_seed1_k20,block2,15,85,tank (85),78.0,False,False
four_coarse_block2_seed1_k20,block2,15,86,telephone (86),67.0,False,False
four_coarse_block2_seed1_k20,block2,15,87,television (87),80.0,False,False
four_coarse_block2_seed1_k20,block2,15,88,tiger (88),77.0,False,False
four_coarse_block2_seed1_k20,block2,15,89,tractor (89),89.0,False,False
four_coarse_block2_seed1_k20,block2,15,90,火車 / train (90),87.0,True,False
four_coarse_block2_seed1_k20,block2,15,91,trout (91),80.0,False,False
four_coarse_block2_seed1_k20,block2,15,92,tulip (92),59.0,False,False
four_coarse_block2_seed1_k20,block2,15,93,turtle (93),56.0,False,False
four_coarse_block2_seed1_k20,block2,15,94,wardrobe (94),92.0,False,False
four_coarse_block2_seed1_k20,block2,15,95,whale (95),73.0,False,False
four_coarse_block2_seed1_k20,block2,15,96,willow_tree (96),68.0,False,False
four_coarse_block2_seed1_k20,block2,15,97,wolf (97),77.0,False,False
four_coarse_block2_seed1_k20,block2,15,98,woman (98),50.0,False,False
four_coarse_block2_seed1_k20,block2,15,99,worm (99),71.0,False,False
four_coarse_block2_seed1_k20,block2,16,0,apple (0),90.0,False,False
four_coarse_block2_seed1_k20,block2,16,1,aquarium_fish (1),82.0,False,False
four_coarse_block2_seed1_k20,block2,16,2,baby (2),62.0,False,False
four_coarse_block2_seed1_k20,block2,16,3,bear (3),62.0,False,False
four_coarse_block2_seed1_k20,block2,16,4,beaver (4),62.0,False,False
four_coarse_block2_seed1_k20,block2,16,5,bed (5),76.0,False,False
four_coarse_block2_seed1_k20,block2,16,6,bee (6),80.0,False,False
four_coarse_block2_seed1_k20,block2,16,7,beetle (7),76.0,False,False
four_coarse_block2_seed1_k20,block2,16,8,腳踏車 / bicycle (8),31.0,True,True
four_coarse_block2_seed1_k20,block2,16,9,bottle (9),83.0,False,False
four_coarse_block2_seed1_k20,block2,16,10,bowl (10),46.0,False,False
four_coarse_block2_seed1_k20,block2,16,11,boy (11),45.0,False,False
four_coarse_block2_seed1_k20,block2,16,12,橋 / bridge (12),0.0,True,True
four_coarse_block2_seed1_k20,block2,16,13,公車 / bus (13),0.0,True,True
four_coarse_block2_seed1_k20,block2,16,14,butterfly (14),58.0,False,False
four_coarse_block2_seed1_k20,block2,16,15,駱駝 / camel (15),2.0,True,True
four_coarse_block2_seed1_k20,block2,16,16,can (16),78.0,False,False
four_coarse_block2_seed1_k20,block2,16,17,城堡 / castle (17),0.0,True,True
four_coarse_block2_seed1_k20,block2,16,18,caterpillar (18),70.0,False,False
four_coarse_block2_seed1_k20,block2,16,19,牛 / cattle (19),0.0,True,True
four_coarse_block2_seed1_k20,block2,16,20,chair (20),86.0,False,False
four_coarse_block2_seed1_k20,block2,16,21,黑猩猩 / chimpanzee (21),3.0,True,True
four_coarse_block2_seed1_k20,block2,16,22,clock (22),69.0,False,False
four_coarse_block2_seed1_k20,block2,16,23,雲 / cloud (23),0.0,True,True
four_coarse_block2_seed1_k20,block2,16,24,cockroach (24),79.0,False,False
four_coarse_block2_seed1_k20,block2,16,25,couch (25),56.0,False,False
four_coarse_block2_seed1_k20,block2,16,26,crab (26),62.0,False,False
four_coarse_block2_seed1_k20,block2,16,27,crocodile (27),54.0,False,False
four_coarse_block2_seed1_k20,block2,16,28,cup (28),75.0,False,False
four_coarse_block2_seed1_k20,block2,16,29,dinosaur (29),64.0,False,False
four_coarse_block2_seed1_k20,block2,16,30,dolphin (30),69.0,False,False
four_coarse_block2_seed1_k20,block2,16,31,大象 / elephant (31),0.0,True,True
four_coarse_block2_seed1_k20,block2,16,32,flatfish (32),61.0,False,False
four_coarse_block2_seed1_k20,block2,16,33,森林 / forest (33),0.0,True,True
four_coarse_block2_seed1_k20,block2,16,34,fox (34),74.0,False,False
four_coarse_block2_seed1_k20,block2,16,35,girl (35),48.0,False,False
four_coarse_block2_seed1_k20,block2,16,36,hamster (36),83.0,False,False
four_coarse_block2_seed1_k20,block2,16,37,房子 / house (37),0.0,True,True
four_coarse_block2_seed1_k20,block2,16,38,袋鼠 / kangaroo (38),63.0,True,False
four_coarse_block2_seed1_k20,block2,16,39,keyboard (39),84.0,False,False
four_coarse_block2_seed1_k20,block2,16,40,lamp (40),64.0,False,False
four_coarse_block2_seed1_k20,block2,16,41,lawn_mower (41),86.0,False,False
four_coarse_block2_seed1_k20,block2,16,42,leopard (42),73.0,False,False
four_coarse_block2_seed1_k20,block2,16,43,lion (43),85.0,False,False
four_coarse_block2_seed1_k20,block2,16,44,lizard (44),45.0,False,False
four_coarse_block2_seed1_k20,block2,16,45,lobster (45),65.0,False,False
four_coarse_block2_seed1_k20,block2,16,46,man (46),51.0,False,False
four_coarse_block2_seed1_k20,block2,16,47,maple_tree (47),64.0,False,False
four_coarse_block2_seed1_k20,block2,16,48,摩托車 / motorcycle (48),0.0,True,True
four_coarse_block2_seed1_k20,block2,16,49,山 / mountain (49),0.0,True,True
four_coarse_block2_seed1_k20,block2,16,50,mouse (50),54.0,False,False
four_coarse_block2_seed1_k20,block2,16,51,mushroom (51),72.0,False,False
four_coarse_block2_seed1_k20,block2,16,52,oak_tree (52),68.0,False,False
four_coarse_block2_seed1_k20,block2,16,53,orange (53),89.0,False,False
four_coarse_block2_seed1_k20,block2,16,54,orchid (54),80.0,False,False
four_coarse_block2_seed1_k20,block2,16,55,otter (55),39.0,False,False
four_coarse_block2_seed1_k20,block2,16,56,palm_tree (56),89.0,False,False
four_coarse_block2_seed1_k20,block2,16,57,pear (57),76.0,False,False
four_coarse_block2_seed1_k20,block2,16,58,皮卡車 / pickup_truck (58),0.0,True,True
four_coarse_block2_seed1_k20,block2,16,59,pine_tree (59),70.0,False,False
four_coarse_block2_seed1_k20,block2,16,60,平原 / plain (60),0.0,True,True
four_coarse_block2_seed1_k20,block2,16,61,plate (61),65.0,False,False
four_coarse_block2_seed1_k20,block2,16,62,poppy (62),81.0,False,False
four_coarse_block2_seed1_k20,block2,16,63,porcupine (63),74.0,False,False
four_coarse_block2_seed1_k20,block2,16,64,possum (64),53.0,False,False
four_coarse_block2_seed1_k20,block2,16,65,rabbit (65),58.0,False,False
four_coarse_block2_seed1_k20,block2,16,66,raccoon (66),82.0,False,False
four_coarse_block2_seed1_k20,block2,16,67,ray (67),57.0,False,False
four_coarse_block2_seed1_k20,block2,16,68,道路 / road (68),0.0,True,True
four_coarse_block2_seed1_k20,block2,16,69,rocket (69),83.0,False,False
four_coarse_block2_seed1_k20,block2,16,70,rose (70),74.0,False,False
four_coarse_block2_seed1_k20,block2,16,71,海 / sea (71),93.0,True,False
four_coarse_block2_seed1_k20,block2,16,72,seal (72),41.0,False,False
four_coarse_block2_seed1_k20,block2,16,73,shark (73),59.0,False,False
four_coarse_block2_seed1_k20,block2,16,74,shrew (74),51.0,False,False
four_coarse_block2_seed1_k20,block2,16,75,skunk (75),89.0,False,False
four_coarse_block2_seed1_k20,block2,16,76,摩天大樓 / skyscraper (76),92.0,True,False
four_coarse_block2_seed1_k20,block2,16,77,snail (77),67.0,False,False
four_coarse_block2_seed1_k20,block2,16,78,snake (78),63.0,False,False
four_coarse_block2_seed1_k20,block2,16,79,spider (79),73.0,False,False
four_coarse_block2_seed1_k20,block2,16,80,squirrel (80),59.0,False,False
four_coarse_block2_seed1_k20,block2,16,81,streetcar (81),85.0,False,False
four_coarse_block2_seed1_k20,block2,16,82,sunflower (82),90.0,False,False
four_coarse_block2_seed1_k20,block2,16,83,sweet_pepper (83),67.0,False,False
four_coarse_block2_seed1_k20,block2,16,84,table (84),71.0,False,False
four_coarse_block2_seed1_k20,block2,16,85,tank (85),80.0,False,False
four_coarse_block2_seed1_k20,block2,16,86,telephone (86),68.0,False,False
four_coarse_block2_seed1_k20,block2,16,87,television (87),80.0,False,False
four_coarse_block2_seed1_k20,block2,16,88,tiger (88),79.0,False,False
four_coarse_block2_seed1_k20,block2,16,89,tractor (89),89.0,False,False
four_coarse_block2_seed1_k20,block2,16,90,火車 / train (90),88.0,True,False
four_coarse_block2_seed1_k20,block2,16,91,trout (91),81.0,False,False
four_coarse_block2_seed1_k20,block2,16,92,tulip (92),61.0,False,False
four_coarse_block2_seed1_k20,block2,16,93,turtle (93),53.0,False,False
four_coarse_block2_seed1_k20,block2,16,94,wardrobe (94),92.0,False,False
four_coarse_block2_seed1_k20,block2,16,95,whale (95),72.0,False,False
four_coarse_block2_seed1_k20,block2,16,96,willow_tree (96),69.0,False,False
four_coarse_block2_seed1_k20,block2,16,97,wolf (97),79.0,False,False
four_coarse_block2_seed1_k20,block2,16,98,woman (98),47.0,False,False
four_coarse_block2_seed1_k20,block2,16,99,worm (99),70.0,False,False
four_coarse_block2_seed1_k20,block2,17,0,apple (0),90.0,False,False
four_coarse_block2_seed1_k20,block2,17,1,aquarium_fish (1),81.0,False,False
four_coarse_block2_seed1_k20,block2,17,2,baby (2),62.0,False,False
four_coarse_block2_seed1_k20,block2,17,3,bear (3),61.0,False,False
four_coarse_block2_seed1_k20,block2,17,4,beaver (4),60.0,False,False
four_coarse_block2_seed1_k20,block2,17,5,bed (5),74.0,False,False
four_coarse_block2_seed1_k20,block2,17,6,bee (6),79.0,False,False
four_coarse_block2_seed1_k20,block2,17,7,beetle (7),74.0,False,False
four_coarse_block2_seed1_k20,block2,17,8,腳踏車 / bicycle (8),33.0,True,True
four_coarse_block2_seed1_k20,block2,17,9,bottle (9),81.0,False,False
four_coarse_block2_seed1_k20,block2,17,10,bowl (10),47.0,False,False
four_coarse_block2_seed1_k20,block2,17,11,boy (11),48.0,False,False
four_coarse_block2_seed1_k20,block2,17,12,橋 / bridge (12),0.0,True,True
four_coarse_block2_seed1_k20,block2,17,13,公車 / bus (13),0.0,True,True
four_coarse_block2_seed1_k20,block2,17,14,butterfly (14),56.0,False,False
four_coarse_block2_seed1_k20,block2,17,15,駱駝 / camel (15),2.0,True,True
four_coarse_block2_seed1_k20,block2,17,16,can (16),76.0,False,False
four_coarse_block2_seed1_k20,block2,17,17,城堡 / castle (17),0.0,True,True
four_coarse_block2_seed1_k20,block2,17,18,caterpillar (18),70.0,False,False
four_coarse_block2_seed1_k20,block2,17,19,牛 / cattle (19),1.0,True,True
four_coarse_block2_seed1_k20,block2,17,20,chair (20),87.0,False,False
four_coarse_block2_seed1_k20,block2,17,21,黑猩猩 / chimpanzee (21),2.0,True,True
four_coarse_block2_seed1_k20,block2,17,22,clock (22),66.0,False,False
four_coarse_block2_seed1_k20,block2,17,23,雲 / cloud (23),1.0,True,True
four_coarse_block2_seed1_k20,block2,17,24,cockroach (24),82.0,False,False
four_coarse_block2_seed1_k20,block2,17,25,couch (25),55.0,False,False
four_coarse_block2_seed1_k20,block2,17,26,crab (26),61.0,False,False
four_coarse_block2_seed1_k20,block2,17,27,crocodile (27),52.0,False,False
four_coarse_block2_seed1_k20,block2,17,28,cup (28),76.0,False,False
four_coarse_block2_seed1_k20,block2,17,29,dinosaur (29),65.0,False,False
four_coarse_block2_seed1_k20,block2,17,30,dolphin (30),70.0,False,False
four_coarse_block2_seed1_k20,block2,17,31,大象 / elephant (31),0.0,True,True
four_coarse_block2_seed1_k20,block2,17,32,flatfish (32),65.0,False,False
four_coarse_block2_seed1_k20,block2,17,33,森林 / forest (33),0.0,True,True
four_coarse_block2_seed1_k20,block2,17,34,fox (34),74.0,False,False
four_coarse_block2_seed1_k20,block2,17,35,girl (35),48.0,False,False
four_coarse_block2_seed1_k20,block2,17,36,hamster (36),83.0,False,False
four_coarse_block2_seed1_k20,block2,17,37,房子 / house (37),0.0,True,True
four_coarse_block2_seed1_k20,block2,17,38,袋鼠 / kangaroo (38),62.0,True,False
four_coarse_block2_seed1_k20,block2,17,39,keyboard (39),83.0,False,False
four_coarse_block2_seed1_k20,block2,17,40,lamp (40),63.0,False,False
four_coarse_block2_seed1_k20,block2,17,41,lawn_mower (41),87.0,False,False
four_coarse_block2_seed1_k20,block2,17,42,leopard (42),76.0,False,False
four_coarse_block2_seed1_k20,block2,17,43,lion (43),87.0,False,False
four_coarse_block2_seed1_k20,block2,17,44,lizard (44),54.0,False,False
four_coarse_block2_seed1_k20,block2,17,45,lobster (45),65.0,False,False
four_coarse_block2_seed1_k20,block2,17,46,man (46),52.0,False,False
four_coarse_block2_seed1_k20,block2,17,47,maple_tree (47),67.0,False,False
four_coarse_block2_seed1_k20,block2,17,48,摩托車 / motorcycle (48),0.0,True,True
four_coarse_block2_seed1_k20,block2,17,49,山 / mountain (49),0.0,True,True
four_coarse_block2_seed1_k20,block2,17,50,mouse (50),56.0,False,False
four_coarse_block2_seed1_k20,block2,17,51,mushroom (51),72.0,False,False
four_coarse_block2_seed1_k20,block2,17,52,oak_tree (52),65.0,False,False
four_coarse_block2_seed1_k20,block2,17,53,orange (53),89.0,False,False
four_coarse_block2_seed1_k20,block2,17,54,orchid (54),82.0,False,False
four_coarse_block2_seed1_k20,block2,17,55,otter (55),42.0,False,False
four_coarse_block2_seed1_k20,block2,17,56,palm_tree (56),88.0,False,False
four_coarse_block2_seed1_k20,block2,17,57,pear (57),79.0,False,False
four_coarse_block2_seed1_k20,block2,17,58,皮卡車 / pickup_truck (58),0.0,True,True
four_coarse_block2_seed1_k20,block2,17,59,pine_tree (59),70.0,False,False
four_coarse_block2_seed1_k20,block2,17,60,平原 / plain (60),0.0,True,True
four_coarse_block2_seed1_k20,block2,17,61,plate (61),65.0,False,False
four_coarse_block2_seed1_k20,block2,17,62,poppy (62),80.0,False,False
four_coarse_block2_seed1_k20,block2,17,63,porcupine (63),70.0,False,False
four_coarse_block2_seed1_k20,block2,17,64,possum (64),52.0,False,False
four_coarse_block2_seed1_k20,block2,17,65,rabbit (65),58.0,False,False
four_coarse_block2_seed1_k20,block2,17,66,raccoon (66),81.0,False,False
four_coarse_block2_seed1_k20,block2,17,67,ray (67),54.0,False,False
four_coarse_block2_seed1_k20,block2,17,68,道路 / road (68),0.0,True,True
four_coarse_block2_seed1_k20,block2,17,69,rocket (69),82.0,False,False
four_coarse_block2_seed1_k20,block2,17,70,rose (70),70.0,False,False
four_coarse_block2_seed1_k20,block2,17,71,海 / sea (71),95.0,True,False
four_coarse_block2_seed1_k20,block2,17,72,seal (72),40.0,False,False
four_coarse_block2_seed1_k20,block2,17,73,shark (73),59.0,False,False
four_coarse_block2_seed1_k20,block2,17,74,shrew (74),49.0,False,False
four_coarse_block2_seed1_k20,block2,17,75,skunk (75),90.0,False,False
four_coarse_block2_seed1_k20,block2,17,76,摩天大樓 / skyscraper (76),90.0,True,False
four_coarse_block2_seed1_k20,block2,17,77,snail (77),64.0,False,False
four_coarse_block2_seed1_k20,block2,17,78,snake (78),65.0,False,False
four_coarse_block2_seed1_k20,block2,17,79,spider (79),70.0,False,False
four_coarse_block2_seed1_k20,block2,17,80,squirrel (80),54.0,False,False
four_coarse_block2_seed1_k20,block2,17,81,streetcar (81),87.0,False,False
four_coarse_block2_seed1_k20,block2,17,82,sunflower (82),91.0,False,False
four_coarse_block2_seed1_k20,block2,17,83,sweet_pepper (83),69.0,False,False
four_coarse_block2_seed1_k20,block2,17,84,table (84),70.0,False,False
four_coarse_block2_seed1_k20,block2,17,85,tank (85),79.0,False,False
four_coarse_block2_seed1_k20,block2,17,86,telephone (86),69.0,False,False
four_coarse_block2_seed1_k20,block2,17,87,television (87),80.0,False,False
four_coarse_block2_seed1_k20,block2,17,88,tiger (88),81.0,False,False
four_coarse_block2_seed1_k20,block2,17,89,tractor (89),87.0,False,False
four_coarse_block2_seed1_k20,block2,17,90,火車 / train (90),0.0,True,True
four_coarse_block2_seed1_k20,block2,17,91,trout (91),79.0,False,False
four_coarse_block2_seed1_k20,block2,17,92,tulip (92),59.0,False,False
four_coarse_block2_seed1_k20,block2,17,93,turtle (93),56.0,False,False
four_coarse_block2_seed1_k20,block2,17,94,wardrobe (94),92.0,False,False
four_coarse_block2_seed1_k20,block2,17,95,whale (95),72.0,False,False
four_coarse_block2_seed1_k20,block2,17,96,willow_tree (96),67.0,False,False
four_coarse_block2_seed1_k20,block2,17,97,wolf (97),79.0,False,False
four_coarse_block2_seed1_k20,block2,17,98,woman (98),49.0,False,False
four_coarse_block2_seed1_k20,block2,17,99,worm (99),74.0,False,False
four_coarse_block2_seed1_k20,block2,18,0,apple (0),90.0,False,False
four_coarse_block2_seed1_k20,block2,18,1,aquarium_fish (1),83.0,False,False
four_coarse_block2_seed1_k20,block2,18,2,baby (2),60.0,False,False
four_coarse_block2_seed1_k20,block2,18,3,bear (3),58.0,False,False
four_coarse_block2_seed1_k20,block2,18,4,beaver (4),61.0,False,False
four_coarse_block2_seed1_k20,block2,18,5,bed (5),74.0,False,False
four_coarse_block2_seed1_k20,block2,18,6,bee (6),79.0,False,False
four_coarse_block2_seed1_k20,block2,18,7,beetle (7),75.0,False,False
four_coarse_block2_seed1_k20,block2,18,8,腳踏車 / bicycle (8),30.0,True,True
four_coarse_block2_seed1_k20,block2,18,9,bottle (9),81.0,False,False
four_coarse_block2_seed1_k20,block2,18,10,bowl (10),45.0,False,False
four_coarse_block2_seed1_k20,block2,18,11,boy (11),49.0,False,False
four_coarse_block2_seed1_k20,block2,18,12,橋 / bridge (12),0.0,True,True
four_coarse_block2_seed1_k20,block2,18,13,公車 / bus (13),0.0,True,True
four_coarse_block2_seed1_k20,block2,18,14,butterfly (14),55.0,False,False
four_coarse_block2_seed1_k20,block2,18,15,駱駝 / camel (15),2.0,True,True
four_coarse_block2_seed1_k20,block2,18,16,can (16),75.0,False,False
four_coarse_block2_seed1_k20,block2,18,17,城堡 / castle (17),0.0,True,True
four_coarse_block2_seed1_k20,block2,18,18,caterpillar (18),66.0,False,False
four_coarse_block2_seed1_k20,block2,18,19,牛 / cattle (19),0.0,True,True
four_coarse_block2_seed1_k20,block2,18,20,chair (20),87.0,False,False
four_coarse_block2_seed1_k20,block2,18,21,黑猩猩 / chimpanzee (21),6.0,True,True
four_coarse_block2_seed1_k20,block2,18,22,clock (22),66.0,False,False
four_coarse_block2_seed1_k20,block2,18,23,雲 / cloud (23),0.0,True,True
four_coarse_block2_seed1_k20,block2,18,24,cockroach (24),78.0,False,False
four_coarse_block2_seed1_k20,block2,18,25,couch (25),53.0,False,False
four_coarse_block2_seed1_k20,block2,18,26,crab (26),61.0,False,False
four_coarse_block2_seed1_k20,block2,18,27,crocodile (27),52.0,False,False
four_coarse_block2_seed1_k20,block2,18,28,cup (28),75.0,False,False
four_coarse_block2_seed1_k20,block2,18,29,dinosaur (29),67.0,False,False
four_coarse_block2_seed1_k20,block2,18,30,dolphin (30),71.0,False,False
four_coarse_block2_seed1_k20,block2,18,31,大象 / elephant (31),0.0,True,True
four_coarse_block2_seed1_k20,block2,18,32,flatfish (32),64.0,False,False
four_coarse_block2_seed1_k20,block2,18,33,森林 / forest (33),1.0,True,True
four_coarse_block2_seed1_k20,block2,18,34,fox (34),74.0,False,False
four_coarse_block2_seed1_k20,block2,18,35,girl (35),46.0,False,False
four_coarse_block2_seed1_k20,block2,18,36,hamster (36),82.0,False,False
four_coarse_block2_seed1_k20,block2,18,37,房子 / house (37),0.0,True,True
four_coarse_block2_seed1_k20,block2,18,38,袋鼠 / kangaroo (38),64.0,True,False
four_coarse_block2_seed1_k20,block2,18,39,keyboard (39),85.0,False,False
four_coarse_block2_seed1_k20,block2,18,40,lamp (40),63.0,False,False
four_coarse_block2_seed1_k20,block2,18,41,lawn_mower (41),85.0,False,False
four_coarse_block2_seed1_k20,block2,18,42,leopard (42),76.0,False,False
four_coarse_block2_seed1_k20,block2,18,43,lion (43),86.0,False,False
four_coarse_block2_seed1_k20,block2,18,44,lizard (44),51.0,False,False
four_coarse_block2_seed1_k20,block2,18,45,lobster (45),64.0,False,False
four_coarse_block2_seed1_k20,block2,18,46,man (46),53.0,False,False
four_coarse_block2_seed1_k20,block2,18,47,maple_tree (47),63.0,False,False
four_coarse_block2_seed1_k20,block2,18,48,摩托車 / motorcycle (48),1.0,True,True
four_coarse_block2_seed1_k20,block2,18,49,山 / mountain (49),0.0,True,True
four_coarse_block2_seed1_k20,block2,18,50,mouse (50),51.0,False,False
four_coarse_block2_seed1_k20,block2,18,51,mushroom (51),73.0,False,False
four_coarse_block2_seed1_k20,block2,18,52,oak_tree (52),67.0,False,False
four_coarse_block2_seed1_k20,block2,18,53,orange (53),89.0,False,False
four_coarse_block2_seed1_k20,block2,18,54,orchid (54),80.0,False,False
four_coarse_block2_seed1_k20,block2,18,55,otter (55),43.0,False,False
four_coarse_block2_seed1_k20,block2,18,56,palm_tree (56),90.0,False,False
four_coarse_block2_seed1_k20,block2,18,57,pear (57),78.0,False,False
four_coarse_block2_seed1_k20,block2,18,58,皮卡車 / pickup_truck (58),0.0,True,True
four_coarse_block2_seed1_k20,block2,18,59,pine_tree (59),70.0,False,False
four_coarse_block2_seed1_k20,block2,18,60,平原 / plain (60),0.0,True,True
four_coarse_block2_seed1_k20,block2,18,61,plate (61),67.0,False,False
four_coarse_block2_seed1_k20,block2,18,62,poppy (62),80.0,False,False
four_coarse_block2_seed1_k20,block2,18,63,porcupine (63),73.0,False,False
four_coarse_block2_seed1_k20,block2,18,64,possum (64),53.0,False,False
four_coarse_block2_seed1_k20,block2,18,65,rabbit (65),58.0,False,False
four_coarse_block2_seed1_k20,block2,18,66,raccoon (66),82.0,False,False
four_coarse_block2_seed1_k20,block2,18,67,ray (67),56.0,False,False
four_coarse_block2_seed1_k20,block2,18,68,道路 / road (68),0.0,True,True
four_coarse_block2_seed1_k20,block2,18,69,rocket (69),82.0,False,False
four_coarse_block2_seed1_k20,block2,18,70,rose (70),74.0,False,False
four_coarse_block2_seed1_k20,block2,18,71,海 / sea (71),0.0,True,True
four_coarse_block2_seed1_k20,block2,18,72,seal (72),39.0,False,False
four_coarse_block2_seed1_k20,block2,18,73,shark (73),57.0,False,False
four_coarse_block2_seed1_k20,block2,18,74,shrew (74),48.0,False,False
four_coarse_block2_seed1_k20,block2,18,75,skunk (75),89.0,False,False
four_coarse_block2_seed1_k20,block2,18,76,摩天大樓 / skyscraper (76),91.0,True,False
four_coarse_block2_seed1_k20,block2,18,77,snail (77),65.0,False,False
four_coarse_block2_seed1_k20,block2,18,78,snake (78),64.0,False,False
four_coarse_block2_seed1_k20,block2,18,79,spider (79),73.0,False,False
four_coarse_block2_seed1_k20,block2,18,80,squirrel (80),55.0,False,False
four_coarse_block2_seed1_k20,block2,18,81,streetcar (81),91.0,False,False
four_coarse_block2_seed1_k20,block2,18,82,sunflower (82),92.0,False,False
four_coarse_block2_seed1_k20,block2,18,83,sweet_pepper (83),69.0,False,False
four_coarse_block2_seed1_k20,block2,18,84,table (84),71.0,False,False
four_coarse_block2_seed1_k20,block2,18,85,tank (85),84.0,False,False
four_coarse_block2_seed1_k20,block2,18,86,telephone (86),67.0,False,False
four_coarse_block2_seed1_k20,block2,18,87,television (87),78.0,False,False
four_coarse_block2_seed1_k20,block2,18,88,tiger (88),82.0,False,False
four_coarse_block2_seed1_k20,block2,18,89,tractor (89),88.0,False,False
four_coarse_block2_seed1_k20,block2,18,90,火車 / train (90),0.0,True,True
four_coarse_block2_seed1_k20,block2,18,91,trout (91),76.0,False,False
four_coarse_block2_seed1_k20,block2,18,92,tulip (92),60.0,False,False
four_coarse_block2_seed1_k20,block2,18,93,turtle (93),53.0,False,False
four_coarse_block2_seed1_k20,block2,18,94,wardrobe (94),92.0,False,False
four_coarse_block2_seed1_k20,block2,18,95,whale (95),74.0,False,False
four_coarse_block2_seed1_k20,block2,18,96,willow_tree (96),70.0,False,False
four_coarse_block2_seed1_k20,block2,18,97,wolf (97),78.0,False,False
four_coarse_block2_seed1_k20,block2,18,98,woman (98),47.0,False,False
four_coarse_block2_seed1_k20,block2,18,99,worm (99),71.0,False,False
four_coarse_block2_seed1_k20,block2,19,0,apple (0),89.0,False,False
four_coarse_block2_seed1_k20,block2,19,1,aquarium_fish (1),79.0,False,False
four_coarse_block2_seed1_k20,block2,19,2,baby (2),58.0,False,False
four_coarse_block2_seed1_k20,block2,19,3,bear (3),56.0,False,False
four_coarse_block2_seed1_k20,block2,19,4,beaver (4),46.0,False,False
four_coarse_block2_seed1_k20,block2,19,5,bed (5),63.0,False,False
four_coarse_block2_seed1_k20,block2,19,6,bee (6),77.0,False,False
four_coarse_block2_seed1_k20,block2,19,7,beetle (7),69.0,False,False
four_coarse_block2_seed1_k20,block2,19,8,腳踏車 / bicycle (8),21.0,True,True
four_coarse_block2_seed1_k20,block2,19,9,bottle (9),76.0,False,False
four_coarse_block2_seed1_k20,block2,19,10,bowl (10),45.0,False,False
four_coarse_block2_seed1_k20,block2,19,11,boy (11),44.0,False,False
four_coarse_block2_seed1_k20,block2,19,12,橋 / bridge (12),0.0,True,True
four_coarse_block2_seed1_k20,block2,19,13,公車 / bus (13),0.0,True,True
four_coarse_block2_seed1_k20,block2,19,14,butterfly (14),59.0,False,False
four_coarse_block2_seed1_k20,block2,19,15,駱駝 / camel (15),3.0,True,True
four_coarse_block2_seed1_k20,block2,19,16,can (16),69.0,False,False
four_coarse_block2_seed1_k20,block2,19,17,城堡 / castle (17),2.0,True,True
four_coarse_block2_seed1_k20,block2,19,18,caterpillar (18),61.0,False,False
four_coarse_block2_seed1_k20,block2,19,19,牛 / cattle (19),0.0,True,True
four_coarse_block2_seed1_k20,block2,19,20,chair (20),84.0,False,False
four_coarse_block2_seed1_k20,block2,19,21,黑猩猩 / chimpanzee (21),8.0,True,True
four_coarse_block2_seed1_k20,block2,19,22,clock (22),58.0,False,False
four_coarse_block2_seed1_k20,block2,19,23,雲 / cloud (23),0.0,True,True
four_coarse_block2_seed1_k20,block2,19,24,cockroach (24),77.0,False,False
four_coarse_block2_seed1_k20,block2,19,25,couch (25),57.0,False,False
four_coarse_block2_seed1_k20,block2,19,26,crab (26),64.0,False,False
four_coarse_block2_seed1_k20,block2,19,27,crocodile (27),51.0,False,False
four_coarse_block2_seed1_k20,block2,19,28,cup (28),71.0,False,False
four_coarse_block2_seed1_k20,block2,19,29,dinosaur (29),72.0,False,False
four_coarse_block2_seed1_k20,block2,19,30,dolphin (30),68.0,False,False
four_coarse_block2_seed1_k20,block2,19,31,大象 / elephant (31),1.0,True,True
four_coarse_block2_seed1_k20,block2,19,32,flatfish (32),59.0,False,False
four_coarse_block2_seed1_k20,block2,19,33,森林 / forest (33),1.0,True,True
four_coarse_block2_seed1_k20,block2,19,34,fox (34),76.0,False,False
four_coarse_block2_seed1_k20,block2,19,35,girl (35),47.0,False,False
four_coarse_block2_seed1_k20,block2,19,36,hamster (36),73.0,False,False
four_coarse_block2_seed1_k20,block2,19,37,房子 / house (37),0.0,True,True
four_coarse_block2_seed1_k20,block2,19,38,袋鼠 / kangaroo (38),0.0,True,True
four_coarse_block2_seed1_k20,block2,19,39,keyboard (39),86.0,False,False
four_coarse_block2_seed1_k20,block2,19,40,lamp (40),60.0,False,False
four_coarse_block2_seed1_k20,block2,19,41,lawn_mower (41),84.0,False,False
four_coarse_block2_seed1_k20,block2,19,42,leopard (42),65.0,False,False
four_coarse_block2_seed1_k20,block2,19,43,lion (43),76.0,False,False
four_coarse_block2_seed1_k20,block2,19,44,lizard (44),46.0,False,False
four_coarse_block2_seed1_k20,block2,19,45,lobster (45),62.0,False,False
four_coarse_block2_seed1_k20,block2,19,46,man (46),54.0,False,False
four_coarse_block2_seed1_k20,block2,19,47,maple_tree (47),59.0,False,False
four_coarse_block2_seed1_k20,block2,19,48,摩托車 / motorcycle (48),1.0,True,True
four_coarse_block2_seed1_k20,block2,19,49,山 / mountain (49),1.0,True,True
four_coarse_block2_seed1_k20,block2,19,50,mouse (50),53.0,False,False
four_coarse_block2_seed1_k20,block2,19,51,mushroom (51),69.0,False,False
four_coarse_block2_seed1_k20,block2,19,52,oak_tree (52),59.0,False,False
four_coarse_block2_seed1_k20,block2,19,53,orange (53),89.0,False,False
four_coarse_block2_seed1_k20,block2,19,54,orchid (54),82.0,False,False
four_coarse_block2_seed1_k20,block2,19,55,otter (55),41.0,False,False
four_coarse_block2_seed1_k20,block2,19,56,palm_tree (56),91.0,False,False
four_coarse_block2_seed1_k20,block2,19,57,pear (57),70.0,False,False
four_coarse_block2_seed1_k20,block2,19,58,皮卡車 / pickup_truck (58),0.0,True,True
four_coarse_block2_seed1_k20,block2,19,59,pine_tree (59),73.0,False,False
four_coarse_block2_seed1_k20,block2,19,60,平原 / plain (60),2.0,True,True
four_coarse_block2_seed1_k20,block2,19,61,plate (61),73.0,False,False
four_coarse_block2_seed1_k20,block2,19,62,poppy (62),79.0,False,False
four_coarse_block2_seed1_k20,block2,19,63,porcupine (63),66.0,False,False
four_coarse_block2_seed1_k20,block2,19,64,possum (64),54.0,False,False
four_coarse_block2_seed1_k20,block2,19,65,rabbit (65),58.0,False,False
four_coarse_block2_seed1_k20,block2,19,66,raccoon (66),80.0,False,False
four_coarse_block2_seed1_k20,block2,19,67,ray (67),54.0,False,False
four_coarse_block2_seed1_k20,block2,19,68,道路 / road (68),0.0,True,True
four_coarse_block2_seed1_k20,block2,19,69,rocket (69),81.0,False,False
four_coarse_block2_seed1_k20,block2,19,70,rose (70),62.0,False,False
four_coarse_block2_seed1_k20,block2,19,71,海 / sea (71),0.0,True,True
four_coarse_block2_seed1_k20,block2,19,72,seal (72),31.0,False,False
four_coarse_block2_seed1_k20,block2,19,73,shark (73),64.0,False,False
four_coarse_block2_seed1_k20,block2,19,74,shrew (74),51.0,False,False
four_coarse_block2_seed1_k20,block2,19,75,skunk (75),84.0,False,False
four_coarse_block2_seed1_k20,block2,19,76,摩天大樓 / skyscraper (76),94.0,True,False
four_coarse_block2_seed1_k20,block2,19,77,snail (77),66.0,False,False
four_coarse_block2_seed1_k20,block2,19,78,snake (78),68.0,False,False
four_coarse_block2_seed1_k20,block2,19,79,spider (79),79.0,False,False
four_coarse_block2_seed1_k20,block2,19,80,squirrel (80),60.0,False,False
four_coarse_block2_seed1_k20,block2,19,81,streetcar (81),83.0,False,False
four_coarse_block2_seed1_k20,block2,19,82,sunflower (82),88.0,False,False
four_coarse_block2_seed1_k20,block2,19,83,sweet_pepper (83),59.0,False,False
four_coarse_block2_seed1_k20,block2,19,84,table (84),66.0,False,False
four_coarse_block2_seed1_k20,block2,19,85,tank (85),81.0,False,False
four_coarse_block2_seed1_k20,block2,19,86,telephone (86),66.0,False,False
four_coarse_block2_seed1_k20,block2,19,87,television (87),82.0,False,False
four_coarse_block2_seed1_k20,block2,19,88,tiger (88),77.0,False,False
four_coarse_block2_seed1_k20,block2,19,89,tractor (89),87.0,False,False
four_coarse_block2_seed1_k20,block2,19,90,火車 / train (90),0.0,True,True
four_coarse_block2_seed1_k20,block2,19,91,trout (91),73.0,False,False
four_coarse_block2_seed1_k20,block2,19,92,tulip (92),62.0,False,False
four_coarse_block2_seed1_k20,block2,19,93,turtle (93),50.0,False,False
four_coarse_block2_seed1_k20,block2,19,94,wardrobe (94),89.0,False,False
four_coarse_block2_seed1_k20,block2,19,95,whale (95),67.0,False,False
four_coarse_block2_seed1_k20,block2,19,96,willow_tree (96),60.0,False,False
four_coarse_block2_seed1_k20,block2,19,97,wolf (97),79.0,False,False
four_coarse_block2_seed1_k20,block2,19,98,woman (98),48.0,False,False
four_coarse_block2_seed1_k20,block2,19,99,worm (99),72.0,False,False
four_coarse_block2_seed1_k20,block2,20,0,apple (0),89.0,False,False
four_coarse_block2_seed1_k20,block2,20,1,aquarium_fish (1),86.0,False,False
four_coarse_block2_seed1_k20,block2,20,2,baby (2),58.0,False,False
four_coarse_block2_seed1_k20,block2,20,3,bear (3),59.0,False,False
four_coarse_block2_seed1_k20,block2,20,4,beaver (4),65.0,False,False
four_coarse_block2_seed1_k20,block2,20,5,bed (5),77.0,False,False
four_coarse_block2_seed1_k20,block2,20,6,bee (6),80.0,False,False
four_coarse_block2_seed1_k20,block2,20,7,beetle (7),76.0,False,False
four_coarse_block2_seed1_k20,block2,20,8,腳踏車 / bicycle (8),20.0,True,True
four_coarse_block2_seed1_k20,block2,20,9,bottle (9),82.0,False,False
four_coarse_block2_seed1_k20,block2,20,10,bowl (10),47.0,False,False
four_coarse_block2_seed1_k20,block2,20,11,boy (11),50.0,False,False
four_coarse_block2_seed1_k20,block2,20,12,橋 / bridge (12),0.0,True,True
four_coarse_block2_seed1_k20,block2,20,13,公車 / bus (13),0.0,True,True
four_coarse_block2_seed1_k20,block2,20,14,butterfly (14),59.0,False,False
four_coarse_block2_seed1_k20,block2,20,15,駱駝 / camel (15),1.0,True,True
four_coarse_block2_seed1_k20,block2,20,16,can (16),76.0,False,False
four_coarse_block2_seed1_k20,block2,20,17,城堡 / castle (17),0.0,True,True
four_coarse_block2_seed1_k20,block2,20,18,caterpillar (18),66.0,False,False
four_coarse_block2_seed1_k20,block2,20,19,牛 / cattle (19),3.0,True,True
four_coarse_block2_seed1_k20,block2,20,20,chair (20),86.0,False,False
four_coarse_block2_seed1_k20,block2,20,21,黑猩猩 / chimpanzee (21),12.0,True,True
four_coarse_block2_seed1_k20,block2,20,22,clock (22),65.0,False,False
four_coarse_block2_seed1_k20,block2,20,23,雲 / cloud (23),1.0,True,True
four_coarse_block2_seed1_k20,block2,20,24,cockroach (24),81.0,False,False
four_coarse_block2_seed1_k20,block2,20,25,couch (25),55.0,False,False
four_coarse_block2_seed1_k20,block2,20,26,crab (26),62.0,False,False
four_coarse_block2_seed1_k20,block2,20,27,crocodile (27),57.0,False,False
four_coarse_block2_seed1_k20,block2,20,28,cup (28),74.0,False,False
four_coarse_block2_seed1_k20,block2,20,29,dinosaur (29),67.0,False,False
four_coarse_block2_seed1_k20,block2,20,30,dolphin (30),69.0,False,False
four_coarse_block2_seed1_k20,block2,20,31,大象 / elephant (31),0.0,True,True
four_coarse_block2_seed1_k20,block2,20,32,flatfish (32),63.0,False,False
four_coarse_block2_seed1_k20,block2,20,33,森林 / forest (33),0.0,True,True
four_coarse_block2_seed1_k20,block2,20,34,fox (34),78.0,False,False
four_coarse_block2_seed1_k20,block2,20,35,girl (35),46.0,False,False
four_coarse_block2_seed1_k20,block2,20,36,hamster (36),82.0,False,False
four_coarse_block2_seed1_k20,block2,20,37,房子 / house (37),0.0,True,True
four_coarse_block2_seed1_k20,block2,20,38,袋鼠 / kangaroo (38),0.0,True,True
four_coarse_block2_seed1_k20,block2,20,39,keyboard (39),85.0,False,False
four_coarse_block2_seed1_k20,block2,20,40,lamp (40),62.0,False,False
four_coarse_block2_seed1_k20,block2,20,41,lawn_mower (41),89.0,False,False
four_coarse_block2_seed1_k20,block2,20,42,leopard (42),73.0,False,False
four_coarse_block2_seed1_k20,block2,20,43,lion (43),85.0,False,False
four_coarse_block2_seed1_k20,block2,20,44,lizard (44),44.0,False,False
four_coarse_block2_seed1_k20,block2,20,45,lobster (45),69.0,False,False
four_coarse_block2_seed1_k20,block2,20,46,man (46),49.0,False,False
four_coarse_block2_seed1_k20,block2,20,47,maple_tree (47),65.0,False,False
four_coarse_block2_seed1_k20,block2,20,48,摩托車 / motorcycle (48),3.0,True,True
four_coarse_block2_seed1_k20,block2,20,49,山 / mountain (49),0.0,True,True
four_coarse_block2_seed1_k20,block2,20,50,mouse (50),55.0,False,False
four_coarse_block2_seed1_k20,block2,20,51,mushroom (51),70.0,False,False
four_coarse_block2_seed1_k20,block2,20,52,oak_tree (52),66.0,False,False
four_coarse_block2_seed1_k20,block2,20,53,orange (53),88.0,False,False
four_coarse_block2_seed1_k20,block2,20,54,orchid (54),80.0,False,False
four_coarse_block2_seed1_k20,block2,20,55,otter (55),42.0,False,False
four_coarse_block2_seed1_k20,block2,20,56,palm_tree (56),88.0,False,False
four_coarse_block2_seed1_k20,block2,20,57,pear (57),78.0,False,False
four_coarse_block2_seed1_k20,block2,20,58,皮卡車 / pickup_truck (58),1.0,True,True
four_coarse_block2_seed1_k20,block2,20,59,pine_tree (59),73.0,False,False
four_coarse_block2_seed1_k20,block2,20,60,平原 / plain (60),1.0,True,True
four_coarse_block2_seed1_k20,block2,20,61,plate (61),64.0,False,False
four_coarse_block2_seed1_k20,block2,20,62,poppy (62),80.0,False,False
four_coarse_block2_seed1_k20,block2,20,63,porcupine (63),71.0,False,False
four_coarse_block2_seed1_k20,block2,20,64,possum (64),54.0,False,False
four_coarse_block2_seed1_k20,block2,20,65,rabbit (65),57.0,False,False
four_coarse_block2_seed1_k20,block2,20,66,raccoon (66),83.0,False,False
four_coarse_block2_seed1_k20,block2,20,67,ray (67),55.0,False,False
four_coarse_block2_seed1_k20,block2,20,68,道路 / road (68),0.0,True,True
four_coarse_block2_seed1_k20,block2,20,69,rocket (69),82.0,False,False
four_coarse_block2_seed1_k20,block2,20,70,rose (70),73.0,False,False
four_coarse_block2_seed1_k20,block2,20,71,海 / sea (71),0.0,True,True
four_coarse_block2_seed1_k20,block2,20,72,seal (72),42.0,False,False
four_coarse_block2_seed1_k20,block2,20,73,shark (73),61.0,False,False
four_coarse_block2_seed1_k20,block2,20,74,shrew (74),48.0,False,False
four_coarse_block2_seed1_k20,block2,20,75,skunk (75),90.0,False,False
four_coarse_block2_seed1_k20,block2,20,76,摩天大樓 / skyscraper (76),0.0,True,True
four_coarse_block2_seed1_k20,block2,20,77,snail (77),66.0,False,False
four_coarse_block2_seed1_k20,block2,20,78,snake (78),63.0,False,False
four_coarse_block2_seed1_k20,block2,20,79,spider (79),74.0,False,False
four_coarse_block2_seed1_k20,block2,20,80,squirrel (80),58.0,False,False
four_coarse_block2_seed1_k20,block2,20,81,streetcar (81),91.0,False,False
four_coarse_block2_seed1_k20,block2,20,82,sunflower (82),92.0,False,False
four_coarse_block2_seed1_k20,block2,20,83,sweet_pepper (83),66.0,False,False
four_coarse_block2_seed1_k20,block2,20,84,table (84),68.0,False,False
four_coarse_block2_seed1_k20,block2,20,85,tank (85),81.0,False,False
four_coarse_block2_seed1_k20,block2,20,86,telephone (86),70.0,False,False
four_coarse_block2_seed1_k20,block2,20,87,television (87),79.0,False,False
four_coarse_block2_seed1_k20,block2,20,88,tiger (88),78.0,False,False
four_coarse_block2_seed1_k20,block2,20,89,tractor (89),88.0,False,False
four_coarse_block2_seed1_k20,block2,20,90,火車 / train (90),0.0,True,True
four_coarse_block2_seed1_k20,block2,20,91,trout (91),76.0,False,False
four_coarse_block2_seed1_k20,block2,20,92,tulip (92),59.0,False,False
four_coarse_block2_seed1_k20,block2,20,93,turtle (93),61.0,False,False
four_coarse_block2_seed1_k20,block2,20,94,wardrobe (94),92.0,False,False
four_coarse_block2_seed1_k20,block2,20,95,whale (95),76.0,False,False
four_coarse_block2_seed1_k20,block2,20,96,willow_tree (96),69.0,False,False
four_coarse_block2_seed1_k20,block2,20,97,wolf (97),79.0,False,False
four_coarse_block2_seed1_k20,block2,20,98,woman (98),50.0,False,False
four_coarse_block2_seed1_k20,block2,20,99,worm (99),71.0,False,False
